ID,Name,canonical_smiles
A-4,Benzo[cd]indol-2(1H)-one,O=C1Nc2cccc3cccc1c23
A-5,4-chlorobenzaldehyde,O=Cc1ccc(Cl)cc1
A-9,"4-({4-[bis(oxiran-2-ylmethyl)amino]phenyl}methyl)-N,N-bis(oxiran-2-ylmethyl)aniline",c1cc(N(CC2CO2)CC2CO2)ccc1Cc1ccc(N(CC2CO2)CC2CO2)cc1
A-10,vinyltoluene,C=Cc1cccc(C)c1
A-11,3-(3-ethylcyclopentyl)propanoic acid,CCC1CCC(CCC(=O)O)C1
A-12,"11,16,17,21-tetrahydroxypregna-1,4-diene-3,20-dione",CC12C=CC(=O)C=C1CCC1C2C(O)CC2(C)C1CC(O)C2(O)C(=O)CO
A-14,bis(4-fluorophenyl)methanone,O=C(c1ccc(F)cc1)c1ccc(F)cc1
A-15,1-[2-(benzoyloxy)propoxy]propan-2-yl benzoate 1-{[1-(benzoyloxy)propan-2-yl]oxy}propan-2-yl benzoate 2-{[1-(benzoyloxy)propan-2-yl]oxy}propyl benzoate,O=C(OCCCOCCCOC(=O)c1ccccc1)c1ccccc1
A-17,4-(dimethylamino)benzaldehyde,CN(C)c1ccc(C=O)cc1
A-18,2-methyl-1-phenylpropan-2-yl acetate,CC(=O)OC(C)(C)Cc1ccccc1
A-21,2-(4-tert-butylphenoxymethyl)oxirane,CC(C)(C)c1ccc(OCC2CO2)cc1
A-22,5-methoxy-1-[4-(trifluoromethyl)phenyl]pentan-1-one,COCCCCC(=O)c1ccc(C(F)(F)F)cc1
A-26,1-chloro-3-(trifluoromethyl)benzene,FC(F)(F)c1cccc(Cl)c1
A-27,"oxiran-2-ylmethyl 2,2-dimethyloctanoate",CCC(C)(CCC(C)C)C(=O)OCC1CO1
A-28,2-methylheptyl 3-sulfanylpropanoate,CC(C)CCCCCOC(=O)CCS
A-29,1-methyl-4-(propan-2-ylidene)cyclohex-1-ene,CC1=CCC(=C(C)C)CC1
A-32,3-[2-(ethylamino)-1-hydroxyethyl]phenol,CCNCC(O)c1cccc(O)c1
A-34,"2,4-dichloro-1-(chloromethyl)benzene",ClCc1ccc(Cl)cc1Cl
A-36,"(1S,5S)-6,6-dimethyl-2-methylidenebicyclo[3.1.1]heptane",C=C1CCC2CC1C2(C)C
A-39,dodecyl 2-hydroxypropanoate,CCCCCCCCCCCCOC(=O)C(C)O
A-47,2-phenoxyethyl prop-2-enoate,C=CC(=O)OCCOc1ccccc1
A-49,undec-10-enoic acid,C=CCCCCCCCCC(=O)O
A-51,2-benzyl-2-(dimethylamino)-1-[4-(morpholin-4-yl)phenyl]butan-1-one,CCC(Cc1ccccc1)(C(=O)c1ccc(N2CCOCC2)cc1)N(C)C
A-53,"4-(4,6-dimethylheptan-2-yl)phenol; 4-(5,6-dimethylheptan-2-yl)phenol; 4-(5,6-dimethylheptyl)phenol; 4-(7-methyloctyl)phenol",CC(C)CCCCCCc1ccc(O)cc1
A-54,"1,3-bis(prop-1-en-2-yl)benzene",C=C(C)c1cccc(C(=C)C)c1
A-56,"ethenyl 2,2-dimethyloctanoate",C=COC(=O)CCCCCC(C)(C)C
A-58,1-tert-butyl-4-methylbenzene,Cc1ccc(C(C)(C)C)cc1
A-61,cyclohexanecarboxylic acid,O=C(O)C1CCCCC1
A-63,"N,N'-bis(3-phenylprop-2-en-1-ylidene)hexane-1,6-diamine",C(/C=C/c1ccccc1)=NCCCCCCN=C/C=C/c1ccccc1
A-65,"2-(benzotriazol-2-yl)-6-[[3-(benzotriazol-2-yl)-2-hydroxy-5-(2,4,4-trimethylpentan-2-yl)phenyl]methyl]-4-(2,4,4-trimethylpentan-2-yl)phenol",CC(C)(C)CC(C)(C)c1cc(Cc2cc(C(C)(C)CC(C)(C)C)cc(-n3nc4ccccc4n3)c2O)c(O)c(-n2nc3ccccc3n2)c1
A-69,"2-(morpholin-4-ylsulfanyl)-1,3-benzothiazole",c1ccc2sc(SN3CCOCC3)nc2c1
A-73,S-ethyl dipropylthiocarbamate,CCCN(CCC)C(=O)SCC
A-74,2-[({4-[(oxiran-2-ylmethoxy)methyl]cyclohexyl}methoxy)methyl]oxirane,C1CC(COCC2CO2)CCC1COCC1CO1
A-79,ethenyl benzoate,C=COC(=O)c1ccccc1
A-80,methyl 4-tert-butylbenzoate,COC(=O)c1ccc(C(C)(C)C)cc1
A-81,"2,2-dimethyl-3-(3-methylphenyl)propan-1-ol",Cc1cccc(CC(C)(C)CO)c1
A-86,"2-{6,6-dimethylbicyclo[3.1.1]hept-2-en-2-yl}ethan-1-ol",CC1(C)[C@H]2CC=C(CCO)[C@@H]1C2
A-89,"3,3,5-trimethylcyclohexanone",CC1CC(=O)CC(C)(C)C1
A-91,2-(2-phenylphenoxy)ethyl prop-2-enoate,C=CC(=O)OCCOc1ccccc1-c1ccccc1
A-94,"3-[(3-sulfanylpropanoyl)oxy]-2,2-bis({[(3-sulfanylpropanoyl)oxy]methyl})propyl 3-sulfanylpropanoate",O=C(CCS)OCC(COC(=O)CCS)(COC(=O)CCS)COC(=O)CCS
A-100,"4-[2-(4-hydroxy-3,5-dimethylphenyl)propan-2-yl]-2,6-dimethylphenol",Cc1cc(C(C)(C)c2cc(C)c(O)c(C)c2)cc(C)c1O
A-101,"1,3-bis(octadecanoyloxy)propan-2-yl octadecanoate",CCCCCCCCCCCCCCCCCC(=O)OCC(COC(=O)CCCCCCCCCCCCCCCCC)OC(=O)CCCCCCCCCCCCCCCCC
A-106,"ethyl 3,5,5-trimethylhexanoate",CCOC(=O)CC(C)CC(C)(C)C
A-111,5-Ethyl-2-methylpyridine,CCc1ccc(C)nc1
A-113,"(1R,2S,5R)-5-methyl-2-(propan-2-yl)cyclohexyl (2S)-2-hydroxypropanoate",CC(C)[C@@H]1CC[C@@H](C)C[C@H]1OC(=O)[C@H](C)O
A-117,2-phenoxyethyl 2-methylprop-2-enoate,C=C(C)C(=O)OCCOc1ccccc1
A-118,"5-{[2-(2-butoxyethoxy)ethoxy]methyl}-6-propyl-2H-1,3-benzodioxole",CCCCOCCOCCOCc1cc2c(cc1CCC)OCO2
A-119,fluoromethane,CF
A-122,(2-phenoxyethoxy)benzene,c1ccc(OCCOc2ccccc2)cc1
A-123,"4-[(4-amino-2-chloro-3,5-diethylphenyl)methyl]-3-chloro-2,6-diethylaniline",CCc1cc(Cc2cc(CC)c(N)c(CC)c2Cl)c(Cl)c(CC)c1N
A-125,2-propylpentanoic acid,CCCC(CCC)C(=O)O
A-129,"3-[(2E)-oct-2-en-1-yl]oxolane-2,5-dione; 3-[(2Z)-oct-2-en-1-yl]oxolane-2,5-dione",CCCCCC/C=C/C1CC(=O)OC1=O
A-139,trimethyl[(trimethylsilyl)oxy]silane,C[Si](C)(C)O[Si](C)(C)C
A-140,"2,3,3,3-tetrafluoroprop-1-ene",C=C(F)C(F)(F)F
A-141,2H-chromen-2-one,O=c1ccc2ccccc2o1
A-148,2-methyl-1-phenylpropan-2-yl butanoate,CCCC(=O)OC(C)(C)Cc1ccccc1
A-153,1-[(1-propoxypropan-2-yl)oxy]propan-2-ol,CCCOCC(C)OCC(C)O
A-156,"5-isocyanato-1-(isocyanatomethyl)-1,3,3-trimethylcyclohexane",CC1(C)CC(N=C=O)CC(C)(CN=C=O)C1
A-167,diphenyl carbonate,O=C(Oc1ccccc1)Oc1ccccc1
A-168,vinyl 2-ethylhexanoate,C=COC(=O)C(CC)CCCC
A-169,2-methyl-N-[(2-methylprop-2-enamido)methyl]prop-2-enamide,C=C(C)C(=O)NCNC(=O)C(=C)C
A-170,"(1Z,5Z)-cycloocta-1,5-diene",C1=C\CC/C=C\CC/1
A-171,(3-isocyanatopropyl)trimethoxysilane,CO[Si](CCCN=C=O)(OC)OC
A-172,(3-chloropropyl)triethoxysilane,CCO[Si](CCCCl)(OCC)OCC
A-178,"4-benzoylbenzene-1,2,3-triol",O=C(c1ccccc1)c1ccc(O)c(O)c1O
A-182,"3-[(2E)-dodec-2-en-1-yl]oxolane-2,5-dione; 3-[(2Z)-dodec-2-en-1-yl]oxolane-2,5-dione",CCCCCCCCC/C=C/CC1CC(=O)OC1=O
A-183,"dihydro-3-(tetrapropenyl)furan-2,5-dione",C/C(=C\C(C)CC(C)CC(C)C)C1CC(=O)OC1=O
A-188,4-(decanoyloxy)benzoic acid,CCCCCCCCCC(=O)Oc1ccc(C(=O)O)cc1
A-189,"4,4,13,13-tetraethoxy-3,14-dioxa-8,9-dithia-4,13-disilahexadecane",CCO[Si](CCCSSCCC[Si](OCC)(OCC)OCC)(OCC)OCC
A-191,3-methylbutyl (2E)-3-(4-methoxyphenyl)prop-2-enoate,COc1ccc(/C=C/C(=O)OCCC(C)C)cc1
A-192,2-(hexadecanoylamino)acetic acid,CCCCCCCCCCCCCCCC(=O)NCC(=O)O
A-193,"(1E,5E,9E)-cyclododeca-1,5,9-triene",C1=C\CC/C=C/CC/C=C\CC/1
A-196,2-[4-(bromomethyl)phenyl]benzonitrile,N#Cc1ccccc1-c1ccc(CBr)cc1
A-198,N-(2-ethylhexyl)-7-methyloctanamide,CCCCC(CC)CNC(=O)CCCCCC(C)C
A-199,Doramectin,CO[C@H]1C[C@H](OC2/C(C)=C/C[C@@H]3C[C@@H](C[C@]4(C=C[C@H](C)[C@@H](C5CCCCC5)O4)O3)OC(=O)[C@@H]3C=C(C)[C@@H](O)[C@H]4OC/C(=C\C=C\[C@@H]2C)[C@]43O)O[C@@H](C)C1O[C@H]1C[C@H](OC)[C@@H](O)[C@H](C)O1
A-204,"1,4-dibutyl benzene-1,4-dicarboxylate",CCCCOC(=O)c1ccc(C(=O)OCCCC)cc1
A-208,1-(2-ethylbutyl)cyclohexane-1-carbonitrile,CCC(CC)CC1(C#N)CCCCC1
A-212,bis(8-methylnonyl) sebacate,CC(C)CCCCCCCOC(=O)CCCCCCCCC(=O)OCCCCCCCC(C)C
A-213,"6'-(dibutylamino)-3'-methyl-2'-(phenylamino)-3H-spiro[2-benzofuran-1,9'-xanthene]-3-one",CCCCN(CCCC)c1ccc2c(c1)Oc1cc(C)c(Nc3ccccc3)cc1C21OC(=O)c2ccccc21
A-215,"2,2-difluoro-1,3-benzodioxole-4-carbaldehyde",O=Cc1cccc2c1OC(F)(F)O2
A-216,"1-amino-4-(ethylamino)-9,10-dioxo-9,10-dihydroanthracene-2-carbonitrile",CCNc1cc(C#N)c(N)c2c1C(=O)c1ccccc1C2=O
A-220,"2-ethylhexyl 4-[(4-{[4-(tert-butylcarbamoyl)phenyl]amino}-6-[(4-{[(2-ethylhexyl)oxy]carbonyl}phenyl)amino]-1,3,5-triazin-2-yl)amino]benzoate",CCCCC(CC)COC(=O)c1ccc(Nc2nc(Nc3ccc(C(=O)NC(C)(C)C)cc3)nc(Nc3ccc(C(=O)OCC(CC)CCCC)cc3)n2)cc1
A-225,"2-(2,6-dimethylphenoxy)acetic acid",Cc1cccc(C)c1OCC(=O)O
A-229,1-(4-hydroxyphenyl)ethan-1-one,CC(=O)c1ccc(O)cc1
A-234,"6,10-dimethylundeca-3,5,9-trien-2-one",CC(=O)/C=C/C=C(\C)CCC=C(C)C
A-236,"1,3-divinylimidazolidin-2-one",C=CN1CCN(C=C)C1=O
A-243,5-methyl-5-phenylhexan-3-one,Cc1ccc(S(=O)(=O)/C(C#N)=C/N2CC(=O)NC2=S)cc1
A-247,2-ethyl-3-hydroxy-4H-pyran-4-one,CCc1occc(=O)c1O
A-249,methyl 2-phenylacetate,COC(=O)Cc1ccccc1
A-257,"2,2,2-trifluoroethyl methacrylate",C=C(C)C(=O)OCC(F)(F)F
A-263,2-[(E)-oct-2-enyl]butanedioic acid,CCCCC/C=C/CC(CC(=O)O)C(=O)O
A-264,"2-(prop-1-en-1-yl)-2,3,3-tripropylbutanedioic acid",C/C=C/C(CCC)(C(=O)O)C(CCC)(CCC)C(=O)O
A-266,17-hydroxy-1-methylandrost-4-en-3-one,C[C@H]1CC(=O)C=C2CC[C@H]3[C@@H]4CC[C@H](O)[C@@]4(C)CC[C@@H]3[C@]21C
A-270,2-hydroxy-1-(4-{[4-(2-hydroxy-2-methylpropanoyl)phenyl]methyl}phenyl)-2-methylpropan-1-one,CC(C)(O)C(=O)c1ccc(Cc2ccc(C(=O)C(C)(C)O)cc2)cc1
A-273,"(octahydro-4,7-methano-1H-indenediyl)bis(methylene) diacrylate",C=CC(=O)OCC1CC2CC1C1CCC(COC(=O)C=C)C21
A-276,1-(2-benzenesulfonamidophenyl)-3-phenylurea,O=C(Nc1ccccc1)Nc1ccccc1NS(=O)(=O)c1ccccc1
A-278,2-ethylhexyl prop-2-enoate,C=CC(=O)OCC(CC)CCCC
A-284,Tricyclodecanyl acetate,CC(=O)OC1CC2CC1C1CCCC21
A-293,3-({[({[(2-ethylhexyl)oxy]carbonyl}peroxy)carbonyl]oxy}methyl)heptane,CCCCC(CC)COC(=O)OOC(=O)OCC(CC)CCCC
A-295,"3,7-dimethyloct-6-enal",CC(C)=CCC[C@@H](C)CC=O
A-296,"(1S,2S)-1-methyl-4-(propan-2-yl)-7-oxabicyclo[2.2.1]heptan-2-ol",CC(C)[C@@]12CC[C@@](C)(O1)[C@@H](O)C2
A-297,3-[4-(propan-2-yl)phenyl]propanal,CC(C)c1ccc(CCC=O)cc1
A-301,[2-(1-propoxyethoxy)ethyl]benzene,CCCOC(C)OCCc1ccccc1
A-304,"6,6-dimethoxy-2,5,5-trimethylhex-2-ene",COC(OC)C(C)(C)CC=C(C)C
A-305,4-(1-methoxy-1-methylethyl)-1-methylcyclohexene,COC(C)(C)C1CC=C(C)CC1
A-311,"3,7-dimethylnon-6-en-1-yn-3-ol",C#CC(C)(O)CC/C=C(\C)CC
A-314,3-(trimethoxysilyl)propyl 2-methylprop-2-enoate,C=C(C)C(=O)OCCC[Si](OC)(OC)OC
A-319,"1-phenyl-2,5-dihydro-1H-pyrrole-2,5-dione",O=C1C=CC(=O)N1c1ccccc1
A-320,"5-methyl-2-(4-methylphenyl)-2,3-dihydro-1H-pyrazol-3-one",CC1=NN(c2ccc(C)cc2)C(=O)C1
A-321,(4-formylphenyl)boronic acid,O=Cc1ccc(B(O)O)cc1
A-322,4-methyl-4-phenylpentan-2-one,CC(=O)CC(C)(C)c1ccccc1
A-324,"1-chloro-1,2,2-trifluoroethene",FC(F)=C(F)Cl
A-326,"Dodecan-1-ol, ethoxylated",CCCCCCCCCCCCOCCO
A-328,11-aminoundecanoic acid,NCCCCCCCCCCC(=O)O
A-329,"N',N'''''-hexane-1,6-diylbis[N-(4-chlorophenyl)(imidodicarbonimidic diamide)]",NC(=NCCCCCCN=C(N)N=C(N)Nc1ccc(Cl)cc1)N=C(N)Nc1ccc(Cl)cc1
A-331,(5Z)-5-ethylidenebicyclo[2.2.1]hept-2-ene,C/C=C1\CC2C=CC1C2
A-332,"1,3-diethyl-1,3-diphenylurea",CCN(C(=O)N(CC)c1ccccc1)c1ccccc1
A-334,butyl 2-aminobenzoate,CCCCOC(=O)c1ccccc1N
A-338,benzyl 2-hydroxybenzoate,O=C(OCc1ccccc1)c1ccccc1O
A-347,"6,8-bis(phenylamino)naphthalene-1-sulfonic acid",O=S(=O)(O)c1cccc2cc(Nc3ccccc3)cc(Nc3ccccc3)c12
A-348,di-tert-butyl sec-butylidene diperoxide,CCC(C)(OOC(C)(C)C)OOC(C)(C)C
A-349,"1,1'-sulfanediyldibenzene",c1ccc(Sc2ccccc2)cc1
A-350,"4-[(1-amino-4-hydroxy-9,10-dioxo-9,10-dihydroanthracen-2-yl)oxy]-N-(3-ethoxypropyl)benzene-1-sulfonamide",CCOCCCNS(=O)(=O)c1ccc(Oc2cc(O)c3c(c2N)C(=O)c2ccccc2C3=O)cc1
A-352,"tetrachloro-1,3-dihydro-2-benzofuran-1,3-dione",O=C1OC(=O)c2c(Cl)c(Cl)c(Cl)c(Cl)c21
A-359,"1,4-dimethoxybenzene",COc1ccc(OC)cc1
A-360,[2-(cyclohexyloxy)ethyl]benzene,c1ccc(CCOC2CCCCC2)cc1
A-363,"(2E)-1-(2,6,6-trimethylcyclohex-3-en-1-yl)but-2-en-1-one",C/C=C/C(=O)C1C(C)C=CCC1(C)C
A-364,"1,4-bis(oxiran-2-ylmethyl) benzene-1,4-dicarboxylate",O=C(OCC1CO1)c1ccc(C(=O)OCC2CO2)cc1
A-365,dec-4-enal,CCCCC/C=C/CCC=O
A-368,"2,3,5-trimethylphenol",Cc1cc(C)c(C)c(O)c1
A-369,"1,1,1-trifluoroethane",CC(F)(F)F
A-370,2-hydroxy-1-[4-(2-hydroxyethoxy)phenyl]-2-methylpropan-1-one,CC(C)(O)C(=O)c1ccc(OCCO)cc1
A-371,isothiocyanatomethane,CN=C=S
A-372,"1,3-dimethyl-1,3-diphenylurea",CN(C(=O)N(C)c1ccccc1)c1ccccc1
A-373,"1,4-dioxacyclohexadecane-5,16-dione",O=C1CCCCCCCCCCC(=O)OCCO1
A-374,"Alcohols, C9-11-iso-, C10-rich",CC(C)CCCCCCCO
A-377,ethyl 3-phenyloxirane-2-carboxylate,CCOC(=O)C1OC1c1ccccc1
A-378,"2,6-dimethylheptan-2-ol",CC(C)CCCC(C)(C)O
A-379,benzyl propanoate,CCC(=O)OCc1ccccc1
A-381,1-ethynylcyclohexyl acetate,C#CC1(OC(C)=O)CCCCC1
A-382,triethylamine,CCN(CC)CC
A-383,"N-(3-aminopropyl)-N'-octadec-9-en-1-ylpropane-1,3-diamine",CCCCCCCC/C=C\CCCCCCCCNCCCNCCCN
A-387,"2,4,5-trichloroaniline",Nc1cc(Cl)c(Cl)cc1Cl
A-389,3-hydroxynaphthalene-2-carboxylic acid,O=C(O)c1cc2ccccc2cc1O
A-391,3-(3-propan-2-ylphenyl)butanal,CC(C)c1cccc(C(C)CC=O)c1
A-397,"1,1,2,2,3,3,4-heptafluorocyclopentane",FC1CC(F)(F)C(F)(F)C1(F)F
A-402,2-methoxy-4-[(1E)-prop-1-en-1-yl]phenol,C/C=C/c1ccc(O)c(OC)c1
A-403,"3,4-dimethylbenzaldehyde",Cc1ccc(C=O)cc1C
A-409,butyl acetate,CCCCOC(C)=O
A-410,"4,4'-diaminobiphenyl-2,2'-disulfonic acid",Nc1ccc(-c2ccc(N)cc2S(=O)(=O)O)c(S(=O)(=O)O)c1
A-412,N-[3-(diethylamino)phenyl]acetamide,CCN(CC)c1cccc(NC(C)=O)c1
A-416,"1,3-bis(2-methylphenyl)guanidine",Cc1ccccc1N=C(N)Nc1ccccc1C
A-420,"2-ethylpentyl 3-(3,5-ditert-butyl-4-hydroxyphenyl)propanoate",CCCC(CC)COC(=O)CCc1cc(C(C)(C)C)c(O)c(C(C)(C)C)c1
A-421,Longifolene,C=C1C2CCC3C2C(C)(C)CCCC13C
A-422,2-phenylethyl 2-hydroxybenzoate,O=C(OCCc1ccccc1)c1ccccc1O
A-425,"propane-1,2-diyl dibenzoate",CC(COC(=O)c1ccccc1)OC(=O)c1ccccc1
A-427,2-(2-methylbutan-2-yl)cyclohexyl acetate,CCC(C)(C)C1CCCCC1OC(C)=O
A-429,2-cyclohexylidene-2-phenylacetonitrile,N#CC(=C1CCCCC1)c1ccccc1
A-431,"2-{2-[(2,6-dichlorophenyl)amino]phenyl}acetic acid",O=C(O)Cc1ccccc1Nc1c(Cl)cccc1Cl
A-433,"4-(2,4,4-trimethylpentan-2-yl)phenol",CC(C)(C)CC(C)(C)c1ccc(O)cc1
A-434,4-nonylphenol,CCCCCCCCCc1ccc(O)cc1
A-451,"1,2-dimethoxybenzene",COc1ccccc1OC
A-454,tris(2-butoxyethyl) phosphate,CCCCOCCOP(=O)(OCCOCCCC)OCCOCCCC
A-457,1-methoxyhexane,CCCCCCOC
A-463,3-(4-isopropylphenyl)-2-methylpropanal,CC(C)c1ccc(C(C)CC=O)cc1
A-465,"(2,4,6-trimethylcyclohex-3-en-1-yl)methanol",CC1=CC(C)C(CO)C(C)C1
A-466,"3,7-dimethylnona-1,6-dien-3-ol",C=CC(C)(O)CC/C=C(\C)CC
A-467,"tris(oxiran-2-ylmethyl) benzene-1,2,4-tricarboxylate",O=C(OCC1CO1)c1ccc(C(=O)OCC2CO2)c(C(=O)OCC2CO2)c1
A-468,"2,4-dimethyl-4-phenyltetrahydrofuran",CC1CC(C)(c2ccccc2)CO1
A-469,ethyl 2-ethylhexanoate,CCCCC(CC)C(=O)OCC
A-475,"1,2-diethoxybenzene",CCOc1ccccc1OCC
A-477,D-erythro-pentitol,OCC(O)C(O)C(O)CO
A-481,"(Z)-N-(3-aminopropyl)-N'-[3-(9-octadecenylamino)propyl]propane-1,3-diamine",CCCCCCCC/C=C/CCCCCCCCNCCCNCCCNCCCN
A-482,"3,7-dimethyloctan-1-ol",CC(C)CCCC(C)CCO
A-487,(3E)-4-methyldec-3-en-5-ol,CC/C=C(\C)C(O)CCCCC
A-488,butyl butanoate,CCCCOC(=O)CCC
A-491,"benzene-1,2-dicarboxylic acid",O=C(O)c1ccccc1C(=O)O
A-492,"octahydro-1H-4,7-methanoindene-1-carbaldehyde",O=CC1CCC2C3CCC(C3)C12
A-496,1-phenylpropan-1-ol,CCC(O)c1ccccc1
A-497,1-[3-(trifluoromethyl)phenyl]ethan-1-one,CC(=O)c1cccc(C(F)(F)F)c1
A-498,"2,4-dichloroaniline",Nc1ccc(Cl)cc1Cl
A-500,4-[4-(hydrazinesulfonyl)phenoxy]benzene-1-sulfonohydrazide,NNS(=O)(=O)c1ccc(Oc2ccc(S(=O)(=O)NN)cc2)cc1
A-503,"Alkenes, C9-11, C10-rich",C=C/C=C/CC/C=C/CC
A-504,"(2Z)-but-2-ene-1,4-diol",OC/C=C\CO
A-506,2-[2-(2-ethoxyethoxy)ethoxy]ethyl methacrylate,C=C(C)C(=O)OCCOCCOCCOCC
A-508,"(6R,7R)-3-[(acetyloxy)methyl]-7-amino-8-oxo-5-thia-1-azabicyclo[4.2.0]oct-2-ene-2-carboxylic acid",CC(=O)OCC1=C(C(=O)O)N2C(=O)[C@@H](N)[C@H]2SC1
A-511,decanoic acid,CCCCCCCCCC(=O)O
A-519,"3-{6,6-dimethylbicyclo[3.1.1]hept-2-en-2-yl}propanal",CC1(C)C2CC=C(CCC=O)C1C2
A-520,2-(4-hydroxyphenyl)acetic acid,O=C(O)Cc1ccc(O)cc1
A-521,(4-methoxyphenyl)methyl acetate,COc1ccc(COC(C)=O)cc1
A-525,"6-phenyl-1,3,5-triazine-2,4-diamine",Nc1nc(N)nc(-c2ccccc2)n1
A-526,4-tert-butylcyclohexyl prop-2-enoate,C=CC(=O)OC1CCC(C(C)(C)C)CC1
A-533,"1,4-dibromo-2-ethenylbenzene",C=Cc1cc(Br)ccc1Br
A-535,3-hydroxy-N-(2-methylphenyl)naphthalene-2-carboxamide,Cc1ccccc1NC(=O)c1cc2ccccc2cc1O
A-539,"methyl 3-amino-5,6-dichloropyrazine-2-carboxylate",COC(=O)c1nc(Cl)c(Cl)nc1N
A-542,"N,N-dibutyloctadec-9-enamide",CCCCCCCC/C=C\CCCCCCCC(=O)N(CCCC)CCCC
A-543,"(1S,2S,4S)-1,7,7-trimethylbicyclo[2.2.1]heptan-2-yl 2-methylprop-2-enoate",C=C(C)C(=O)OC1CC2CCC1(C)C2(C)C
A-545,nonyl acetate,CCCCCCCCCOC(C)=O
A-553,cyclohexyl 2-hydroxybenzoate,O=C(OC1CCCCC1)c1ccccc1O
A-555,hex-3-en-1-yl hex-3-enoate,CC/C=C\CCOC(=O)C/C=C\CC
A-556,"13-ethyl-3-methoxy-4,6,7,8,9,11,12,13,14,15,16,17-dodecahydro-1H-cyclopenta[a]phenanthren-17-ol (non-preferred name)",CC[C@]12CC[C@@H]3C4=C(CC[C@H]3[C@@H]1CC[C@@H]2O)CC(OC)=CC4
A-557,"2,3-dihydroxypropyl laurate",CCCCCCCCCCCC(=O)OCC(O)CO
A-558,2-benzoyl-5-methoxyphenol,COc1ccc(C(=O)c2ccccc2)c(O)c1
A-560,Vertofix,CC(=O)C1=C(C)C2CC3(C1)C(C)CCC3C2(C)C
A-564,3-phenylpropanoic acid,O=C(O)CCc1ccccc1
A-568,2-hexylcyclopentanone,CCCCCCC1CCCC1=O
A-569,"2,4,4,7-tetramethyloct-6-en-3-one",CC(C)=CCC(C)(C)C(=O)C(C)C
A-570,"Phenol, styrenated",C=Cc1ccc(O)c(C=C)c1
A-574,2-amino-5-chlorophenol,Nc1ccc(Cl)cc1O
A-575,4-ethoxybenzoic acid,CCOc1ccc(C(=O)O)cc1
A-578,"2,6-dichloro-4-(trifluoromethyl)aniline",Nc1c(Cl)cc(C(F)(F)F)cc1Cl
A-579,Desipramine,CNCCCN1c2ccccc2CCc2ccccc21
A-581,"1-(4-chlorophenoxy)-1-(1H-imidazol-1-yl)-3,3-dimethylbutan-2-one",CC(C)(C)C(=O)C(Oc1ccc(Cl)cc1)n1ccnc1
A-584,"decane-1,2-diol",CCCCCCCCC(O)CO
A-586,2-(butan-2-yl)cyclohexan-1-one,CCC(C)C1CCCCC1=O
A-587,4-formyl-2-methoxyphenyl 2-methylpropanoate,COc1cc(C=O)ccc1OC(=O)C(C)C
A-596,"17-hydroxyandrosta-1,4-dien-3-one",C[C@]12CC[C@H]3[C@@H](CCC4=CC(=O)C=C[C@@]43C)[C@@H]1CC[C@@H]2O
A-597,"3-(4-ethylphenyl)-2,2-dimethylpropanenitrile",CCc1ccc(CC(C)(C)C#N)cc1
A-599,"1,6-dichlorohexane",ClCCCCCCCl
A-600,Tricyclodecenyl propionate,CCC(=O)OC1C=CC2C3CCC(C3)C12
A-602,"(2-methyl-1-oxo-1-prop-2-enoxypropan-2-yl) 2-chloro-5-[3-methyl-2,6-dioxo-4-(trifluoromethyl)pyrimidin-1-yl]benzoate",C=CCOC(=O)C(C)(C)OC(=O)c1cc(-n2c(=O)cc(C(F)(F)F)n(C)c2=O)ccc1Cl
A-606,prop-2-en-1-yl 2-phenoxyacetate,C=CCOC(=O)COc1ccccc1
A-614,"4-amino-2,5-dimethoxy-N-methylbenzenesulfonamide",CNS(=O)(=O)c1cc(OC)c(N)cc1OC
A-618,1H-benzimidazol-2-ol,O=c1[nH]c2ccccc2[nH]1
A-620,3-methyl-5-(prop-2-enoyloxy)pentyl prop-2-enoate,C=CC(=O)OCCC(C)CCOC(=O)C=C
A-624,decahydronaphthalen-2-yl acetate,CC(=O)OC1CCC2CCCCC2C1
A-625,"2-hexadecan-2-yl-4,6-dimethylphenol",CCCCCCCCCCCCCCC(C)c1cc(C)cc(C)c1O
A-628,"2-[(6-oxobenzo[c][2,1]benzoxaphosphinin-6-yl)methyl]butanedioic acid",O=C(O)CC(CP1(=O)Oc2ccccc2-c2ccccc21)C(=O)O
A-639,hexafluoroethane,FC(F)(F)C(F)(F)F
A-640,"(4E)-5,9-dimethyldeca-4,8-dienal",CC(C)=CCC/C(C)=C\CCC=O
A-645,phenyl methacrylate,C=C(C)C(=O)Oc1ccccc1
A-647,"2,6,6-trimethylcyclohexa-1,3-diene-1-carbaldehyde",CC1=C(C=O)C(C)(C)CC=C1
A-648,"2,6-di-tert-butyl-4-[(dimethylamino)methyl]phenol",CN(C)Cc1cc(C(C)(C)C)c(O)c(C(C)(C)C)c1
A-649,4-cyclohexyl-4-methylpentan-2-one,CC(=O)CC(C)(C)C1CCCCC1
A-655,"1-N-phenylbenzene-1,4-diamine",Nc1ccc(Nc2ccccc2)cc1
A-656,"N,2-dimethyl-N-phenylbutanamide",CCC(C)C(=O)N(C)c1ccccc1
A-657,dimethoxymethylvinylsilane,C=C[Si](C)(OC)OC
A-665,"2,2-bis[(prop-2-enoyloxy)methyl]butyl prop-2-enoate",C=CC(=O)OCC(CC)(COC(=O)C=C)COC(=O)C=C
A-666,"2,6-dimethylheptan-4-one",CC(C)CC(=O)CC(C)C
A-667,"4-allyl-1,2-dimethoxybenzene",C=CCc1ccc(OC)c(OC)c1
A-668,7-amino-4-hydroxynaphthalene-2-sulfonic acid,Nc1ccc2c(O)cc(S(=O)(=O)O)cc2c1
A-673,methyl 2-[3-(acetyloxy)-2-pentylcyclopent-2-en-1-yl]acetate,CCCCCC1=C(OC(C)=O)CCC1CC(=O)OC
A-674,4-ethenylcyclohex-1-ene,C=CC1CC=CCC1
A-675,"5-hydroxy-2-(3-hydroxy-4-methoxyphenyl)-4-oxo-3,4-dihydro-2H-chromen-7-yl 6-O-(6-deoxy-alpha-L-mannopyranosyl)-beta-D-glucopyranoside",COc1ccc([C@@H]2CC(=O)c3c(O)cc(O[C@@H]4O[C@H](CO[C@@H]5O[C@@H](C)[C@H](O)[C@@H](O)[C@H]5O)[C@@H](O)[C@H](O)[C@H]4O)cc3O2)cc1O
A-676,2-[(2-hydroxyethyl)[(9E)-octadec-9-en-1-yl]amino]ethan-1-ol,CCCCCCCC/C=C/CCCCCCCCN(CCO)CCO
A-677,"tributyl benzene-1,2,4-tricarboxylate",CCCCOC(=O)c1ccc(C(=O)OCCCC)c(C(=O)OCCCC)c1
A-679,"1-(butan-2-yl)-4-{4-[4-(4-hydroxyphenyl)piperazin-1-yl]phenyl}-4,5-dihydro-1H-1,2,4-triazol-5-one",CCC(C)n1ncn(-c2ccc(N3CCN(c4ccc(O)cc4)CC3)cc2)c1=O
A-680,3-(trimethoxysilyl)propyl prop-2-enoate,C=CC(=O)OCCC[Si](OC)(OC)OC
A-683,undecan-1-ol,CCCCCCCCCCCO
A-689,"(1S,2S,4S)-1,7,7-trimethylbicyclo[2.2.1]heptan-2-yl prop-2-enoate",C=CC(=O)OC1C[C@@H]2CC[C@@]1(C)C2(C)C
A-690,"2-quinolin-2-yl-1H-indene-1,3(2H)-dione",O=C1c2ccccc2C(=O)C1c1ccc2ccccc2n1
A-691,tert-butoxy 2-ethylhexyl carbonate,CCCCC(CC)COC(=O)OOC(C)(C)C
A-692,dicyclopentyldimethoxysilane,CO[Si](OC)(C1CCCC1)C1CCCC1
A-693,"3,3,5-trimethylcyclohexyl 2-methylprop-2-enoate",C=C(C)C(=O)OC1CC(C)CC(C)(C)C1
A-701,(3Z)-hex-3-en-1-yl 2-hydroxybenzoate,CC/C=C/CCOC(=O)c1ccccc1O
A-709,2-methyl-6-methylideneoct-7-en-2-yl acetate,C=CC(=C)CCCC(C)(C)OC(C)=O
A-718,"N,N-dipropylpropan-1-amine",CCCN(CCC)CCC
A-722,2-oxo-N-{6-[(2-oxoazepane-1-carbonyl)amino]hexyl}azepane-1-carboxamide,O=C1CCCCCN1C(=O)NCCCCCCNC(=O)N1CCCCCC1=O
A-724,3-methylbutyl 3-methylbutanoate,CC(C)CCOC(=O)CC(C)C
A-725,2-propylheptan-1-ol,CCCCCC(CO)CCC
A-726,4-[2-(4-aminophenyl)ethyl]aniline,Nc1ccc(CCc2ccc(N)cc2)cc1
A-738,4-tert-butylbenzoic acid,CC(C)(C)c1ccc(C(=O)O)cc1
A-742,8-aminonaphthalene-2-sulfonic acid,Nc1cccc2ccc(S(=O)(=O)O)cc12
A-743,"1,1,1,2,2-pentafluoroethane",FC(F)C(F)(F)F
A-744,"2,3-dimethylphenol",Cc1cccc(O)c1C
A-746,5-chloro-7-iodoquinolin-8-ol,Oc1c(I)cc(Cl)c2cccnc12
A-749,tert-butyl 2-ethylhexaneperoxoate,CCCCC(CC)C(=O)OOC(C)(C)C
A-750,"2,6,6-trimethylbicyclo[3.1.1]heptane-3-carbaldehyde",CC1C(C=O)CC2CC1C2(C)C
A-752,2-methyl-4-phenylbutan-2-ol,CC(C)(O)CCc1ccccc1
A-758,1-(1-benzofuran-2-yl)ethan-1-one,CC(=O)c1cc2ccccc2o1
A-761,1-[(2-tert-butylcyclohexyl)oxy]butan-2-ol,CCC(O)COC1CCCCC1C(C)(C)C
A-770,"menthane, monohydroperoxy derivative",CC1CCC(C(C)C)C(OO)C1
A-772,"2-methylpropyl 3,5-diamino-4-chlorobenzoate",CC(C)COC(=O)c1cc(N)c(Cl)c(N)c1
A-773,1-benzoylcyclohexan-1-ol,O=C(c1ccccc1)C1(O)CCCCC1
A-777,2-ethoxy-3-[[4-[2-(2H-tetrazol-5-yl)phenyl]phenyl]methyl]benzimidazole-4-carboxylic acid,CCOc1nc2cccc(C(=O)O)c2n1Cc1ccc(-c2ccccc2-c2nn[nH]n2)cc1
A-779,"2,4,6-trichloro-1,3,5-triazine",Clc1nc(Cl)nc(Cl)n1
A-780,2-tert-butyl-6-(3-tert-butyl-2-hydroxy-5-methoxyphenyl)-4-methoxyphenol,COc1cc(-c2cc(OC)cc(C(C)(C)C)c2O)c(O)c(C(C)(C)C)c1
A-781,Tazobactam,C[C@]1(Cn2ccnn2)[C@H](C(=O)O)N2C(=O)C[C@H]2S1(=O)=O
A-784,N-methyl-N-phenylformamide,CN(C=O)c1ccccc1
A-787,"4-aminobenzene-1,3-disulfonic acid",Nc1ccc(S(=O)(=O)O)cc1S(=O)(=O)O
A-791,"androsta-1,4-diene-3,17-dione",CC12C=CC(=O)C=C1CCC1C2CCC2(C)C(=O)CCC12
A-792,2-phenylethyl pivalate,CC(C)(C)C(=O)OCCc1ccccc1
A-793,1-cyclohexylethyl acetate,CC(=O)OC(C)C1CCCCC1
A-794,"4-(2,6,6-trimethylcyclohex-1-en-1-yl)butan-2-one",CC(=O)CCC1=C(C)CCCC1(C)C
A-811,"(2E,6E)-3,7-dimethylnona-2,6-dienenitrile",CC/C(C)=C/CC/C(C)=C/C#N
A-812,5-hexyl-5-methyldihydrofuran-2(3H)-one,CCCCCCC1(C)CCC(=O)O1
A-818,Patchoulialcohol,C[C@H]1CCC2(O)C(C)(C)C3CC[C@@]2(C)C1C3
A-824,dibenzylamine,c1ccc(CNCc2ccccc2)cc1
A-825,"5-methyl-1H-1,2,3-benzotriazole",Cc1cccc2n[nH]nc12
A-832,6-heptyloxan-2-one,CCCCCC1CCCC(=O)O1
A-833,"ethyl 4,4,4-trifluoro-3-oxobutanoate",CCOC(=O)CC(=O)C(F)(F)F
A-841,diphenylsilanediol,O[Si](O)(c1ccccc1)c1ccccc1
A-842,pentyl pentanoate,CCCCCOC(=O)CCCC
A-843,"3-methyl-1-({3-[(3-methyl-2,5-dioxo-2,5-dihydro-1H-pyrrol-1-yl)methyl]phenyl}methyl)-2,5-dihydro-1H-pyrrole-2,5-dione",CC1=CC(=O)N(Cc2cccc(CN3C(=O)C=C(C)C3=O)c2)C1=O
A-848,(3Z)-hex-3-en-1-yl benzoate,CC/C=C\CCOC(=O)c1ccccc1
A-851,"1,4-dimethyl 2-aminobenzene-1,4-dicarboxylate",COC(=O)c1ccc(C(=O)OC)c(N)c1
A-853,8-ethylundecan-1-amine,CCCC(CC)CCCCCCCN
A-855,dodecanedioic acid,O=C(O)CCCCCCCCCCC(=O)O
A-857,"4,4,8,8-tetramethyloctahydro-4a,7-methanonaphtho[1,8a-b]oxirene",CC1(C)CCC2OC23C(C)(C)C2CCC13C2
A-861,"1-[(9,9-dimethyldecyl)sulfanyl]propan-2-ol",CC(O)CSCCCCCCCCC(C)(C)C
A-862,dodecanoic acid,CCCCCCCCCCCC(=O)O
A-863,"[2-butyl-4-chloro-1-({4-[2-(2H-1,2,3,4-tetrazol-5-yl)phenyl]phenyl}methyl)-1H-imidazol-5-yl]methanol",CCCCc1nc(Cl)c(CO)n1Cc1ccc(-c2ccccc2-c2nn[nH]n2)cc1
A-865,2-ethylhexyl 2-sulfanylacetate,CCCCC(CC)COC(=O)CS
A-867,"(1,1-dimethylpropyl)benzene",CCC(C)(C)c1ccccc1
A-868,"2-methyl-4-(2,6,6-trimethylcyclohex-2-en-1-yl)butanal",CC1=CCCC(C)(C)C1C(C)CCC=O
A-870,"2,2-dimethyl-3-methylidenebicyclo[2.2.1]heptane",C=C1C2CCC(C2)C1(C)C
A-871,2-[2-(4-methylcyclohex-3-en-1-yl)propyl]cyclopentan-1-one,CC1=CCC(C(C)CC2CCCC2=O)CC1
A-876,"1,1,3,3-tetrabutylurea",CCCCN(CCCC)C(=O)N(CCCC)CCCC
A-877,Cedryl methyl ether,CO[C@]1(C)CCC23C[C@@H]1C(C)(C)[C@@H]2CC[C@H]3C
A-883,cyclododecyl methyl ether,COC1CCCCCCCCCCC1
A-884,"2-ethoxy-2,6,6-trimethyl-9-methylidenebicyclo[3.3.1]nonane",C=C1C2CCC(C)(OCC)C1CCC2(C)C
A-886,"6-amino-2-(2,4-dimethylphenyl)-1H-benzo[de]isoquinoline-1,3(2H)-dione",Cc1ccc(N2C(=O)c3cccc4c(N)ccc(c34)C2=O)c(C)c1
A-887,"(4-tert-butyl-2,6-dimethylphenyl)acetonitrile",Cc1cc(C(C)(C)C)cc(C)c1CC#N
A-888,"3,9-bis[2,4-bis(2-phenylpropan-2-yl)phenoxy]-2,4,8,10-tetraoxa-3,9-diphosphaspiro[5.5]undecane",CC(C)(c1ccccc1)c1ccc(O[P@]2OCC3(CO[P@@](Oc4ccc(C(C)(C)c5ccccc5)cc4C(C)(C)c4ccccc4)OC3)CO2)c(C(C)(C)c2ccccc2)c1
A-889,Naphthalimide,O=C1NC(=O)c2cccc3cccc1c23
A-893,octahydro-2H-1-benzopyran-2-one,O=C1CCC2CCCCC2O1
A-895,methyl 4-methylbenzoate,COC(=O)c1ccc(C)cc1
A-896,"2-benzyl-4,4,6-trimethyl-1,3-dioxane",CC1CC(C)(C)OC(Cc2ccccc2)O1
A-898,"benzene-1,2-diamine",Nc1ccccc1N
A-901,"1,2-benzisothiazol-3(2H)-one 1,1-dioxide",O=C1NS(=O)(=O)c2ccccc21
A-906,"3,7-dimethyloctanenitrile",CC(C)CCCC(C)CC#N
A-908,1-[3-(2-oxoazepane-1-carbonyl)benzoyl]azepan-2-one,O=C1CCCCCN1C(=O)c1cccc(C(=O)N2CCCCCC2=O)c1
A-909,"6,10-dimethylundeca-5,9-dien-2-one",CC(=O)CC/C=C(\C)CCC=C(C)C
A-914,prop-2-en-1-yl hexanoate,C=CCOC(=O)CCCCC
A-917,4-chloro-1-(4-fluorophenyl)butan-1-one,O=C(CCCCl)c1ccc(F)cc1
A-922,tri(propan-2-yl)silyl prop-2-enoate,C=CC(=O)O[Si](C(C)C)(C(C)C)C(C)C
A-924,diisopropyl succinate,CC(C)OC(=O)CCC(=O)OC(C)C
A-929,trifluoroacetamide,NC(=O)C(F)(F)F
A-930,4-(2-methylbutan-2-yl)cyclohexan-1-one,CCC(C)(C)C1CCC(=O)CC1
A-935,methyl non-2-ynoate,CCCCCCC#CC(=O)OC
A-939,triphenylphosphine oxide,O=P(c1ccccc1)(c1ccccc1)c1ccccc1
A-940,"2-chloro-1,4-dimethoxybenzene",COc1ccc(OC)c(Cl)c1
A-944,2-(2-naphthyloxy)ethanol,OCCOc1ccc2ccccc2c1
A-950,butoxybenzene,CCCCOc1ccccc1
A-951,2-[2-(benzoyloxy)ethoxy]ethyl benzoate,O=C(OCCOCCOC(=O)c1ccccc1)c1ccccc1
A-953,"(Z)-N-9-octadecenylpropane-1,3-diamine",CCCCCCCC/C=C\CCCCCCCCNCCCN
A-959,"[3-methyl-4-(2,2,2-trifluoroethoxy)pyridin-2-yl]methanol",Cc1c(OCC(F)(F)F)ccnc1CO
A-960,methoxymethane,COC
A-961,"(2E)-3-(3,4,5-trimethoxyphenyl)prop-2-enoic acid",COc1cc(/C=C/C(=O)O)cc(OC)c1OC
A-967,"1,4-dibromobutane",BrCCCCBr
A-971,"1,6-dibutyl hexanedioate",CCCCOC(=O)CCCCC(=O)OCCCC
A-972,"ethyl phenyl(2,4,6-trimethylbenzoyl)phosphinate",CCOP(=O)(C(=O)c1c(C)cc(C)cc1C)c1ccccc1
A-973,2-tert-butyl-5-methylphenol,Cc1ccc(C(C)(C)C)c(O)c1
A-976,6-(prop-2-enoyloxy)hexyl prop-2-enoate,C=CC(=O)OCCCCCCOC(=O)C=C
A-978,"N,N-dimethyldecanamide",CCCCCCCCCC(=O)N(C)C
A-982,4-[(E)-2-phenyldiazen-1-yl]aniline,Nc1ccc(N=Nc2ccccc2)cc1
A-986,"(2,2,3-trimethylcyclopent-3-en-1-yl)acetonitrile",CC1=CCC(CC#N)C1(C)C
A-988,2-tert-butyl-4-methylphenol,Cc1ccc(O)c(C(C)(C)C)c1
A-991,"tris(prop-2-en-1-yloxy)-1,3,5-triazine",C=CCOc1nc(OCC=C)nc(OCC=C)n1
A-993,valeric acid,CCCCC(=O)O
A-994,3-methyl-4-phenylbutan-2-ol,CC(O)C(C)Cc1ccccc1
A-995,"1,3-diethyl 2-butylpropanedioate",CCCCC(C(=O)OCC)C(=O)OCC
A-996,"2-(2-undecyl-4,5-dihydro-1H-imidazol-1-yl)ethanol",CCCCCCCCCCCC1=NCCN1CCO
A-997,1-chloro-4-(trifluoromethyl)benzene,FC(F)(F)c1ccc(Cl)cc1
A-998,4-(4-hydroxyphenyl)phenol,Oc1ccc(-c2ccc(O)cc2)cc1
A-999,"1,4-bis[(E)-prop-1-enoxy]cyclohexane 1,4-di(prop-1-enoxy)cyclohexane",C/C=C/OC1CCC(O/C=C/C)CC1
A-1000,"1,7-dioxacycloheptadecan-8-one",O=C1CCCCCCCCCOCCCCCO1
A-1002,9-Methylnonadecane,CCCCCCCCCCC(C)CCCCCCCC
A-1003,(E)-(carbamoylimino)urea; (Z)-(carbamoylimino)urea,NC(=O)N=NC(N)=O
A-1004,"2,4-di-tert-butylphenol",CC(C)(C)c1ccc(O)c(C(C)(C)C)c1
A-1005,3-(4-tert-butylphenyl)-2-methylpropanal,CC(C=O)Cc1ccc(C(C)(C)C)cc1
A-1006,3-amino-4-methoxy-N-phenylbenzamide,COc1ccc(C(=O)Nc2ccccc2)cc1N
A-1011,"2,2',2'',2'''-(ethane-1,2-diyldinitrilo)tetraacetonitrile",N#CCN(CC#N)CCN(CC#N)CC#N
A-1013,tert-butyl benzenecarboperoxoate,CC(C)(C)OOC(=O)c1ccccc1
A-1014,"1,1-difluoroethane",CC(F)F
A-1015,"3,7-dimethyloctan-3-ol",CCC(C)(O)CCCC(C)C
A-1016,"5-methoxy-1,3-dihydro-2H-benzimidazole-2-thione",COc1ccc2[nH]c(=S)[nH]c2c1
A-1018,bromo(trifluoro)methane,FC(F)(F)Br
A-1021,2-({[6-(oxiran-2-ylmethoxy)naphthalen-1-yl]oxy}methyl)oxirane,c1cc(OCC2CO2)c2ccc(OCC3CO3)cc2c1
A-1022,"(2E)-3,7-dimethylocta-2,6-dien-1-yl formate",CC(C)=CCC/C(C)=C/COC=O
A-1024,"(3E)-4-(2,5,6,6-tetramethylcyclohex-2-en-1-yl)but-3-en-2-one",CC(=O)/C=C/[C@H]1C(C)=CC[C@@H](C)C1(C)C
A-1025,cyclohexylmethyl-dimethoxysilane,CO[SiH](CC1CCCCC1)OC
A-1027,5-amino-2-[(E)-2-(4-amino-2-sulfophenyl)ethenyl]benzene-1-sulfonic acid,Nc1ccc(/C=C/c2ccc(N)cc2S(=O)(=O)O)c(S(=O)(=O)O)c1
A-1029,3-[hydroxy(phenyl)phosphoryl]propanoic acid,O=C(O)CCP(=O)(O)c1ccccc1
A-1030,(phenylmethanesulfinylmethyl)benzene,O=S(Cc1ccccc1)Cc1ccccc1
A-1032,2-[(E)-2-(1-cyano-1-methylethyl)diazen-1-yl]-2-methylpropanenitrile,CC(C)(C#N)N=NC(C)(C)C#N
A-1033,2-methylbutyl acrylate,C=CC(=O)OCC(C)CC
A-1034,"2-chloro-1,3-benzothiazole",Clc1nc2ccccc2s1
A-1038,"4,7-dichloroquinoline",Clc1ccc2c(Cl)ccnc2c1
A-1041,2-aminobenzenesulfonic acid,Nc1ccccc1S(=O)(=O)O
A-1043,4-acetamidobenzene-1-sulfonyl chloride,CC(=O)Nc1ccc(S(=O)(=O)Cl)cc1
A-1050,"2,2,6-trimethylcyclohexyl propanoate",CCC(=O)OC1C(C)CCCC1(C)C
A-1051,"1,4-dimethyl benzene-1,4-dicarboxylate",COC(=O)c1ccc(C(=O)OC)cc1
A-1052,2-heptylcyclopentan-1-one,CCCCCCCC1CCCC1=O
A-1053,benzyl 2-phenylacetate,O=C(Cc1ccccc1)OCc1ccccc1
A-1056,"N,N-dimethyl[(dimethylcarbamothioyl)sulfanyl]carbothioamide",CN(C)C(=S)SC(=S)N(C)C
A-1058,"3,7-dimethyloct-6-en-1-ol",CC(C)=CCC[C@@H](C)CCO
A-1059,"4,7-dimethyloct-6-en-3-one",CCC(=O)C(C)CC=C(C)C
A-1060,"2-amino-3,5-dimethylbenzene-1-sulfonic acid",Cc1cc(C)c(N)c(S(=O)(=O)O)c1
A-1065,4-[2-(4-hydroxyphenyl)propan-2-yl]phenol,CC(C)(c1ccc(O)cc1)c1ccc(O)cc1
A-1066,"2,2,2-trichloroacetaldehyde",O=CC(Cl)(Cl)Cl
A-1076,"2,4-dihydro-1H-3,1-benzoxazine-2,4-dione",O=c1[nH]c2ccccc2c(=O)o1
A-1085,"methyl 2-[(4-amino-3,5-dichloro-6-fluoropyridin-2-yl)oxy]acetate",COC(=O)COc1nc(F)c(Cl)c(N)c1Cl
A-1088,"3,7-dimethylocta-1,6-dien-3-yl acetate",C=CC(C)(CCC=C(C)C)OC(C)=O
A-1091,"2,6-di-tert-butylphenol",CC(C)(C)c1cccc(C(C)(C)C)c1O
A-1092,"7-{[4,5-dihydroxy-6-(hydroxymethyl)-3-[(3,4,5-trihydroxy-6-methyloxan-2-yl)oxy]oxan-2-yl]oxy}-5-hydroxy-2-(3-hydroxy-4-methoxyphenyl)-3,4-dihydro-2H-1-benzopyran-4-one",COc1ccc([C@@H]2CC(=O)c3c(O)cc(O[C@@H]4O[C@H](CO)[C@@H](O)[C@H](O)[C@H]4O[C@@H]4O[C@@H](C)[C@H](O)[C@@H](O)[C@H]4O)cc3O2)cc1O
A-1094,2-ethylhexyl acetate,CCCCC(CC)COC(C)=O
A-1095,2-methyldecanenitrile,CCCCCCCCC(C)C#N
A-1097,6-methylhept-1-ene,C=CCCCC(C)C
A-1098,"6-chloro-5-(2-chloroethyl)-2,3-dihydro-1H-indol-2-one",O=C1Cc2cc(CCCl)c(Cl)cc2N1
A-1099,bis(2-butoxyethyl) adipate,CCCCOCCOC(=O)CCCCC(=O)OCCOCCCC
A-1100,"1,1'-ethane-1,1-diyldibenzene",CC(c1ccccc1)c1ccccc1
A-1101,1-benzyl-2-methylbenzene; 1-benzyl-3-methylbenzene; 1-benzyl-4-methylbenzene,Cc1ccccc1Cc1ccccc1
A-1105,"17-Hydroxy-19-norpregn-4-ene-3,20-dione 17-acetate",CC(=O)O[C@]1(C(C)=O)CC[C@H]2[C@@H]3CCC4=CC(=O)CC[C@@H]4[C@H]3CC[C@@]21C
A-1106,"2,5-dianilinoterephthalic acid",O=C(O)c1cc(Nc2ccccc2)c(C(=O)O)cc1Nc1ccccc1
A-1107,benzyl (2E)-3-phenylprop-2-enoate,O=C(/C=C/c1ccccc1)OCc1ccccc1
A-1110,"4,6-di(phenyl)-5H-1,3,5-triazin-2-one",O=c1nc(-c2ccccc2)[nH]c(-c2ccccc2)n1
A-1112,"1,5-dimethyl-1-vinylhex-4-en-1-yl 2-methylpropanoate",C=CC(C)(CCC=C(C)C)OC(=O)C(C)C
A-1113,"(diphenylphosphoroso)(2,4,6-trimethylphenyl)methanone",Cc1cc(C)c(C(=O)P(=O)(c2ccccc2)c2ccccc2)c(C)c1
A-1114,"3-[(2-ethylhexanoyl)oxy]-2,2-dimethylpropyl 2-ethylhexanoate",CCCCC(CC)C(=O)OCC(C)(C)COC(=O)C(CC)CCCC
A-1116,"ethyl 2,2-dimethyl-3-(2-methylprop-1-en-1-yl)cyclopropane-1-carboxylate",CCOC(=O)C1C(C=C(C)C)C1(C)C
A-1120,"1-(6-tert-butyl-1,1-dimethyl-2,3-dihydro-1H-inden-4-yl)ethan-1-one",CC(=O)c1cc(C(C)(C)C)cc2c1CCC2(C)C
A-1121,"N-(4-amino-3-methoxy-9,10-dioxo-9,10-dihydroanthracen-1-yl)-4-methylbenzene-1-sulfonamide",COc1cc(NS(=O)(=O)c2ccc(C)cc2)c2c(c1N)C(=O)c1ccccc1C2=O
A-1123,"2,5-bis[(4-methylphenyl)amino]terephthalic acid",Cc1ccc(Nc2cc(C(=O)O)c(Nc3ccc(C)cc3)cc2C(=O)O)cc1
A-1125,"(Z)-N-(4-chloro-2,5-dimethoxyphenyl)-3-hydroxynaphthalene-2-carboximidic acid",COc1cc(NC(=O)c2cc3ccccc3cc2O)c(OC)cc1Cl
A-1126,2-ethylhexyl 2-methylprop-2-enoate,C=C(C)C(=O)OCC(CC)CCCC
A-1127,3-(chloromethyl)heptane,CCCCC(CC)CCl
A-1128,4-amino-N-(4-carbamoylphenyl)benzamide,NC(=O)c1ccc(NC(=O)c2ccc(N)cc2)cc1
A-1132,10-(prop-2-enoyloxy)decyl prop-2-enoate,C=CC(=O)OCCCCCCCCCCOC(=O)C=C
A-1133,17-hydroxy-1-methylandrostan-3-one,C[C@H]1CC(=O)C[C@@H]2CC[C@H]3[C@@H]4CC[C@H](O)[C@@]4(C)CC[C@@H]3[C@]21C
A-1134,"2,2,4,4-Tetramethyl-7-oxa-3,20-diazadispiro(5.1.11.2)heneicosan-21-one",CC1(C)CC2(CC(C)(C)N1)OC1(CCCCCCCCCCC1)NC2=O
A-1135,"2,4-bis(2-methylbutan-2-yl)phenol",CCC(C)(C)c1ccc(O)c(C(C)(C)CC)c1
A-1139,oxydiethylene bis(chloroformate),O=C(Cl)OCCOCCOC(=O)Cl
A-1141,(3-phenoxyphenyl)methanol,OCc1cccc(Oc2ccccc2)c1
A-1143,azacyclotridecan-2-one,O=C1CCCCCCCCCCCN1
A-1144,methyl 3-phenylacrylate,COC(=O)/C=C/c1ccccc1
A-1145,"2-methyl-4,6-bis(methylsulfanyl)benzene-1,3-diamine; 4-methyl-2,6-bis(methylsulfanyl)benzene-1,3-diamine",CSc1cc(SC)c(N)c(C)c1N
A-1148,"4-allyl-1,2-dimethoxybenzene",C/C=C/c1ccc(OC)c(OC)c1
A-1149,2-methylquinolin-8-ol,Cc1ccc2cccc(O)c2n1
A-1153,"3-[2,2-dimethyl-3-(3-prop-2-enoyloxypropoxy)propoxy]propyl prop-2-enoate",C=CC(=O)OCCCOCC(C)(C)COCCCOC(=O)C=C
A-1154,pentyl formate,CCCCCOC=O
A-1155,"1,3-dimethyl benzene-1,3-dicarboxylate",COC(=O)c1cccc(C(=O)OC)c1
A-1157,hexyl 2-methylprop-2-enoate,C=C(C)C(=O)OCCCCCC
A-1158,"2,3,5,6-tetrachloropyridine",Clc1cc(Cl)c(Cl)nc1Cl
A-1160,"4-naphthalen-2-yl-1,3-thiazol-2-amine",Nc1nc(-c2ccc3ccccc3c2)cs1
A-1161,2-benzylheptan-1-ol,CCCCCC(CO)Cc1ccccc1
A-1163,decanal,CCCCCCCCCC=O
A-1167,"4,8-dimethyldeca-4,9-dienal",C=CC(C)CC/C=C(\C)CCC=O
A-1168,"methyl 2,2,2-trifluoroacetate",COC(=O)C(F)(F)F
A-1170,3-ethoxy-4-hydroxybenzaldehyde,CCOc1cc(C=O)ccc1O
A-1172,4-phenylbutan-2-one,CC(=O)CCc1ccccc1
A-1173,"N-(4-chloro-2,5-dimethoxyphenyl)-3-oxobutanamide",COc1cc(NC(=O)CC(C)=O)c(OC)cc1Cl
A-1174,3-phenylprop-2-en-1-yl acetate,CC(=O)OC/C=C/c1ccccc1
A-1177,"[2-[2-oxo-5-(2,4,4-trimethylpentan-2-yl)-3H-1-benzofuran-3-yl]-4-(2,4,4-trimethylpentan-2-yl)phenyl] acetate",CC(=O)Oc1ccc(C(C)(C)CC(C)(C)C)cc1C1C(=O)Oc2ccc(C(C)(C)CC(C)(C)C)cc21
A-1181,"2,6-dimethyloctan-2-ol",CCC(C)CCCC(C)(C)O
A-1185,3-amino-4-hydroxybenzene-1-sulfonic acid,Nc1cc(S(=O)(=O)O)ccc1O
A-1193,"2-methyl-4-(2,2,3-trimethylcyclopent-3-en-1-yl)butan-1-ol",CC1=CCC(CCC(C)CO)C1(C)C
A-1196,"N,N-dimethyldodecanamide",CCCCCCCCCCCC(=O)N(C)C
A-1197,4-tert-butylcyclohexan-1-ol,CC(C)(C)C1CCC(O)CC1
A-1199,"N,N-dimethyltetradecan-1-amine",CCCCCCCCCCCCCCN(C)C
A-1206,1-(2-naphthyl)ethanone,CC(=O)c1ccc2ccccc2c1
A-1212,"1,1'-oxybis(3-methylbutane)",CC(C)CCOCCC(C)C
A-1214,"1,2-dichloro-4-methylbenzene",Cc1ccc(Cl)c(Cl)c1
A-1215,"4-amino-2,5-dimethoxy-N-phenylbenzenesulfonamide",COc1cc(S(=O)(=O)Nc2ccccc2)c(OC)cc1N
A-1222,tris(2-methylpropyl) phosphate,CC(C)COP(=O)(OCC(C)C)OCC(C)C
A-1225,methyl 2-methylbenzoate,COC(=O)c1ccccc1C
A-1227,1-(acetyloxy)but-3-en-2-yl acetate,C=C[C@@H](COC(C)=O)OC(C)=O
A-1228,3-aminophenol,Nc1cccc(O)c1
A-1231,"2-[2-ethoxy-5-(4-ethylpiperazin-1-yl)sulfonylphenyl]-5-methyl-7-propyl-1H-imidazo[5,1-f][1,2,4]triazin-4-one",CCCc1nc(C)c2c(=O)nc(-c3cc(S(=O)(=O)N4CCN(CC)CC4)ccc3OCC)[nH]n12
A-1232,(9E)-N-[3-(dimethylamino)propyl]octadec-9-enamide,CCCCCCCC/C=C/CCCCCCCC(=O)NCCCN(C)C
A-1233,"1,3-dichloro-2-methylbenzene",Cc1c(Cl)cccc1Cl
A-1234,cyclododecanone,O=C1CCCCCCCCCCC1
A-1235,"3,7-dimethyloct-6-en-1-yn-3-ol",C#CC(C)(O)CCC=C(C)C
A-1237,3-amino-4-methoxybenzenesulfonic acid,COc1ccc(S(=O)(=O)O)cc1N
A-1239,"(3,4-dihydroxyphenyl)-phenylmethanone",O=C(c1ccccc1)c1ccc(O)c(O)c1
A-1245,3-(aminomethyl)heptane,CCCCC(CC)CN
A-1246,3-chloro-4-methylaniline,Cc1ccc(N)cc1Cl
A-1252,"4-[1,1-bis(4-hydroxyphenyl)ethyl]phenol",CC(c1ccc(O)cc1)(c1ccc(O)cc1)c1ccc(O)cc1
A-1254,"2,4-dichloro-1-methylbenzene",Cc1ccc(Cl)cc1Cl
A-1255,"(4-methoxy-2,2-dimethyl-3a,4,6,6a-tetrahydrofuro[3,4-d][1,3]dioxol-6-yl)methyl 4-methylbenzenesulfonate",COC1OC(COS(=O)(=O)c2ccc(C)cc2)C2OC(C)(C)OC12
A-1256,1-methoxy-2-methylbenzene,COc1ccccc1C
A-1258,"(2,4-dichlorophenyl)acetic acid",O=C(O)Cc1ccc(Cl)cc1Cl
A-1263,4-chlorobenzonitrile,N#Cc1ccc(Cl)cc1
A-1269,4-(propan-2-yl)benzaldehyde,CC(C)c1ccc(C=O)cc1
A-1270,4-[(2-methylprop-2-enoyl)oxy]butyl 2-methylprop-2-enoate,C=C(C)C(=O)OCCCCOC(=O)C(=C)C
A-1274,1-(3-chlorophenyl)propan-1-one,CCC(=O)c1cccc(Cl)c1
A-1275,2-(phenoxymethyl)oxirane,c1ccc(OCC2CO2)cc1
A-1276,nonanedioic acid,O=C(O)CCCCCCCC(=O)O
A-1277,"1,6-dioxacycloheptadecan-7-one",O=C1CCCCCCCCCCOCCCCO1
A-1280,"3,7-dimethyloctanal",CC(C)CCCC(C)CC=O
A-1286,"1,3-diphenylthiourea",S=C(Nc1ccccc1)Nc1ccccc1
A-1290,Fluocortolone,C[C@@H]1C[C@H]2[C@@H]3C[C@H](F)C4=CC(=O)C=C[C@]4(C)[C@H]3[C@@H](O)C[C@]2(C)[C@H]1C(=O)CO
A-1292,"3-methyl-1,1-diphenylurea",CNC(=O)N(c1ccccc1)c1ccccc1
A-1293,biphenyl-2-amine,Nc1ccccc1-c1ccccc1
A-1294,1-{[bis(2-chloroethoxy)phosphoryl]oxy}-2-({[bis(2-chloroethoxy)phosphoryl]oxy}methyl)-3-chloro-2-(chloromethyl)propane,O=P(OCCCl)(OCCCl)OCC(CCl)(CCl)COP(=O)(OCCCl)OCCCl
A-1295,"cyclohexane-1,4-dicarboxylic acid",O=C(O)C1CCC(C(=O)O)CC1
A-1298,2-(7-ethyl-1H-indol-3-yl)ethan-1-ol,CCc1cccc2c(CCO)c[nH]c12
A-1302,"3-(1-ethoxyethoxy)-3,7-dimethylocta-1,6-diene",C=CC(C)(CCC=C(C)C)OC(C)OCC
A-1305,1-cyclohexylethyl butanoate,CCCC(=O)OC(C)C1CCCCC1
A-1306,"2-ethyl-3-hydroxy-2-[2-(6-methoxy-3,4-dihydronaphthalen-1(2H)-ylidene)ethyl]cyclopentanone",CCC1(CC=C2CCCc3cc(OC)ccc32)C(=O)CCC1O
A-1308,butylbenzene,CCC(C)c1ccccc1
A-1311,1-methyl-1-(4-methylcyclohex-3-en-1-yl)ethyl acetate,CC(=O)OC(C)(C)C1CC=C(C)CC1
A-1312,"3,7,11-trimethyldodeca-1,6,10-trien-3-ol,mixed isomers",C=CC(C)(O)CC/C=C(\C)CCC=C(C)C
A-1313,6-[(2-methylprop-2-enoyl)oxy]hexyl 2-methylprop-2-enoate,C=C(C)C(=O)OCCCCCCOC(=O)C(=C)C
A-1315,4-(trifluoromethyl)aniline,Nc1ccc(C(F)(F)F)cc1
A-1325,2-(2-butoxyethoxy)ethyl 2-methylprop-2-enoate,C=C(C)C(=O)OCCOCCOCCCC
A-1327,"4-[1,1,1,3,3,3-hexafluoro-2-(4-hydroxyphenyl)propan-2-yl]phenol",Oc1ccc(C(c2ccc(O)cc2)(C(F)(F)F)C(F)(F)F)cc1
A-1328,1-(naphthalen-1-yl)ethan-1-one,CC(=O)c1cccc2ccccc12
A-1329,4-(propan-2-yl)aniline,CC(C)c1ccc(N)cc1
A-1333,4-methoxyaniline,COc1ccc(N)cc1
A-1336,prop-2-en-1-yl 2-methylprop-2-enoate,C=CCOC(=O)C(=C)C
A-1337,"1,1,2,2,3,3,4,4-octafluoro-1,4-diiodobutane",FC(F)(I)C(F)(F)C(F)(F)C(F)(F)I
A-1339,"2,6-di-tert-butyl-4-(hydroxymethyl)phenol",CC(C)(C)c1cc(CO)cc(C(C)(C)C)c1O
A-1341,[2-(3-methylbutoxy)ethyl]benzene,CC(C)CCOCCc1ccccc1
A-1343,2-hydroxynaphthalene-1-carbaldehyde,O=Cc1c(O)ccc2ccccc12
A-1345,"5-nitropyrimidine-2,4,6-triamine",Nc1nc(N)c(N=O)c(N)n1
A-1347,4-[4-[[4-chloro-3-(trifluoromethyl)phenyl]carbamoylamino]phenoxy]-N-methylpyridine-2-carboxamide,CNC(=O)c1cc(Oc2ccc(NC(=O)Nc3ccc(Cl)c(C(F)(F)F)c3)cc2)ccn1
A-1348,2-methoxy-4-(methoxymethyl)phenol,COCc1ccc(O)c(OC)c1
A-1349,3-pentyloxan-4-yl acetate,CCCCCC1COCCC1OC(C)=O
A-1350,"4-[(E)-2-phenyldiazen-1-yl]benzene-1,3-diamine",Nc1ccc(N=Nc2ccccc2)c(N)c1
A-1351,2-tert-Butyl-4-methoxyphenol,COc1ccc(O)c(C(C)(C)C)c1
A-1352,4-piperidin-4-ylmorpholine,C1CC(N2CCOCC2)CCN1
A-1354,triethoxy(2-methylpropyl)silane,CCO[Si](CC(C)C)(OCC)OCC
A-1357,ethyl 2-methyl-2-phenylpropanoate,CCOC(=O)C(C)(C)c1ccccc1
A-1361,dithioxomethane,S=C=S
A-1363,"1,1-dimethoxyoctane",CCCCCCCC(OC)OC
A-1364,"1,4,7,10-tetrazacyclododecane",C1CNCCNCCNCCN1
A-1366,undec-10-enal,C=CCCCCCCCCC=O
A-1370,2-[4-(2-methylpropyl)phenyl]propanoic acid,CC(C)Cc1ccc(C(C)C(=O)O)cc1
A-1377,1-(3-methoxyphenyl)ethan-1-one,COc1cccc(C(C)=O)c1
A-1381,1H-benzimidazole,c1ccc2[nH]cnc2c1
A-1382,cyanuric acid,O=c1[nH]c(=O)[nH]c(=O)[nH]1
A-1383,"1-(3-chloropropyl)-2,3-dihydro-1H-1,3-benzodiazol-2-one",O=c1[nH]c2ccccc2n1CCCCl
A-1385,2-chloropyridine,Clc1ccccn1
A-1387,"2,5-dichlorophenol",Oc1cc(Cl)ccc1Cl
A-1390,"1,10-bis(2-ethylhexyl) decanedioate",CCCCC(CC)COC(=O)CCCCCCCCC(=O)OCC(CC)CCCC
A-1397,Spironolactone intermediate,C[C@]12CCC(=O)C=C1CC[C@@H]1[C@@H]2CC[C@@]2(C)[C@H]1CC[C@@]21CCC(=O)O1
A-1399,"2,2-bis({[(2-methylprop-2-enoyl)oxy]methyl})butyl 2-methylprop-2-enoate",C=C(C)C(=O)OCC(CC)(COC(=O)C(=C)C)COC(=O)C(=C)C
A-1400,3-methyl-4-propan-2-ylphenol,Cc1cc(O)ccc1C(C)C
A-1401,1-Isopropyl-2-methoxy-4-methylcyclohexane,COC1CC(C)CCC1C(C)C
A-1404,"3,7,7-trimethylbicyclo[4.1.0]hept-3-ene",CC1=CCC2C(C1)C2(C)C
A-1405,(4Z)-cyclopentadec-4-en-1-one,O=C1CC/C=C\CCCCCCCCCC1
A-1407,ditolyl ether,Cc1ccccc1Oc1ccccc1C
A-1409,1-(propan-2-yl)naphthalene; 2-(propan-2-yl)naphthalene,CC(C)c1cccc2ccccc12
A-1410,2-(dimethylamino)-2-[(4-methylphenyl)methyl]-1-[4-(morpholin-4-yl)phenyl]butan-1-one,CCC(Cc1ccc(C)cc1)(C(=O)c1ccc(N2CCOCC2)cc1)N(C)C
A-1420,"1-(2,3,8,8-tetramethyl-1,3,4,5,6,7-hexahydronaphthalen-2-yl)ethanone",CC(=O)C1(C)CC2=C(CCCC2(C)C)CC1C
A-1422,"5-chloro-2-(2,4-dichlorophenoxy)aniline",Nc1cc(Cl)ccc1Oc1ccc(Cl)cc1Cl
A-1423,dihexyl adipate,CCCCCCOC(=O)CCCCC(=O)OCCCCCC
A-1429,"2-(3,8-dimethyl-1,2,3,4,5,6,7,8-octahydroazulen-5-yl)propan-2-yl acetate",CC(=O)OC(C)(C)C1CCC(C)C2=C(C1)C(C)CC2
A-1431,11-ethyl-5-methylpentadecanoic acid,CCCCC(CC)CCCCCC(C)CCCC(=O)O
A-1432,"3,7,11-trimethyldodec-1-yn-3-ol",C#CC(C)(O)CCCC(C)CCCC(C)C
A-1436,"1,1,2-trifluoro-2-(pentafluoroethoxy)ethene",FC(F)=C(F)OC(F)(F)C(F)(F)F
A-1440,"2,4,4-trimethylpent-1-ene",C=C(C)CC(C)(C)C
A-1447,"2,5-bis(tert-butylperoxy)-2,5-dimethylhex-3-yne",CC(C)(C)OOC(C)(C)C#CC(C)(C)OOC(C)(C)C
A-1448,2-butyloctanoic acid,CCCCCCC(CCCC)C(=O)O
A-1449,2-ethylhexyl 4-aminobenzoate,CCCCC(CC)COC(=O)c1ccc(N)cc1
A-1452,"butyl 4,4-bis(tert-butylperoxy)pentanoate",CCCCOC(=O)CCC(C)(OOC(C)(C)C)OOC(C)(C)C
A-1453,"2,3-dichloro-1,4-naphthoquinone",O=C1C(Cl)=C(Cl)C(=O)c2ccccc21
A-1461,1-chloro-2-(trichloromethyl)benzene,Clc1ccccc1C(Cl)(Cl)Cl
A-1462,decyl acetate,CCCCCCCCCCOC(C)=O
A-1464,2-{methyl[(nonafluorobutyl)sulfonyl]amino}ethyl acrylate,C=CC(=O)OCCN(C)S(=O)(=O)C(F)(F)C(F)(F)C(F)(F)C(F)(F)F
A-1466,2-phenylhexanenitrile,CCCCC(C#N)c1ccccc1
A-1467,"1,1,1-TRICHLORO-2,2,2-TRIFLUOROETHANE",FC(F)(F)C(Cl)(Cl)Cl
A-1468,2-methyldodecan-1-ol,CC(C)CCCCCCCCCCO
A-1470,N-(2-ethoxyphenyl)-3-hydroxynaphthalene-2-carboxamide,CCOc1ccccc1NC(=O)c1cc2ccccc2cc1O
A-1473,diisopropyl sebacate,CC(C)OC(=O)CCCCCCCCC(=O)OC(C)C
A-1474,hexyl 2-hydroxybenzoate,CCCCCCOC(=O)c1ccccc1O
A-1475,"octadecane-1,12-diol",CCCCCCC(O)CCCCCCCCCCCO
A-1476,"tetrachlorocyclohexa-2,5-diene-1,4-dione",O=C1C(Cl)=C(Cl)C(=O)C(Cl)=C1Cl
A-1479,4-[(2-chloroethyl)(ethyl)amino]benzaldehyde,CCN(CCCl)c1ccc(C=O)cc1
A-1481,3-methylbutyl propanoate,CCC(=O)OCCC(C)C
A-1482,"(2E)-1-(2,6,6-trimethylcyclohex-1-en-1-yl)but-2-en-1-one",C=C[C@]1(C)CC[C@@H](C(C)(C)O)C[C@H]1C(=C)C
A-1484,oct-1-en-3-ol,C=CC(O)CCCCC
A-1485,hexafluoroprop-1-ene,FC(F)=C(F)C(F)(F)F
A-1488,"(8R,9S,13S,14S,17S)-13-ethyl-3-methoxy-6,7,8,9,11,12,14,15,16,17-decahydrocyclopenta[a]phenanthren-17-ol",CC[C@]12CC[C@@H]3c4ccc(OC)cc4CC[C@H]3[C@@H]1CC[C@@H]2O
A-1489,4-[2-(4-hydroxycyclohexyl)propan-2-yl]cyclohexan-1-ol,CC(C)(C1CCC(O)CC1)C1CCC(O)CC1
A-1490,"9-[2-(2-methoxyethoxy)ethoxy]-9-[3-(oxiran-2-ylmethoxy)propyl]-2,5,8,10,13,16-hexaoxa-9-silaheptadecane",COCCOCCO[Si](CCCOCC1CO1)(OCCOCCOC)OCCOCCOC
A-1495,"1-chloro-1,1-difluoroethane",CC(F)(F)Cl
A-1497,difluoromethane,FCF
A-1498,2-[(1Z)-({2-[(E)-[(2-hydroxyphenyl)methylidene]amino]propyl}imino)methyl]phenol,CC(CN/C=C1/C=CC=CC1=O)N/C=C1/C=CC=CC1=O
A-1501,4-[4-(propan-2-yloxy)benzenesulfonyl]phenol,CC(C)Oc1ccc(S(=O)(=O)c2ccc(O)cc2)cc1
A-1503,tetramethylsilane,C[Si](C)(C)C
A-1505,"2,2'-(2,5-dichloro-1,4-phenylene)bis(1H-anthra[1,2-d]imidazole-6,11-dione)",O=C1c2ccccc2C(=O)c2c1ccc1[nH]c(-c3cc(Cl)c(-c4nc5c6c(ccc5[nH]4)C(=O)c4ccccc4C6=O)cc3Cl)nc21
A-1506,"3,5,5-trimethylhexyl acetate",CC(=O)OCCC(C)CC(C)(C)C
A-1508,"benzene-1,4-dicarbonyl dichloride",O=C(Cl)c1ccc(C(=O)Cl)cc1
A-1509,oxolan-2-ylmethyl 2-methylprop-2-enoate,C=C(C)C(=O)OCC1CCCO1
A-1511,benzyl 2-methylprop-2-enoate,C=C(C)C(=O)OCc1ccccc1
A-1513,diethyl carbonate,CCOC(=O)OCC
A-1515,"(2E)-1-(2,6,6-trimethylcyclohexa-1,3-dien-1-yl)but-2-en-1-one",C/C=C/C(=O)C1=C(C)C=CCC1(C)C
A-1518,octylphosphonic acid,CCCCCCCCP(=O)(O)O
A-1519,calcium dimagnesium(2+) ion tetrahydroxide oxidandiide,C[C@]12CCC(=O)C=C1CC[C@@H]1[C@@H]2CC[C@]2(C)C(=O)CC(O)[C@@H]12
A-1520,"4-chloro-2,5-dimethoxyaniline",COc1cc(Cl)c(OC)cc1N
A-1523,3-methylbutyl butanoate,CCCC(=O)OCCC(C)C
A-1524,3-(cyclohexylamino)propane-1-sulfonic acid,O=S(=O)(O)CCCNC1CCCCC1
A-1528,(2E)-2-(phenylmethylidene)heptanal,CCCCC/C(C=O)=C/c1ccccc1
A-1532,1-bromo-3-chloropropane,ClCCCBr
A-1533,"2,2,2-trichloroethane-1,1-diol",OC(O)C(Cl)(Cl)Cl
A-1538,5-hydroxyisophthalic acid,O=C(O)c1cc(O)cc(C(=O)O)c1
A-1540,"1,6-bis(propan-2-yl) hexanedioate",CC(C)OC(=O)CCCCC(=O)OC(C)C
A-1541,"2,2,5-trimethyl-5-pentylcyclopentanone",CCCCCC1(C)CCC(C)(C)C1=O
A-1542,cyclododecanol,OC1CCCCCCCCCCC1
A-1543,"3,3,4,4,5,5,6,6,7,7,8,8,8-tridecafluorooctan-1-ol",OCCC(F)(F)C(F)(F)C(F)(F)C(F)(F)C(F)(F)C(F)(F)F
A-1544,"bis(2,2,6,6-tetramethylpiperidin-4-yl) decanedioate",CC1(C)CNCC(C)(C)C1OC(=O)CCCCCCCCC(=O)OC1C(C)(C)CNCC1(C)C
A-1545,"1,1,5-trimethylhept-6-en-1-yl acetate",C=CC(C)CCCC(C)(C)OC(C)=O
A-1547,"1,2-bis(2-methylpropyl) cyclohexane-1,2-dicarboxylate",CC(C)COC(=O)C1CCCCC1C(=O)OCC(C)C
A-1549,"3,3,5-trimethylcyclohexyl prop-2-enoate",C=CC(=O)OC1CC(C)CC(C)(C)C1
A-1550,cyclohexyl(phenyl)methanone,O=C(c1ccccc1)C1CCCCC1
A-1553,"tris(1,3-dichloropropan-2-yl) phosphate",O=P(OC(CCl)CCl)(OC(CCl)CCl)OC(CCl)CCl
A-1556,"methyl 2,4-dihydroxy-3,6-dimethylbenzoate",COC(=O)c1c(C)cc(O)c(C)c1O
A-1562,4-methyl-1-(propan-2-yl)cyclohex-3-en-1-ol,CC1=CCC(O)(C(C)C)CC1
A-1565,3-iodoprop-2-yn-1-yl N-butylcarbamate,CCCCNC(=O)OCC#CI
A-1570,"5-amino-6-methyl-2,3-dihydro-1H-1,3-benzodiazol-2-one",Cc1cc2[nH]c(=O)[nH]c2cc1N
A-1576,2-(tert-butylperoxy)-2-methylpropane,CC(C)(C)OOC(C)(C)C
A-1579,"2,3-dihydro-1,2-benzothiazol-3-one",O=c1[nH]sc2ccccc12
A-1585,2-methyl-1-[4-(methylsulfanyl)phenyl]-2-(morpholin-4-yl)propan-1-one,CSc1ccc(C(=O)C(C)(C)N2CCOCC2)cc1
A-1587,Isolongifolanone,CC1(C)C2CCC3(C2)C1C(=O)CCC3(C)C
A-1588,"1,1-dimethylpropyl 2-(ethylperoxy)hexanoate",CCCCC(CC)C(=O)OOC(C)(C)CC
A-1591,"1,1-dimethoxycyclododecane",COC1(OC)CCCCCCCCCCC1
A-1599,"5-[(5-sulfanylidene-4,5-dihydro-1,3,4-thiadiazol-2-yl)disulfanyl]-2,3-dihydro-1,3,4-thiadiazole-2-thione",S=c1[nH]nc(SSc2n[nH]c(=S)s2)s1
A-1608,ethyl 2-methyl-4-oxo-6-pentylcyclohex-2-ene-1-carboxylate,CCCCCC1CC(=O)C=C(C)C1C(=O)OCC
A-1617,"2,3,4,5,6,7-hexahydro-1H-isoindole-1,3-dione",O=C1NC(=O)C2=C1CCCC2
A-1619,2-phenylethyl 2-methylpropanoate,CC(C)C(=O)OCCc1ccccc1
A-1623,"N,N-dimethyldecan-1-amine",CCCCCCCCCCN(C)C
A-1624,ethyl 3-[(diisopropoxyphosphorothioyl)sulfanyl]propanoate,CCOC(=O)CCSP(=S)(OC(C)C)OC(C)C
A-1626,4-Tricyclodecylidene butanal,O=CCC/C=C1\CC2CC1C1CCCC21
A-1627,2-methyloctane-2-thiol,CCCCCCC(C)(C)S
A-1628,"3,7-dimethyloct-6-en-1-yl formate",CC(C)=CCCC(C)CCOC=O
A-1629,O-(4-bromo-2-chlorophenyl) O-ethyl S-propyl thiophosphate,CCCSP(=O)(OCC)Oc1ccc(Br)cc1Cl
A-1634,2-methyldecanal,CCCCCCCCC(C)C=O
A-1635,"dimethyl 2,5-dioxocyclohexane-1,4-dicarboxylate",COC(=O)C1CC(=O)C(C(=O)OC)CC1=O
A-1640,"2,3,6-trimethylphenol",Cc1ccc(C)c(O)c1C
A-1646,2-octanamidoacetic acid,CCCCCCCC(=O)NCC(=O)O
A-1647,"(1,5,5-trimethyl-6-bicyclo[2.2.1]heptanyl) acetate",CC(=O)OC1C2(C)CCC(C2)C1(C)C
A-1650,(2S)-2-{[(benzyloxy)carbonyl]amino}-2-cyclohexylacetic acid,O=C(N[C@H](C(=O)O)C1CCCCC1)OCc1ccccc1
A-1651,"(4E)-3-methyl-5-(2,6,6-trimethylcyclohex-1-en-1-yl)penta-1,4-dien-3-ol",C=CC(C)(O)/C=C/C1=C(C)CCCC1(C)C
A-1652,methyl oct-2-ynoate,CCCCCC#CC(=O)OC
A-1665,phenyl 2-hydroxybenzoate,O=C(Oc1ccccc1)c1ccccc1O
A-1668,"3,7-dimethyloct-6-en-1-yl acetate",CC(=O)OCCC(C)CCC=C(C)C
A-1669,"3,3,4,4,5,5,6,6,6-nonafluorohex-1-ene",C=CC(F)(F)C(F)(F)C(F)(F)C(F)(F)F
A-1670,2-phenylethyl 2-phenylacetate,O=C(Cc1ccccc1)OCCc1ccccc1
A-1672,"2-({2,2-bis[(prop-2-enoyloxy)methyl]butoxy}methyl)-2-[(prop-2-enoyloxy)methyl]butyl prop-2-enoate",C=CC(=O)OCC(CC)(COCC(CC)(COC(=O)C=C)COC(=O)C=C)COC(=O)C=C
A-1674,"(2,4,6-trioxo-1,3,5-triazine-1,3,5(2H,4H,6H)-triyl)tri-2,1-ethanediyl triacrylate",C=CC(=O)OCCn1c(=O)n(CCOC(=O)C=C)c(=O)n(CCOC(=O)C=C)c1=O
A-1677,4-isopropylbenzonitrile,CC(C)c1ccc(C#N)cc1
A-1678,"1,2-bis(prop-2-en-1-yl) benzene-1,2-dicarboxylate",C=CCOC(=O)c1ccccc1C(=O)OCC=C
A-1679,"1,3-diphenylguanidine",NC(=Nc1ccccc1)Nc1ccccc1
A-1680,2-methylpropane-2-thiol,CC(C)(C)S
A-1685,"3,3,5-trimethylcyclohexanol",CC1CC(O)CC(C)(C)C1
A-1690,(2E)-3-phenylprop-2-enal,O=C/C=C/c1ccccc1
A-1692,"1,1,2,2,3,3,4,4,4-nonafluoro-N-(2-hydroxyethyl)-N-methylbutane-1-sulfonamide",CN(CCO)S(=O)(=O)C(F)(F)C(F)(F)C(F)(F)C(F)(F)F
A-1693,"N-[(8E)-1,5-dimethylbicyclo[3.2.1]octan-8-ylidene]hydroxylamine",CC12CCCC(C)(CC1)C2=NO
A-1700,"(2E)-1-(2,6,6-trimethylcyclohex-2-en-1-yl)but-2-en-1-one",C/C=C/C(=O)C1C(C)=CCCC1(C)C
A-1703,"dipropyl cyclohexane-1,2-dicarboxylate",CCCOC(=O)C1CCCCC1C(=O)OCCC
A-1704,"2-(4-aminophenyl)-6-methyl-1,3-benzothiazole-7-sulfonic acid",Cc1ccc2nc(-c3ccc(N)cc3)sc2c1S(=O)(=O)O
A-1705,"1,4-dioxacycloheptadecane-5,17-dione",O=C1CCCCCCCCCCCC(=O)OCCO1
A-1707,5-chloro-2-(4-chlorophenoxy)phenol,Oc1cc(Cl)ccc1Oc1ccc(Cl)cc1
A-1708,"(3E)-3,7-dimethylocta-1,3,6-triene",C=C/C(C)=C/CC=C(C)C
A-1710,"tert-butyl 3,5,5-trimethylhexaneperoxoate",CC(CC(=O)OOC(C)(C)C)CC(C)(C)C
A-1712,"N~2~-(4,6-diamino-1,3,5-triazin-2-yl)-1,3,5-triazine-2,4,6-triamine",Nc1nc(N)nc(Nc2nc(N)nc(N)n2)n1
A-1713,butyl 2-({[(2-butoxy-2-oxoethyl)sulfanyl]methyl}sulfanyl)acetate,CCCCOC(=O)CSCSCC(=O)OCCCC
A-1714,methyl 1-methyl-4-(propan-2-yl)bicyclo[2.2.2]oct-5-ene-2-carboxylate,COC(=O)C1CC2(C(C)C)C=CC1(C)CC2
A-1716,2-phenylpropane-2-peroxol,CC(C)(OO)c1ccccc1
A-1718,7-oxabicyclo[4.1.0]heptan-3-ylmethyl 7-oxabicyclo[4.1.0]heptane-3-carboxylate,O=C(OCC1CCC2OC2C1)C1CCC2OC2C1
A-1720,dimethyl carbonate,COC(=O)OC
A-1723,cyclohexyl 2-methylprop-2-enoate,C=C(C)C(=O)OC1CCCCC1
A-1726,2-phenylethyl propanoate,CCC(=O)OCCc1ccccc1
A-1727,benzyl butanoate,CCCC(=O)OCc1ccccc1
A-1728,2-amino-5-acetamidobenzene-1-sulfonic acid,CC(=O)Nc1ccc(N)c(S(=O)(=O)O)c1
A-1730,(3Z)-hex-3-en-1-yl methyl carbonate,CC/C=C/CCOC(=O)OC
A-1734,bicyclo[2.2.1]hept-2-ene,C1=CC2CCC1C2
A-1736,"2-(1,3-benzothiazol-2-ylsulfanyl)acetic acid",O=C(O)CSc1nc2ccccc2s1
A-1740,3-(4-tert-butylphenyl)propanal,CC(C)(C)c1ccc(CCC=O)cc1
A-1743,"N-(2,2,6,6-tetramethylpiperidin-4-yl)-N-{6-[N-(2,2,6,6-tetramethylpiperidin-4-yl)formamido]hexyl}formamide",CC1(C)CC(N(C=O)CCCCCCN(C=O)C2CC(C)(C)NC(C)(C)C2)CC(C)(C)N1
A-1744,aminothiourea,NNC(N)=S
A-1746,"2-(heptan-3-yl)-1,3-dioxolane",CCCCC(CC)C1OCCO1
A-1747,2-methyl-2-[(2-methylbutan-2-yl)peroxy]butane,CCC(C)(C)OOC(C)(C)CC
A-1749,"2,2,4-trimethyl-1-[(2-methylpropanoyl)oxy]pentan-3-yl 2-methylpropanoate",CC(C)C(=O)OCC(C)(C)C(OC(=O)C(C)C)C(C)C
A-1750,4-(propan-2-yl)cyclohexyl propanoate,CCC(=O)OC1CCC(C(C)C)CC1
A-1751,trimethoxy(octyl)silane,CCCCCCCC[Si](OC)(OC)OC
A-1753,"3,6,9-triethyl-3,6,9-trimethyl-1,2,4,5,7,8-hexaoxonane",CCC1(C)OOC(C)(CC)OOC(C)(CC)OO1
A-1756,bis-O-(benzylidene)-D-glucitol,O[C@]12COC(c3ccccc3)O[C@@H]1[C@H]1OC(c3ccccc3)OC[C@H]1O2
A-1759,"ethyl 5-oxo-1-phenyl-4,5-dihydro-1H-pyrazole-3-carboxylate",CCOC(=O)C1=NN(c2ccccc2)C(=O)C1
A-1762,oct-7-enal,C=CCCCCCC=O
A-1764,diphenylacetic acid,O=C(O)C(c1ccccc1)c1ccccc1
A-1769,isopropyl chlorocarbonate,CC(C)OC(=O)Cl
A-1772,1-phenylvinyl acetate,C=C(OC(C)=O)c1ccccc1
A-1773,"ethyl 2-(2,4-dimethyl-1,3-dioxolan-2-yl)acetate",CCOC(=O)CC1(C)OCC(C)O1
A-1776,2-(2-methylphenyl)ethanol,Cc1ccccc1CCO
A-1779,"4-chlorobenzene-1,3-diol",Oc1ccc(Cl)c(O)c1
A-1780,"6,6-dimethyl-2-methylidenebicyclo[3.1.1]heptan-3-ol",C=C1C(O)CC2CC1C2(C)C
A-1781,4-(propan-2-yl)cyclohexan-1-ol,CC(C)C1CCC(O)CC1
A-1787,"Glycerol, propoxylated, esters with acrylic acid",C=CC(=O)OCCCOCC(COCCCOC(=O)C=C)OCCCOC(=O)C=C
A-1789,N-{4-[(2-hydroxyethyl)sulfonyl]phenyl}acetamide,CC(=O)Nc1ccc(S(=O)(=O)CCO)cc1
A-1791,propiophenone,CCC(=O)c1ccccc1
A-1792,4-tert-butylbenzaldehyde,CC(C)(C)c1ccc(C=O)cc1
A-1793,6-aminonaphthalene-2-sulfonic acid,Nc1ccc2cc(S(=O)(=O)O)ccc2c1
A-1796,"3-ethoxy-1,1,5-trimethylcyclohexane",CCOC1CC(C)CC(C)(C)C1
A-1797,isooctyl acrylate,C=CC(=O)OCCCCCC(C)C
A-1798,"2-(cyclohexylsulfanyl)-2,3-dihydro-1H-isoindole-1,3-dione",O=C1c2ccccc2C(=O)N1SC1CCCCC1
A-1799,"N-cyclohexyl-3-[(4-{[3-(cyclohexylsulfamoyl)-2,4,6-trimethylphenyl]amino}-9,10-dioxo-9,10-dihydroanthracen-1-yl)amino]-2,4,6-trimethylbenzene-1-sulfonamide",Cc1cc(C)c(S(=O)(=O)NC2CCCCC2)c(C)c1Nc1ccc(Nc2c(C)cc(C)c(S(=O)(=O)NC3CCCCC3)c2C)c2c1C(=O)c1ccccc1C2=O
A-1800,"(4-tert-butyl-3-hydroxy-2,6-dimethylphenyl)acetonitrile",Cc1cc(C(C)(C)C)c(O)c(C)c1CC#N
A-1802,"diethyl (3,5-di-tert-butyl-4-hydroxybenzyl)phosphonate",CCOP(=O)(Cc1cc(C(C)(C)C)c(O)c(C(C)(C)C)c1)OCC
A-1806,"3,7-dimethyloct-6-enenitrile",CC(C)=CCCC(C)CC#N
A-1808,"N-(4-amino-2,5-diethoxyphenyl)benzamide",CCOc1cc(NC(=O)c2ccccc2)c(OCC)cc1N
A-1814,1-phenylpyrazolidin-3-one,O=C1CCN(c2ccccc2)N1
A-1815,1-(chloromethyl)-2-methylbenzene,Cc1ccccc1CCl
A-1816,prop-1-en-2-ylbenzene,C=C(C)c1ccccc1
A-1826,(3Z)-hex-3-en-1-yl 2-methylpropanoate,CC/C=C\CCOC(=O)C(C)C
A-1829,"1,1,2,3,3-pentamethyl-2,3,4,5,6,7-hexahydro-1H-inden-4-one",CC1C(C)(C)C2=C(C(=O)CCC2)C1(C)C
A-1832,2-(4-{2-[4-(2-hydroxyethoxy)phenyl]propan-2-yl}phenoxy)ethan-1-ol,CC(C)(c1ccc(OCCO)cc1)c1ccc(OCCO)cc1
A-1833,bis(propan-2-yl)amine,CC(C)NC(C)C
A-1835,"7-{[(2S,3R,4S,5S,6R)-4,5-dihydroxy-6-(hydroxymethyl)-3-{[(2S,3R,4R,5R,6S)-3,4,5-trihydroxy-6-methyloxan-2-yl]oxy}oxan-2-yl]oxy}-5-hydroxy-2-(4-hydroxyphenyl)-3,4-dihydro-2H-1-benzopyran-4-one",C[C@@H]1O[C@@H](O[C@H]2[C@H](Oc3cc(O)c4c(c3)O[C@H](c3ccc(O)cc3)CC4=O)O[C@H](CO)[C@@H](O)[C@@H]2O)[C@H](O)[C@H](O)[C@H]1O
A-1839,"1,2-bis(2-methylpropyl) benzene-1,2-dicarboxylate",CC(C)COC(=O)c1ccccc1C(=O)OCC(C)C
A-1840,"2-[({2,2,4-trimethyl-6-[({2-[(2-methylprop-2-enoyl)oxy]ethoxy}carbonyl)amino]hexyl}carbamoyl)oxy]ethyl 2-methylprop-2-enoate 2-[({2,4,4-trimethyl-6-[({2-[(2-methylprop-2-enoyl)oxy]ethoxy}carbonyl)amino]hexyl}carbamoyl)oxy]ethyl 2-methylprop-2-enoate",C=C(C)C(=O)OCCOC(=O)NCCC(C)CC(C)(C)CNC(=O)OCCOC(=O)C(=C)C
A-1843,1-(2-ethylbutyl)cyclohexane-1-carboxylic acid,CCC(CC)CC1(C(=O)O)CCCCC1
A-1850,2-[(2-methylprop-2-enoyl)oxy]ethyl 2-methylprop-2-enoate,C=C(C)C(=O)OCCOC(=O)C(=C)C
A-1857,benzyl 4-hydroxybenzoate,O=C(OCc1ccccc1)c1ccc(O)cc1
A-1859,(2E)-3-phenylprop-2-enenitrile,N#C/C=C/c1ccccc1
A-1860,2-[(3-aminophenyl)sulfonyl]ethyl hydrogen sulfate,Nc1cccc(S(=O)(=O)CCOS(=O)(=O)O)c1
A-1864,2-amino-4-sulfobenzoic acid,Nc1cc(S(=O)(=O)O)ccc1C(=O)O
A-1865,4-(2-aminoethyl)phenol,NCCc1ccc(O)cc1
A-1867,2-butoxyethyl benzoate,CCCCOCCOC(=O)c1ccccc1
A-1870,2-({3-[bis(carboxymethyl)amino]propyl}(carboxymethyl)amino)acetic acid,O=C(O)CN(CCCN(CC(=O)O)CC(=O)O)CC(=O)O
A-1871,"3,4,5-trifluorophenol",Oc1cc(F)c(F)c(F)c1
A-1872,hexanoic acid,CCCCCC(=O)O
A-1873,"1,2,3-tributyl 2-hydroxypropane-1,2,3-tricarboxylate",CCCCOC(=O)CC(O)(CC(=O)OCCCC)C(=O)OCCCC
A-1874,"(2,4-dimethylcyclohex-3-en-1-yl)methyl acetate",CC(=O)OCC1CCC(C)=CC1C
A-1875,2-ethylhexyl cyanoacetate,CCCCC(CC)COC(=O)CC#N
A-1878,4-[(4-aminophenyl)methyl]aniline,Nc1ccc(Cc2ccc(N)cc2)cc1
A-1879,"6-ethoxy-2,2,4-trimethyl-1,2-dihydroquinoline",CCOc1ccc2c(c1)C(C)=CC(C)(C)N2
A-1881,nonanal,CCCCCCCCC=O
A-1884,1-(2-furyl)methanamine,NCc1ccco1
A-1885,"2,2,2-trifluoroethan-1-ol",OCC(F)(F)F
A-1886,"2,4,6,8,10-pentamethyl-1,3,5,7,9,2,4,6,8,10-pentaoxapentasilecane",C[Si]1O[Si](C)O[Si](C)O[Si](C)O[Si](C)O1
A-1887,2-(2-ethoxyethoxy)ethyl acetate,CCOCCOCCOC(C)=O
A-1890,[tris(isopropenyloxy)vinyl]silane,C=C[Si](OC(=C)C)(OC(=C)C)OC(=C)C
A-1892,"butane-1,4-diol",OCCCCO
A-1893,"hexamethyl-1,3,5,2,4,6-trioxatrisilinane",C[Si]1(C)O[Si](C)(C)O[Si](C)(C)O1
A-1901,"butan-2-one O,O',O''-(methylsilylidyne)trioxime",CC/C(C)=N/O[Si](C)(O/N=C(\C)CC)O/N=C(\C)CC
A-1904,2-hydroxy-4-methylbenzoic acid,Cc1ccc(C(=O)O)c(O)c1
A-1913,1-chloro-2-(chloromethyl)benzene,ClCc1ccccc1Cl
A-1914,2-phenylacetonitrile,N#CCc1ccccc1
A-1916,"4,4'-methylenebis(2,6-dimethylphenol)",Cc1cc(Cc2cc(C)c(O)c(C)c2)cc(C)c1O
A-1922,tridecan-1-ol,CCCCCCCCCCCCCO
A-1925,2-tert-butylcyclohexyl ethyl carbonate,CCOC(=O)OC1CCCCC1C(C)(C)C
A-1927,hexanoyl hexanoate,CCCCCC(=O)OC(=O)CCCCC
A-1930,undecan-2-one,CCCCCCCCCC(C)=O
A-1931,[2-(tert-butylperoxy)propan-2-yl]benzene,CC(C)(C)OOC(C)(C)c1ccccc1
A-1933,2-methylheptyl 2-sulfanylacetate,CC(C)CCCCCOC(=O)CS
A-1934,"octa-1,7-diene",C=CCCCCC=C
A-1939,2-tert-butylcyclohexyl acetate,CC(=O)O[C@@H]1CCCC[C@@H]1C(C)(C)C
A-1942,N-[3-(dimethylamino)propyl]octadecanamide,CCCCCCCCCCCCCCCCCC(=O)NCCCN(C)C
A-1956,"O,O,S-tris(4-aminophenyl) thiophosphate",Nc1ccc(OP(=S)(Oc2ccc(N)cc2)Oc2ccc(N)cc2)cc1
A-1958,2-[4-[2-[4-[2-(2-methylprop-2-enoyloxy)ethoxy]phenyl]propan-2-yl]phenoxy]ethyl 2-methylprop-2-enoate,C=C(C)C(=O)OCCOc1ccc(C(C)(C)c2ccc(OCCOC(=O)C(=C)C)cc2)cc1
A-1961,[(1E)-2-(diethoxymethyl)hept-1-en-1-yl]benzene,CCCCC/C(=C\c1ccccc1)C(OCC)OCC
A-1967,"N,N'-(3,3'-dimethylbiphenyl-4,4'-diyl)bis(3-oxobutanamide)",CC(=O)CC(=O)Nc1ccc(-c2ccc(NC(=O)CC(C)=O)c(C)c2)cc1C
A-1968,N-(4-acetamidophenyl)-3-hydroxy-2-naphthamide,CC(=O)Nc1ccc(NC(=O)c2cc3ccccc3cc2O)cc1
A-1969,N-(5-chloro-2-methylphenyl)-3-hydroxynaphthalene-2-carboxamide,Cc1ccc(Cl)cc1NC(=O)c1cc2ccccc2cc1O
A-1973,"(1,3-benzothiazol-2-ylsulfanyl)(tert-butyl)amine",CC(C)(C)NSc1nc2ccccc2s1
A-1978,"3,7-dimethyloct-6-en-1-yl butyrate",CCCC(=O)OCCC(C)CCC=C(C)C
A-1981,3-hydroxy-N-(4-methoxyphenyl)-2-naphthamide,COc1ccc(NC(=O)c2cc3ccccc3cc2O)cc1
A-1982,4-{1-[4-(cyanooxy)phenyl]ethyl}phenyl cyanate,CC(c1ccc(OC#N)cc1)c1ccc(OC#N)cc1
A-1986,dodecanal,CCCCCCCCCCCC=O
A-1991,"2-ethyl-2-methyl-1,3-dihydroperimidine",CCC1(C)Nc2cccc3cccc(c23)N1
A-1994,2-(2-{2-[(2-ethylhexanoyl)oxy]ethoxy}ethoxy)ethyl 2-ethylhexanoate,CCCCC(CC)C(=O)OCCOCCOCCOC(=O)C(CC)CCCC
A-1997,"2-(1-amino-9,10-dioxo-9,10-dihydroanthracen-2-yl)-5H,10H-anthra[2,3-d][1,3]oxazole-5,10-dione",Nc1c(-c2nc3cc4c(cc3o2)C(=O)c2ccccc2C4=O)ccc2c1C(=O)c1ccccc1C2=O
A-1998,N-(4-ethoxyphenyl)-3-hydroxy-2-naphthamide,CCOc1ccc(NC(=O)c2cc3ccccc3cc2O)cc1
A-1999,"N-(5-chloro-2,4-dimethoxyphenyl)-3-hydroxy-2-naphthamide",COc1cc(OC)c(NC(=O)c2cc3ccccc3cc2O)cc1Cl
A-2000,Vat brown 3,O=C(Nc1cccc2c(=O)c3c(ccc4c5cc(NC(=O)c6ccccc6)c6c(=O)c7ccccc7c(=O)c6c5[nH]c43)c(=O)c12)c1ccccc1
A-2001,1-(4-methoxyphenyl)-2-[(3-methoxyphenyl)sulfanyl]ethan-1-one,COc1ccc(C(=O)CSc2cccc(OC)c2)cc1
A-2004,"Anthra[2,1,9-mna]naphtho[2,3-h]acridine-5,10,15(16H)-trione",O=C1c2ccccc2C(=O)c2c1ccc1c2[nH]c2ccc3c4ccccc4c(=O)c4ccc1c2c43
A-2005,"2,2'-oxybis(5,5-dimethyl-1,3,2-dioxaphosphinane) 2,2'-disulfide",CC1(C)COP(=S)(OP2(=S)OCC(C)(C)CO2)OC1
A-2007,1-methyl-4-(propan-2-yl)cyclohex-1-ene,CC1=CCC(C(C)C)CC1
A-2008,"6-({bis[(5-carboxypentyl)amino]-1,3,5-triazin-2-yl}amino)hexanoic acid",O=C(O)CCCCCNc1nc(NCCCCCC(=O)O)nc(NCCCCCC(=O)O)n1
A-2009,2-methyloctyl prop-2-enoate,C=CC(=O)OCCCCCCCC(C)C
A-2011,2-methylundecanal,CCCCCCCCCC(C)C=O
A-2012,"4-{bis[4-(dimethylamino)phenyl]methyl}-N,N-dimethylaniline",CN(C)c1ccc(C(c2ccc(N(C)C)cc2)c2ccc(N(C)C)cc2)cc1
A-2016,"1,8-bis(phenylsulfanyl)-9,10-dihydroanthracene-9,10-dione",O=C1c2cccc(Sc3ccccc3)c2C(=O)c2c(Sc3ccccc3)cccc21
A-2019,"4,4'-cyclohexane-1,1-diylbis(2-methylphenol)",Cc1cc(C2(c3ccc(O)c(C)c3)CCCCC2)ccc1O
A-2026,"2,2-dimethylpropane-1,3-diyl dibenzoate",CC(C)(COC(=O)c1ccccc1)COC(=O)c1ccccc1
A-2030,(ethoxymethoxy)cyclododecane,CCOCOC1CCCCCCCCCCC1
A-2032,"2,6-dibromo-4-[2-(3,5-dibromo-4-hydroxyphenyl)propan-2-yl]phenol",CC(C)(c1cc(Br)c(O)c(Br)c1)c1cc(Br)c(O)c(Br)c1
A-2033,bis(3-methylbutyl) phthalate,CC(C)CCOC(=O)c1ccccc1C(=O)OCCC(C)C
A-2036,tetraphenyl m-phenylene bis(phosphate),O=P(Oc1ccccc1)(Oc1ccccc1)Oc1cccc(OP(=O)(Oc2ccccc2)Oc2ccccc2)c1
A-2039,"1,2-dicyclohexyl benzene-1,2-dicarboxylate",O=C(OC1CCCCC1)c1ccccc1C(=O)OC1CCCCC1
A-2041,Prokan,CC(=O)OC1(C(C)=O)CCC2C3CCC4=CC(=O)CCC4(C)C3CCC21C
A-2042,"(9Z)-N,N-bis(2-hydroxyethyl)octadec-9-enamide",CCCCCCCC/C=C/CCCCCCCC(=O)N(CCO)CCO
A-2043,"1,3-diethyl 2-({4-[3-ethoxy-2-(ethoxycarbonyl)-3-oxoprop-1-en-1-yl]phenyl}methylidene)propanedioate",CCOC(=O)C(=Cc1ccc(C=C(C(=O)OCC)C(=O)OCC)cc1)C(=O)OCC
A-2045,2-phenylethyl (2E)-3-phenylprop-2-enoate,O=C(/C=C/c1ccccc1)OCCc1ccccc1
A-2046,N-(2-hydroxyethyl)octadecanamide,CCCCCCCCCCCCCCCCCC(=O)NCCO
A-2047,N-(4-chlorophenyl)-3-hydroxy-2-naphthamide,O=C(Nc1ccc(Cl)cc1)c1cc2ccccc2cc1O
A-2049,"bis(1,2,2,6,6-pentamethylpiperidin-4-yl) 2-butyl-2-[(3,5-di-tert-butyl-4-hydroxyphenyl)methyl]propanedioate",CCCCC(Cc1cc(C(C)(C)C)c(O)c(C(C)(C)C)c1)(C(=O)OC1CC(C)(C)N(C)C(C)(C)C1)C(=O)OC1CC(C)(C)N(C)C(C)(C)C1
A-2053,2-bromo-N-[4-chloro-2-(2-fluorobenzoyl)phenyl]acetamide,O=C(CBr)Nc1ccc(Cl)cc1C(=O)c1ccccc1F
A-2055,Cedryl acetate,CC(=O)OC1(C)CCC23CC1C(C)(C)[C@@H]2CC[C@H]3C
A-2057,12-hydroxyoctadecanoic acid,CCCCCCC(O)CCCCCCCCCCC(=O)O
A-2060,"Bisbenzimidazo[2,1-b:1',2'-j]benzo[lmn][3,8]phenanthroline-6,9-dione",O=c1c2ccc3c(=O)n4c5ccccc5nc4c4ccc(c2c34)c2nc3ccccc3n12
A-2063,4-{2-[4-(cyanooxy)phenyl]propan-2-yl}phenyl cyanate,CC(C)(c1ccc(OC#N)cc1)c1ccc(OC#N)cc1
A-2065,lauronitrile,CCCCCCCCCCCC#N
A-2073,1-chloro-4-(4-chlorobenzenesulfonyl)benzene,O=S(=O)(c1ccc(Cl)cc1)c1ccc(Cl)cc1
A-2077,"1-N,4-N-bis(5-methylhexan-2-yl)benzene-1,4-diamine",CC(C)CCC(C)Nc1ccc(NC(C)CCC(C)C)cc1
A-2079,2-cyclododecylpropan-1-ol,CC(CO)C1CCCCCCCCCCC1
A-2083,methyl undec-10-enoate,C=CCCCCCCCCC(=O)OC
A-2087,"2,6-di-tert-butyl-4-methylphenol",Cc1cc(C(C)(C)C)c(O)c(C(C)(C)C)c1
A-2089,"2,4,6-tris(butan-2-yl)phenol",CCC(C)c1cc(C(C)CC)c(O)c(C(C)CC)c1
A-2091,N-phenylnaphthalen-2-amine,c1ccc(Nc2ccc3ccccc3c2)cc1
A-2095,"2,6,10-trimethylundec-9-enal",CC(C)=CCCC(C)CCCC(C)C=O
A-2096,"N-(1,4-dimethylpentyl)-N'-phenylbenzene-1,4-diamine",CC(C)CCC(C)Nc1ccc(Nc2ccccc2)cc1
A-2097,(5Z)-cyclohexadec-5-en-1-one,O=C1CCC/C=C\CCCCCCCCCC1
A-2098,"17-hydroxy-3-methoxyestra-2,5(10)-diene-17-carbonitrile",COC1=CCC2=C(CCC3C2CCC2(C)C3CCC2(O)C#N)C1
A-2099,"Dodecahydro-3,8,8,11a-tetramethyl-5H-3,5a-epoxynaphth(2,1-c)oxepin",CC12CCC3C(CCC4C(C)(C)CCCC43C)(CO1)O2
A-2100,1-methyl-4-(propan-2-yl)cyclohexane,CC1CCC(C(C)C)CC1
A-2104,(2R)-heptan-2-yl 2-[(5-chloroquinolin-8-yl)oxy]acetate (2S)-heptan-2-yl 2-[(5-chloroquinolin-8-yl)oxy]acetate,CCCCCC(C)OC(=O)COc1ccc(Cl)c2cccnc12
A-2106,2-[(2-hydroxyethyl)(octadecyl)amino]ethan-1-ol,CCCCCCCCCCCCCCCCCCN(CCO)CCO
A-2110,(10Z)-1-oxacycloheptadec-10-en-2-one,O=C1CCCCCCC/C=C\CCCCCCO1
A-2113,"methyl 2-amino-4-[(2,5-dichlorophenyl)carbamoyl]benzoate",COC(=O)c1ccc(NC(=O)c2cc(Cl)ccc2Cl)cc1N
A-2115,1-{[3-(triethoxysilyl)propyl]sulfanyl}octan-1-one,CCCCCCCC(=O)SCCC[Si](OCC)(OCC)OCC
A-2117,"1,1':3',1''-terphenyl-2'-ol",Oc1c(-c2ccccc2)cccc1-c1ccccc1
A-2118,"(5E)-5-[(4-chlorophenyl)methylidene]-2,2-dimethylcyclopentan-1-one",CC1(C)CC/C(=C\c2ccc(Cl)cc2)C1=O
A-2119,"2-{[3,3-bis(3-tert-butyl-4-hydroxyphenyl)butanoyl]oxy}ethyl 3,3-bis(3-tert-butyl-4-hydroxyphenyl)butanoate",CC(C)(C)c1cc(C(C)(CC(=O)OCCOC(=O)CC(C)(c2ccc(O)c(C(C)(C)C)c2)c2ccc(O)c(C(C)(C)C)c2)c2ccc(O)c(C(C)(C)C)c2)ccc1O
A-2122,"(1-methylethyl)-1,1'-biphenyl",CC(C)c1ccc(-c2ccccc2)cc1
A-2126,"4-[(4-amino-3,5-diethylphenyl)methyl]-2,6-diethylaniline",CCc1cc(Cc2cc(CC)c(N)c(CC)c2)cc(CC)c1N
A-2129,2-[4-(2-{4-[2-(prop-2-enoyloxy)ethoxy]phenyl}propan-2-yl)phenoxy]ethyl prop-2-enoate,C=CC(=O)OCCOc1ccc(C(C)(C)c2ccc(OCCOC(=O)C=C)cc2)cc1
A-2131,"Benzenamine, N-phenyl-, styrenated",CC(c1ccccc1)c1ccc(Nc2ccc(C(C)c3ccccc3)cc2)cc1
A-2136,2-ethylhexyl benzoate,CCCCC(CC)COC(=O)c1ccccc1
A-2137,"3,3,5-trimethylcyclohexyl 2-hydroxybenzoate",CC1CC(OC(=O)c2ccccc2O)CC(C)(C)C1
A-2142,"3,7-dimethyloct-6-en-1-yl (2E)-2-methylbut-2-enoate",C/C=C(\C)C(=O)OCCC(C)CCC=C(C)C
A-2143,"3,3,4,4,5,5,6,6,7,7,8,8,8-tridecafluorooctyl 2-methylprop-2-enoate",C=C(C)C(=O)OCCC(F)(F)C(F)(F)C(F)(F)C(F)(F)C(F)(F)C(F)(F)F
A-2145,"1-(4-{[4-(2,5-dioxo-2,5-dihydro-1H-pyrrol-1-yl)phenyl]methyl}phenyl)-2,5-dihydro-1H-pyrrole-2,5-dione",O=C1C=CC(=O)N1c1ccc(Cc2ccc(N3C(=O)C=CC3=O)cc2)cc1
A-2149,diphenyl 4-(propan-2-yl)phenyl phosphate phenyl bis[4-(propan-2-yl)phenyl] phosphate triphenyl phosphate tris[4-(propan-2-yl)phenyl] phosphate,CC(C)c1ccc(OP(=O)(Oc2ccc(C(C)C)cc2)Oc2ccc(C(C)C)cc2)cc1
A-2151,"N-(1,3-benzothiazol-2-ylsulfanyl)cyclohexanamine",c1ccc2sc(SNC3CCCCC3)nc2c1
A-2155,N-(2-ethoxyphenyl)-N'-(2-ethylphenyl)ethanediamide,CCOc1ccccc1NC(=O)C(=O)Nc1ccccc1CC
A-2157,oxacyclohexadecan-2-one,O=C1CCCCCCCCCCCCCCO1
A-2158,"2,2'-vinylenebis[5-methylbenzoxazole]",Cc1ccc2oc(/C=C/c3nc4cc(C)ccc4o3)nc2c1
A-2167,"N,N-diethyl-4-[(E)-2-phenyldiazen-1-yl]aniline",CCN(CC)c1ccc(N=Nc2ccccc2)cc1
A-2169,"2-ethyl-9,10-dihydroanthracene-9,10-dione",CCc1ccc2c(c1)C(=O)c1ccccc1C2=O
A-2172,(4-methyl-4-phenylpent-1-en-2-yl)benzene,C=C(CC(C)(C)c1ccccc1)c1ccccc1
A-2173,"{2-butyl-4-chloro-1-[(4-{2-[2-(triphenylmethyl)-2H-1,2,3,4-tetrazol-5-yl]phenyl}phenyl)methyl]-1H-imidazol-5-yl}methanol",CCCCc1nc(Cl)c(CO)n1Cc1ccc(-c2ccccc2-c2nnn(C(c3ccccc3)(c3ccccc3)c3ccccc3)n2)cc1
A-2176,"1,4-dimethyl 2-[(E)-2-{2-oxo-1-[(2-oxo-2,3-dihydro-1H-1,3-benzodiazol-5-yl)carbamoyl]propyl}diazen-1-yl]benzene-1,4-dicarboxylate",COC(=O)c1ccc(C(=O)OC)c(N=NC(C(C)=O)C(=O)Nc2ccc3[nH]c(=O)[nH]c3c2)c1
A-2177,2-decyloxirane,CCCCCCCCCCC1CO1
A-2178,2-dodecyloxirane,CCCCCCCCCCCCC1CO1
A-2179,"Decahydrospiro[furan-2(3H),5'-[4,7]methano[5h]indene]",C1CC2C3CC(C2C1)C1(CCCO1)C3
A-2180,ethenyl[(ethenyldimethylsilyl)oxy]dimethylsilane,C=C[Si](C)(C)O[Si](C)(C)C=C
A-2181,"2-[1-(2-hydroxy-3,5-dimethylphenyl)-2-methylpropyl]-4,6-dimethylphenol",Cc1cc(C)c(O)c(C(c2cc(C)cc(C)c2O)C(C)C)c1
A-2183,"1,3-dimethyl 5-[(E)-2-{2-oxo-1-[(2-oxo-2,3-dihydro-1H-1,3-benzodiazol-5-yl)carbamoyl]propyl}diazen-1-yl]benzene-1,3-dicarboxylate",COC(=O)c1cc(N=NC(C(C)=O)C(=O)Nc2ccc3[nH]c(=O)[nH]c3c2)cc(C(=O)OC)c1
A-2184,"5,7-dihydroxy-2-(3-hydroxy-4-methoxyphenyl)-4H-chromen-4-one",COc1ccc(-c2cc(=O)c3c(O)cc(O)cc3o2)cc1O
A-2187,"3,3,4,4,5,5,6,6,7,7,8,8,8-tridecafluorooctyl prop-2-enoate",C=CC(=O)OCCC(F)(F)C(F)(F)C(F)(F)C(F)(F)C(F)(F)C(F)(F)F
A-2188,bis(8-methylnonyl) phenyl phosphite,CC(C)CCCCCCCOP(OCCCCCCCC(C)C)Oc1ccccc1
A-2193,"2-methyl-9,10-dihydroanthracene-9,10-dione",Cc1ccc2c(c1)C(=O)c1ccccc1C2=O
A-2200,"1-N,4-N-diphenylbenzene-1,4-diamine",c1ccc(Nc2ccc(Nc3ccccc3)cc2)cc1
A-2201,"2,6-dimethyl naphthalene-2,6-dicarboxylate",COC(=O)c1ccc2cc(C(=O)OC)ccc2c1
A-2206,"1,4-dihydroxy-9,10-dihydroanthracene-9,10-dione",O=C1c2ccccc2C(=O)c2c(O)ccc(O)c21
A-2210,"1,2-bis(propan-2-yl)naphthalene",CC(C)c1ccc2ccccc2c1C(C)C
A-2217,"4-{4-[4-(4-methoxyphenyl)piperazin-1-yl]phenyl}-4,5-dihydro-1H-1,2,4-triazol-5-one",COc1ccc(N2CCN(c3ccc(-n4cn[nH]c4=O)cc3)CC2)cc1
A-2218,"1-(4-chlorophenyl)-3-(3,4-dichlorophenyl)urea",O=C(Nc1ccc(Cl)cc1)Nc1ccc(Cl)c(Cl)c1
A-2221,"1,1-bis(tert-butylperoxy)-3,3,5-trimethylcyclohexane",CC1CC(C)(C)CC(OOC(C)(C)C)(OOC(C)(C)C)C1
A-2225,"(1R,4E,9S)-4,11,11-trimethyl-8-methylidenebicyclo[7.2.0]undec-4-ene",C=C1CC/C=C(\C)CC[C@@H]2[C@@H]1CC2(C)C
A-2229,"1,1'-(2,3-dimethylbutane-2,3-diyl)dibenzene",CC(C)(c1ccccc1)C(C)(C)c1ccccc1
A-2231,2-(benzyloxy)naphthalene,c1ccc(COc2ccc3ccccc3c2)cc1
A-2232,"6-Bromo-3-methyl-3H-dibenz[f,ij]isoquinoline-2,7-dione",Cn1c(=O)cc2c3c(c(Br)ccc31)C(=O)c1ccccc1-2
A-2238,"Terphenyl, hydrogenated",C1=CC(c2ccc(C3CC=CCC3)cc2)CCC1
A-2244,"1-[(E)-2-(2,4-dimethylphenyl)diazen-1-yl]naphthalen-2-ol",Cc1ccc(N/N=C2\C(=O)C=Cc3ccccc32)c(C)c1
A-2245,methyl myristate,CCCCCCCCCCCCCC(=O)OC
A-2246,(4-anilino-1-naphthyl){bis[4-(dimethylamino)phenyl]}methanol,CN(C)c1ccc(C(O)(c2ccc(N(C)C)cc2)c2ccc(Nc3ccccc3)c3ccccc23)cc1
A-2248,N-{2-[(2-benzamidophenyl)disulfanyl]phenyl}benzamide,O=C(Nc1ccccc1SSc1ccccc1NC(=O)c1ccccc1)c1ccccc1
A-2250,"N,N-DIBUTYLDODECANAMIDE",CCCCCCCCCCCC(=O)N(CCCC)CCCC
A-2253,4-methylbenzoyl 4-methylbenzene-1-carboperoxoate,Cc1ccc(C(=O)OOC(=O)c2ccc(C)cc2)cc1
A-2255,2-cyclohexyl-6-[(3-cyclohexyl-2-hydroxy-5-methylphenyl)methyl]-4-methylphenol,Cc1cc(Cc2cc(C)cc(C3CCCCC3)c2O)c(O)c(C2CCCCC2)c1
A-2258,"1,2-bis(propan-2-yl)benzene; 1,3-bis(propan-2-yl)benzene; 1,4-bis(propan-2-yl)benzene",CC(C)c1ccccc1C(C)C
A-2259,"1,3-diisopropylbenzene",CC(C)c1cccc(C(C)C)c1
A-2260,"(Z)-N-(1,3-dihydroxyoctadecan-2-yl)octadec-9-enamide",CCCCCCCC/C=C\CCCCCCCC(=O)NC(CO)C(O)CCCCCCCCCCCCCCC
A-2262,hexadecanoic acid,CCCCCCCCCCCCCCCC(=O)O
A-2264,"4,7-Methano-1H-indenol, 3a,4,5,6,7,7a-hexahydro-, acetate",CC(=O)OC1=CCC2C3CCC(C3)C12
A-2267,"octamethyl-1,3,5,7,2,4,6,8-tetraoxatetrasilocane",C[Si]1(C)O[Si](C)(C)O[Si](C)(C)O[Si](C)(C)O1
A-2268,3-octanoyloxypropyl octanoate,CCCCCCCC(=O)OCCCOC(=O)CCCCCCC
A-2269,"1-(3,3-dimethylcyclohexyl)pent-4-en-1-one",C=CCCC(=O)C1CCCC(C)(C)C1
A-2270,9-ethyl-9H-carbazole,CCn1c2ccccc2c2ccccc21
A-2271,N-ethyl-N-{2-[1-(2-methylpropoxy)ethoxy]ethyl}-4-[(E)-2-phenyldiazen-1-yl]aniline,CCN(CCOC(C)OCC(C)C)c1ccc(N=Nc2ccccc2)cc1
A-2273,"3-[(E)-4-[[5,6-di(phenyl)-1,2,4-triazin-3-yl]sulfanyl]but-2-enyl]sulfanyl-5,6-di(phenyl)-1,2,4-triazine",C(=C/CSc1nnc(-c2ccccc2)c(-c2ccccc2)n1)\CSc1nnc(-c2ccccc2)c(-c2ccccc2)n1
A-2274,"1-(4-tert-butylphenyl)-3-(4-methoxyphenyl)propane-1,3-dione",COc1ccc(C(=O)CC(=O)c2ccc(C(C)(C)C)cc2)cc1
A-2277,"2,2,4,6,6-pentamethyl-3,5-dioxa-2,4,6-trisilaheptane",C[Si](O[Si](C)(C)C)O[Si](C)(C)C
A-2282,"5-hydroxy-2-(3-hydroxy-4-methoxyphenyl)-7-{[(2S,3R,4S,5S,6R)-3,4,5-trihydroxy-6-({[(2R,3R,4R,5R,6S)-3,4,5-trihydroxy-6-methyloxan-2-yl]oxy}methyl)oxan-2-yl]oxy}-4H-chromen-4-one",COc1ccc(-c2cc(=O)c3c(O)cc(O[C@@H]4O[C@H](CO[C@@H]5O[C@@H](C)[C@H](O)[C@@H](O)[C@H]5O)[C@@H](O)[C@H](O)[C@H]4O)cc3o2)cc1O
A-2284,"4,11-diamino-2-(3-methoxypropyl)-1H,2H,3H,5H,10H-naphtho[2,3-f]isoindole-1,3,5,10-tetrone",COCCCn1c(=O)c2c(N)c3c(=O)c4ccccc4c(=O)c3c(N)c2c1=O
A-2287,docosanoic acid,CCCCCCCCCCCCCCCCCCCCCC(=O)O
A-2288,3-phenylpropyl benzoate,O=C(OCCCc1ccccc1)c1ccccc1
A-2289,2-methylheptan-1-ol,CCCCCC(C)CO
A-2293,"3,4,9,10-Perylenetetracarboxylic diimide",O=C1NC(=O)c2ccc3c4ccc5c6c(ccc(c7ccc1c2c73)c64)C(=O)NC5=O
A-2294,"1-hydroxy-4-[(4-methylphenyl)amino]-9,10-dihydroanthracene-9,10-dione",Cc1ccc(Nc2ccc(O)c3c2C(=O)c2ccccc2C3=O)cc1
A-2298,octadecane,CCCCCCCCCCCCCCCCCC
A-2299,"8,8-dimethyl-7-propan-2-yl-6,10-dioxaspiro[4.5]decane",CC(C)C1OC2(CCCC2)OCC1(C)C
A-2301,"2-ethylhexyl 4-({bis[(4-{[(2-ethylhexyl)oxy]carbonyl}phenyl)amino]-1,3,5-triazin-2-yl}amino)benzoate",CCCCC(CC)COC(=O)c1ccc(Nc2nc(Nc3ccc(C(=O)OCC(CC)CCCC)cc3)nc(Nc3ccc(C(=O)OCC(CC)CCCC)cc3)n2)cc1
A-2304,methyl palmitate,CCCCCCCCCCCCCCCC(=O)OC
A-2307,"Bis(2-hydroxyethyl) 2-[(6-oxobenzo[c][2,1]benzoxaphosphinin-6-yl)methyl]butanedioate",O=C(CC(CP1(=O)Oc2ccccc2-c2ccccc21)C(=O)OCCO)OCCO
A-2308,"2,2-dimethyl-1,3-dihydroperimidine",CC1(C)Nc2cccc3cccc(c23)N1
A-2312,2-[(4-{[2-(4-cyclohexylphenoxy)ethyl](ethyl)amino}-2-methylphenyl)methylidene]propanedinitrile,CCN(CCOc1ccc(C2CCCCC2)cc1)c1ccc(C=C(C#N)C#N)c(C)c1
A-2313,"2,4-ditert-butyl-6-(3,5-ditert-butyl-2-hydroxyphenyl)phenol",CC(C)(C)c1cc(-c2cc(C(C)(C)C)cc(C(C)(C)C)c2O)c(O)c(C(C)(C)C)c1
A-2317,1-[(E)-2-(2-methoxyphenyl)diazen-1-yl]naphthalen-2-ol,COc1ccccc1N/N=C1\C(=O)C=Cc2ccccc21
A-2318,methyl octadecanoate,CCCCCCCCCCCCCCCCCC(=O)OC
A-2319,"1,2-Benzenedicarboxylic acid, di-C9-11-branched alkyl esters, C10-rich",CC(C)CCCCCCCOC(=O)c1ccccc1C(=O)OCCCCCCCC(C)C
A-2321,"Propylidynetrimethanol, ethoxylated, esters with acrylic acid",C=CC(=O)OCCOCC(CC)(COCCOC(=O)C=C)COCCOC(=O)C=C
A-2322,4-[(4-hydroxyphenyl)(pyridin-2-yl)methyl]phenol,Oc1ccc(C(c2ccc(O)cc2)c2ccccn2)cc1
A-2334,2-(4-phenylbenzoyl)benzoic acid,O=C(O)c1ccccc1C(=O)c1ccc(-c2ccccc2)cc1
A-2337,2-[(E)-2-(1-cyano-1-methylpropyl)diazen-1-yl]-2-methylbutanenitrile,CCC(C)(C#N)N=NC(C)(C#N)CC
A-2342,"4-(2,3,4-trihydroxybenzoyl)phenyl 5-oxo-6-[(1E)-tetraaza-1,3-dien-1-yl]-5,8-dihydronaphthalene-1-sulfonate",N=NN=NC1=CCc2c(cccc2S(=O)(=O)Oc2ccc(C(=O)c3ccc(O)c(O)c3O)cc2)C1=O
A-2345,"2-chlorobuta-1,3-diene",C=CC(=C)Cl
A-2346,(ethenesulfonyl)methanesulfonylethene,C=CS(=O)(=O)CS(=O)(=O)C=C
A-2347,tetrafluoromethane,FC(F)(F)F
A-2348,4-(2-phenylpropan-2-yl)phenol,CC(C)(c1ccccc1)c1ccc(O)cc1
A-2352,methyl methanesulfonate,COS(C)(=O)=O
A-2357,"2,2,4,4,6,12,15-heptamethyl-6-[(trimethylsilyl)oxy]-3,5,10,13,16-pentaoxa-2,4,6-trisilaheptadecane",COC(C)COC(C)COCCC[Si](C)(O[Si](C)(C)C)O[Si](C)(C)O[Si](C)(C)C
A-2359,"ethyl 3,5-dichloro-4-{[(hexadecyloxy)carbonyl]oxy}benzoate",CCCCCCCCCCCCCCCCOC(=O)Oc1c(Cl)cc(C(=O)OCC)cc1Cl
A-2363,2-azabicyclo[2.2.1]hept-5-en-3-one,O=C1NC2C=CC1C2
A-2367,cyclohexylbenzene,c1ccc(C2CCCCC2)cc1
A-2378,2-(4-{2-[4-(oxiran-2-ylmethoxy)phenyl]propan-2-yl}phenoxymethyl)oxirane,CC(C)(c1ccc(OCC2CO2)cc1)c1ccc(OCC2CO2)cc1
A-2379,"N,N-dimethylhexadecan-1-amine",CCCCCCCCCCCCCCCCN(C)C
A-2380,3-methyl-7-propan-2-ylbicyclo[2.2.2]oct-3-ene-6-carbaldehyde,CC1=C2CC(C=O)C(C1)C(C(C)C)C2
A-2382,"N,N-dimethyldodecan-1-amine",CCCCCCCCCCCCN(C)C
A-2385,1-chloro-4-(3-chlorophenoxy)benzene,Clc1ccc(Oc2cccc(Cl)c2)cc1
A-2387,"[2,2-bis(2-ethylhexanoyloxymethyl)-3-[2-(2-ethylhexanoyloxymethyl)-3-(7-methyloctanoyloxy)-2-(7-methyloctanoyloxymethyl)propoxy]propyl] 7-methyloctanoate",CCCCC(CC)C(=O)OCC(COCC(COC(=O)CCCCCC(C)C)(COC(=O)C(CC)CCCC)COC(=O)C(CC)CCCC)(COC(=O)CCCCCC(C)C)COC(=O)CCCCCC(C)C
A-2393,"(3E)-3-methyl-4-(2,6,6-trimethylcyclohex-2-en-1-yl)but-3-en-2-one",CC(=O)/C(C)=C\C1C(C)=CCCC1(C)C
A-2395,3-oxo-N-[4-(3-oxobutanamido)phenyl]butanamide,CC(=O)CC(=O)Nc1ccc(NC(=O)CC(C)=O)cc1
A-2401,benzyl benzoate,O=C(OCc1ccccc1)c1ccccc1
A-2402,"1,1'-sulfonyldibenzene",O=S(=O)(c1ccccc1)c1ccccc1
A-2403,1-(morpholin-4-yl)prop-2-en-1-one,C=CC(=O)N1CCOCC1
A-2404,1-methoxypropan-2-ol,COCC(C)O
A-2411,2-sulfanylacetic acid,O=C(O)CS
A-2413,dioctadecyl (E)-but-2-enedioate,CCCCCCCCCCCCCCCCCCOC(=O)/C=C/C(=O)OCCCCCCCCCCCCCCCCCC
A-2417,ethyl 2-[di(phenyl)methylideneamino]acetate,CCOC(=O)CN=C(c1ccccc1)c1ccccc1
A-2418,"3,9-bis(2,6-di-tert-butyl-4-methylphenoxy)-2,4,8,10-tetraoxa-3,9-diphosphaspiro[5.5]undecane",Cc1cc(C(C)(C)C)c(OP2OCC3(CO2)COP(Oc2c(C(C)(C)C)cc(C)cc2C(C)(C)C)OC3)c(C(C)(C)C)c1
A-2420,"1,4-diethyl 2-{[4-({4-[(1,4-diethoxy-1,4-dioxobutan-2-yl)amino]-3-methylcyclohexyl}methyl)-2-methylcyclohexyl]amino}butanedioate",CCOC(=O)CC(NC1CCC(CC2CCC(NC(CC(=O)OCC)C(=O)OCC)C(C)C2)CC1C)C(=O)OCC
A-2423,2-[2-(dimethylamino)ethoxy]ethan-1-ol,CN(C)CCOCCO
A-2430,trans-1-(1-oxohexadecyl)-4-[(1-oxohexadecyl)oxy]-L-proline,CCCCCCCCCCCCCCCC(=O)O[C@@H]1C[C@@H](C(=O)O)N(C(=O)CCCCCCCCCCCCCCC)C1
A-2434,triphenylphosphane,c1ccc(P(c2ccccc2)c2ccccc2)cc1
A-2436,"3,7-dimethylocta-1,6-diene",C=CC(C)CCC=C(C)C
A-2438,2-ethylhexyl 2-({2-[(2-ethylhexyl)oxy]-2-oxoethyl}sulfanyl)acetate,CCCCC(CC)COC(=O)CSCC(=O)OCC(CC)CCCC
A-2442,"2-(4-methylpent-3-enyl)anthracene-9,10-dione",CC(C)=CCCc1ccc2c(c1)C(=O)c1ccccc1C2=O
A-2443,"O1-nonyl O2-octyl benzene-1,2-dicarboxylate",CCCCCCCCCOC(=O)c1ccccc1C(=O)OCCCCCCCC
A-2450,3-[3-(9-methyldecoxy)propylamino]propanenitrile,CC(C)CCCCCCCCOCCCNCCC#N
A-2451,[(1S)-3-(4-methylpent-3-enyl)-1-cyclohex-3-enyl]methyl acetate,CC(=O)OC[C@H]1CCC=C(CCC=C(C)C)C1
A-2453,"2-acetyl-4-({4-[(3-acetyl-4-amino-9,10-dioxo-9,10-dihydroanthracen-1-yl)amino]-6-phenyl-1,3,5-triazin-2-yl}amino)-1-amino-9,10-dihydroanthracene-9,10-dione",CC(=O)c1cc(Nc2nc(Nc3cc(C(C)=O)c(N)c4c3C(=O)c3ccccc3C4=O)nc(-c3ccccc3)n2)c2c(c1N)C(=O)c1ccccc1C2=O
A-2455,"Glycerides, C16-22",CCCCCCCCCCCCCCCC(=O)OCC(O)CO
A-2458,"2-{2-[(8E)-heptadec-8-en-1-yl]-4,5-dihydro-1H-imidazol-1-yl}ethan-1-ol",CCCCCCCC/C=C\CCCCCCCC1=NCCN1CCO
A-2463,"[(2R,3R)-5,7-dihydroxy-2-(3,4,5-trihydroxyphenyl)chroman-3-yl] 3,4,5-trihydroxybenzoate",O=C(O[C@@H]1Cc2c(O)cc(O)cc2O[C@@H]1c1cc(O)c(O)c(O)c1)c1cc(O)c(O)c(O)c1
A-2464,"Alcohols, C16-18 and C18-unsatd., ethoxylated",CC/C=C/CCCCCCCCCCCCCCOCC
A-2465,2-(4-chloro-2-fluorophenyl)acetonitrile,N#CCc1ccc(Cl)cc1F
A-2466,"2,2-dimethyl-4-phenylpentanenitrile",CC(CC(C)(C)C#N)c1ccccc1
A-2467,4-tert-butylcyclohexyl acetate,CC(=O)OC1CCC(C(C)(C)C)CC1
A-2471,1-cyclohexyl-3-[4-({4-[(cyclohexylcarbamoyl)amino]phenyl}methyl)phenyl]urea,O=C(Nc1ccc(Cc2ccc(NC(=O)NC3CCCCC3)cc2)cc1)NC1CCCCC1
A-2473,"2,4-dioxo-1,3-diazetidine-1,3-bis(methyl-m-phenylene) diisocyanate",Cc1ccc(N2C(=O)N(c3ccc(C)c(N=C=O)c3)C2=O)cc1N=C=O
A-2474,"(2R)-2-[(2R,3R,4S)-3,4-dihydroxyoxolan-2-yl]-2-hydroxyethyl dodecanoate",CCCCCCCCCCCC(=O)OCC(O)[C@H]1OC[C@@H](O)[C@@H]1O
A-2478,"4-[(E)-2-{3-[(E)-2-(2,4-diaminophenyl)diazen-1-yl]phenyl}diazen-1-yl]benzene-1,3-diamine",Nc1ccc(N=Nc2cccc(N=Nc3ccc(N)cc3N)c2)c(N)c1
A-2484,2-[(E)-2-{4-[(E)-2-(2-cyanophenyl)ethenyl]phenyl}ethenyl]benzonitrile,N#Cc1ccccc1/C=C/c1ccc(/C=C/c2ccccc2C#N)cc1
A-2491,1-methyl-3-oxoandrostan-17-yl acetate,CC(=O)O[C@H]1CC[C@H]2[C@@H]3CC[C@H]4CC(=O)C[C@H](C)[C@]4(C)[C@H]3CC[C@]12C
A-2493,"2,3-Dihydroxypropyl docosanoate",CCCCCCCCCCCCCCCCCCCCCC(=O)OCC(O)CO
A-2494,2-methylpropane,C[C](C)C
A-2504,"2-tert-butylbenzene-1,4-diol",CC(C)(C)c1cc(O)ccc1O
A-2506,"1,1-diethoxy-3,7-dimethylocta-2,6-diene",CCOC(/C=C(\C)CCC=C(C)C)OCC
A-2507,"1H-1,3-benzodiazole-2-thiol",S=c1[nH]c2ccccc2[nH]1
A-2510,1-(hexyloxy)hexane,CCCCCCOCCCCCC
A-2512,"N,N',N'',N'''-tetrakis(4,6-bis(butyl-(N-methyl-2,2,6,6-tetramethylpiperidin-4-yl)amino)triazin-2-yl)-4,7-diazadecane-1,10-diamine",CCCCN(c1nc(NCCCN(CCN(CCCNc2nc(N(CCCC)C3CC(C)(C)N(C)C(C)(C)C3)nc(N(CCCC)C3CC(C)(C)N(C)C(C)(C)C3)n2)c2nc(N(CCCC)C3CC(C)(C)N(C)C(C)(C)C3)nc(N(CCCC)C3CC(C)(C)N(C)C(C)(C)C3)n2)c2nc(N(CCCC)C3CC(C)(C)N(C)C(C)(C)C3)nc(N(CCCC)C3CC(C)(C)N(C)C(C)(C)C3)n2)nc(N(CCCC)C2CC(C)(C)N(C)C(C)(C)C2)n1)C1CC(C)(C)N(C)C(C)(C)C1
A-2517,"propane-1,2-diyl bisoctadec-9-enoate",CCCCCCCC/C=C\CCCCCCCC(=O)OCC(C)OC(=O)CCCCCCC/C=C\CCCCCCCC
A-2519,"4',4'''-azobis[N-(9,10-dihydro-9,10-dioxo-1-anthryl)[1,1'-biphenyl]-4-carboxamide]",O=C(Nc1cccc2c1C(=O)c1ccccc1C2=O)c1ccc(-c2ccc(N=Nc3ccc(-c4ccc(C(=O)Nc5cccc6c5C(=O)c5ccccc5C6=O)cc4)cc3)cc2)cc1
A-2520,Di-p-xylylene,c1cc2ccc1CCc1ccc(cc1)CC2
A-2521,Violanthrone,O=C1c2ccccc2-c2ccc3c4ccc5c6c(ccc(c7ccc1c2c73)c64)C(=O)c1ccccc1-5
A-2525,Vat green 1,COc1cc2c3c(ccc4c5ccc6c7c(cc(OC)c(c1c34)c75)-c1ccccc1C6=O)C(=O)c1ccccc1-2
A-2526,"Alcohols, C12-15-branched and linear",CCCCC[C@H](CCC)CCCO
A-2528,"1,1-bis(tert-butylperoxy)cyclohexane",CC(C)(C)OOC1(OOC(C)(C)C)CCCCC1
A-2532,"(2E,4E,6E,8E)-3,7-dimethyl-9-(2,6,6-trimethylcyclohex-1-en-1-yl)nona-2,4,6,8-tetraen-1-yl hexadecanoate",CCCCCCCCCCCCCCCC(=O)OC/C=C(C)/C=C/C=C(C)/C=C/C1=C(C)CCCC1(C)C
A-2535,(2R)-2-[4-[5-(trifluoromethyl)pyridin-2-yl]oxyphenoxy]propanoic acid,C[C@@H](Oc1ccc(Oc2ccc(C(F)(F)F)cn2)cc1)C(=O)O
A-2537,"1,1-bis[(2-methylbutan-2-yl)peroxy]cyclohexane",CCC(C)(C)OOC1(OOC(C)(C)CC)CCCCC1
A-2538,"1,2-Dihydro-2,2,4-trimethylquinoline, oligomers",CC1=CC(C)(C)Nc2ccccc21
A-2540,1-chlorooctane,CCCCCCCCCl
A-2541,"2,2,4,4,6,6,8,8,10,10,12,12-dodecamethyl-3,5,7,9,11-pentaoxa-2,4,6,8,10,12-hexasilatridecane",C[Si](C)(C)O[Si](C)(C)O[Si](C)(C)O[Si](C)(C)O[Si](C)(C)O[Si](C)(C)C
A-2543,Tetra(10B)boron carbide,B12B3B4B1C234
A-2544,"2-(2H-1,2,3-benzotriazol-2-yl)-4-(2,4,4-trimethylpentan-2-yl)phenol",CC(C)(C)CC(C)(C)c1ccc(O)c(-n2nc3ccccc3n2)c1
A-2545,"2-(2H-1,2,3-benzotriazol-2-yl)-4-methylphenol",Cc1ccc(O)c(-n2nc3ccccc3n2)c1
A-2546,"2-[(2-{[3-(3,5-di-tert-butyl-4-hydroxyphenyl)propanoyl]oxy}ethyl)sulfanyl]ethyl 3-(3,5-di-tert-butyl-4-hydroxyphenyl)propanoate",CC(C)(C)c1cc(CCC(=O)OCCSCCOC(=O)CCc2cc(C(C)(C)C)c(O)c(C(C)(C)C)c2)cc(C(C)(C)C)c1O
A-2547,2-[2-(2-{[3-(3-tert-butyl-4-hydroxy-5-methylphenyl)propanoyl]oxy}ethoxy)ethoxy]ethyl 3-(3-tert-butyl-4-hydroxy-5-methylphenyl)propanoate,Cc1cc(CCC(=O)OCCOCCOCCOC(=O)CCc2cc(C)c(O)c(C(C)(C)C)c2)cc(C(C)(C)C)c1O
A-2548,2-benzoyl-5-(octyloxy)phenol,CCCCCCCCOc1ccc(C(=O)c2ccccc2)c(O)c1
A-2549,2-butyloctan-1-ol,CCCCCCC(CO)CCCC
A-2550,2-decyltetradecan-1-ol,CCCCCCCCCCCCC(CO)CCCCCCCCCC
A-2551,2-dodecylhexadecan-1-ol,CCCCCCCCCCCCCCC(CO)CCCCCCCCCCCC
A-2552,2-ethyl-1-{[(2-ethylhexyl)oxy]methoxy}hexane,CCCCC(CC)COCOCC(CC)CCCC
A-2553,2-hexyldecan-1-ol,CCCCCCCCC(CO)CCCCCC
A-2554,"2-tert-butyl-6-(5-chloro-2H-1,2,3-benzotriazol-2-yl)-4-methylphenol",Cc1cc(-n2nc3ccc(Cl)cc3n2)c(O)c(C(C)(C)C)c1
A-2555,2-tert-butyl-6-[(3-tert-butyl-5-ethyl-2-hydroxyphenyl)methyl]-4-ethylphenol,CCc1cc(Cc2cc(CC)cc(C(C)(C)C)c2O)c(O)c(C(C)(C)C)c1
A-2556,2-tetradecyloctadecan-1-ol,CCCCCCCCCCCCCCCCC(CO)CCCCCCCCCCCCCC
A-2559,3-octadecyl-1-{3-[(octadecylcarbamoyl)amino]propyl}urea,CCCCCCCCCCCCCCCCCCNC(=O)NCCCNC(=O)NCCCCCCCCCCCCCCCCCC
A-2561,4-amino-N-(2-ethylhexyl)benzene-1-sulfonamide,CCCCC(CC)CNS(=O)(=O)c1ccc(N)cc1
A-2563,"5-tert-butyl-2-[5-(5-tert-butyl-1,3-benzoxazol-2-yl)thiophen-2-yl]-1,3-benzoxazole",CC(C)(C)c1ccc2oc(-c3ccc(-c4nc5cc(C(C)(C)C)ccc5o4)s3)nc2c1
A-2565,Pigment Red 224,O=C1OC(=O)c2ccc3c4ccc5c6c(ccc(c7ccc1c2c73)c64)C(=O)OC5=O
A-2569,bis(11-methyldodecyl) phthalate,CC(C)CCCCCCCCCCOC(=O)c1ccccc1C(=O)OCCCCCCCCCCC(C)C
A-2572,diisotridecyl adipate,CC(C)CCCCCCCCCCOC(=O)CCCCC(=O)OCCCCCCCCCCC(C)C
A-2573,docosan-1-ol,CCCCCCCCCCCCCCCCCCCCCCO
A-2574,dodecyl 3-{[3-(dodecyloxy)-3-oxopropyl]sulfanyl}propanoate,CCCCCCCCCCCCOC(=O)CCSCCC(=O)OCCCCCCCCCCCC
A-2575,ethyl 4-[[(methylphenylamino)methylene]amino]benzoate,CCOC(=O)c1ccc(N=CN(C)c2ccccc2)cc1
A-2577,hexadecyl hexadecyloxy dicarbonate,CCCCCCCCCCCCCCCCOC(=O)OOC(=O)OCCCCCCCCCCCCCCCC
A-2578,hexadecyl(trimethoxy)silane,CCCCCCCCCCCCCCCC[Si](OC)(OC)OC
A-2582,icosan-1-ol,CCCCCCCCCCCCCCCCCCCCO
A-2586,propan-2-yl dodecanoate,CCCCCCCCCCCC(=O)OC(C)C
A-2587,tetracosan-1-ol,CCCCCCCCCCCCCCCCCCCCCCCCO
A-2589,undec-3-ene,CC/C=C/CCCCCCC
A-2590,vinyl laurate,C=COC(=O)CCCCCCCCCCC
A-2593,"2-[3-(heptan-3-yl)-1,2-oxazolidin-2-yl]ethyl N-{6-[({2-[3-(heptan-3-yl)-1,2-oxazolidin-2-yl]ethoxy}carbonyl)amino]hexyl}carbamate",CCCCC(CC)C1CCON1CCOC(=O)NCCCCCCNC(=O)OCCN1OCCC1C(CC)CCCC
A-2594,methyl 3-[3-(benzotriazol-2-yl)-5-tert-butyl-4-hydroxyphenyl]propanoate,COC(=O)CCc1cc(-n2nc3ccccc3n2)c(O)c(C(C)(C)C)c1
A-2595,3-octadecyl-1-[4-({4-[(octadecylcarbamoyl)amino]phenyl}methyl)phenyl]urea,CCCCCCCCCCCCCCCCCCNC(=O)Nc1ccc(Cc2ccc(NC(=O)NCCCCCCCCCCCCCCCCCC)cc2)cc1
A-2596,"2,5,7,8-tetramethyl-2-(4,8,12-trimethyltridecyl)-3,4-dihydro-2H-1-benzopyran-6-yl acetate",CC(=O)Oc1c(C)c(C)c2c(c1C)CC[C@@](C)(CCC[C@H](C)CCC[C@H](C)CCCC(C)C)O2
A-2597,"1,4-bis(iodomethyl)cyclohexane",ICC1CCC(CI)CC1
A-2598,"[1,3(or 1,4)-phenylenebis(1-methylethylidene)]bis[tert-butyl] peroxide",CC(C)(C)OOC(C)(C)c1ccc(C(C)(C)OOC(C)(C)C)cc1
A-2601,"1,1'-disulfanediyldioctadecane",CCCCCCCCCCCCCCCCCCSSCCCCCCCCCCCCCCCCCC
A-2602,2-decyltetradecanoic acid,CCCCCCCCCCCCC(CCCCCCCCCC)C(=O)O
A-2605,"2,2,4,6,6-pentamethyl-4-[(trimethylsilyl)oxy]-3,5-dioxa-2,4,6-trisilaheptane",C[Si](C)(C)O[Si](C)(O[Si](C)(C)C)O[Si](C)(C)C
A-2606,N-(2-ethoxyphenyl)-N'-[4-(10-methylundecyl)phenyl]ethanediamide,CCOc1ccccc1NC(=O)C(=O)Nc1ccc(CCCCCCCCCC(C)C)cc1
A-2608,"2-ethylhexyl 3,5,5-trimethylhexanoate",CCCCC(CC)COC(=O)CC(C)CC(C)(C)C
A-2610,"heptyl 3-[3-(2H-1,2,3-benzotriazol-2-yl)-5-tert-butyl-4-hydroxyphenyl]propanoate nonyl 3-[3-(2H-1,2,3-benzotriazol-2-yl)-5-tert-butyl-4-hydroxyphenyl]propanoate octyl 3-[3-(2H-1,2,3-benzotriazol-2-yl)-5-tert-butyl-4-hydroxyphenyl]propanoate",CCC(C)CCCOC(=O)CCc1cc(-n2nc3ccccc3n2)c(O)c(C(C)(C)C)c1
A-2614,"4-[(4-hydroxy-9,10-dioxo-9,10-dihydroanthracen-1-yl)amino]phenyl methanesulfonate",CS(=O)(=O)Oc1ccc(Nc2ccc(O)c3c2C(=O)c2ccccc2C3=O)cc1
A-2617,4-(2-{3-[2-(4-hydroxyphenyl)propan-2-yl]phenyl}propan-2-yl)phenol,CC(Cc1cccc(CC(C)c2ccc(O)cc2)c1)c1ccc(O)cc1
A-2618,N-(3-methylphenyl)-4-{4-[(3-methylphenyl)(phenyl)amino]phenyl}-N-phenylaniline,Cc1cccc(N(c2ccccc2)c2ccc(-c3ccc(N(c4ccccc4)c4cccc(C)c4)cc3)cc2)c1
A-2619,N-methyl-N-phenyl{[methyl(phenyl)carbamothioyl]disulfanyl}carbothioamide,CN(C(=S)SSC(=S)N(C)c1ccccc1)c1ccccc1
A-2622,"Sorbitan monolaurate, ethoxylated",CCCCCCCCCCCC(=O)OCCOCC(OCCO)C1OCC(OCCO)C1OCCO
A-2623,16-methylheptadecan-1-ol,CC(C)CCCCCCCCCCCCCCCO
A-2624,"2,3-bis(acetyloxy)propyl dodecanoate",CCCCCCCCCCCC(=O)OCC(COC(C)=O)OC(C)=O
A-2625,"2-Butenedioic acid (E)-, di-C12-18-alkyl esters",CCCCCCCCCCCCCCCOC(=O)/C=C/C(=O)OCCCCCCCCCCCCCCC
A-2626,"2-Butenedioic acid (E)-, di-C8-18-alkyl esters",CCCCCCCCOC(=O)/C=C/C(=O)OCCCCCCCC
A-2627,bis(4-isocyanatophenyl) [(4-isocyanatophenyl)sulfanyl]phosphonate,O=C=Nc1ccc(OP(=S)(Oc2ccc(N=C=O)cc2)Oc2ccc(N=C=O)cc2)cc1
A-2628,bis(8-methylnonyl) but-2-enedioate,CC(C)CCCCCCCOC(=O)/C=C/C(=O)OCCCCCCCC(C)C
A-2629,didodecyl but-2-enedioate,CCCCCCCCCCCCOC(=O)/C=C/C(=O)OCCCCCCCCCCCC
A-2630,propan-2-yl (9Z)-octadec-9-enoate,CCCCCCCC/C=C\CCCCCCCC(=O)OC(C)C
A-2633,triethoxy(octyl)silane,CCCCCCCC[Si](OCC)(OCC)OCC
A-2635,12-hydroxy-N-[2-(12-hydroxyoctadecanamido)ethyl]octadecanamide,CCCCCCC(O)CCCCCCCCCCC(=O)NCCNC(=O)CCCCCCCCCCC(O)CCCCCC
A-2636,"2-[4-(4-oxo-4H-3,1-benzoxazin-2-yl)phenyl]-4H-3,1-benzoxazin-4-one",O=c1oc(-c2ccc(-c3nc4ccccc4c(=O)o3)cc2)nc2ccccc12
A-2637,(13Z)-docos-13-enamide,CCCCCCCC/C=C\CCCCCCCCCCCC(N)=O
A-2638,"1,1',1''-methanetriyltris(4-isocyanatobenzene)",O=C=Nc1ccc(C(c2ccc(N=C=O)cc2)c2ccc(N=C=O)cc2)cc1
A-2639,"1,2-Benzenedicarboxylic acid, di-C8-10-branched alkyl esters, C9-rich",CC(C)CCCCCCOC(=O)c1ccccc1C(=O)OCCCCCCC(C)C
A-2641,"1,6-bis(2-ethylhexyl) hexanedioate",CCCCC(CC)COC(=O)CCCCC(=O)OCC(CC)CCCC
A-2642,"1,6-bis(2-methylnonyl) hexanedioate",CC(C)CCCCCCCOC(=O)CCCCC(=O)OCCCCCCCC(C)C
A-2643,"1,6-bis(7-methyloctyl) hexanedioate",CC(C)CCCCCCOC(=O)CCCCC(=O)OCCCCCCC(C)C
A-2644,1-(octyloxy)octane,CCCCCCCCOCCCCCCCC
A-2645,1-(vinyloxy)octadecane,C=COCCCCCCCCCCCCCCCCCC
A-2647,"2-ethylhexyl 2-cyano-3,3-diphenylprop-2-enoate",CCCCC(CC)COC(=O)C(C#N)=C(c1ccccc1)c1ccccc1
A-2648,"2-fluoro-4-[4-(4-propylcyclohexyl)cyclohexyl]-1-(3,4,5-trifluorophenyl)benzene",CCCC1CCC(C2CCC(c3ccc(-c4cc(F)c(F)c(F)c4)c(F)c3)CC2)CC1
A-2649,2-octyldodecan-1-ol,CCCCCCCCCCC(CO)CCCCCCCC
A-2650,Naphthalic anhydride,O=C1OC(=O)c2cccc3cccc1c23
A-2651,"3-{[3-(3,5-di-tert-butyl-4-hydroxyphenyl)propanoyl]oxy}-2,2-bis({[3-(3,5-di-tert-butyl-4-hydroxyphenyl)propanoyl]oxy}methyl)propyl 3-(3,5-di-tert-butyl-4-hydroxyphenyl)propanoate",CC(C)(C)c1cc(CCC(=O)OCC(COC(=O)CCc2cc(C(C)(C)C)c(O)c(C(C)(C)C)c2)(COC(=O)CCc2cc(C(C)(C)C)c(O)c(C(C)(C)C)c2)COC(=O)CCc2cc(C(C)(C)C)c(O)c(C(C)(C)C)c2)cc(C(C)(C)C)c1O
A-2652,"4-(2,4,4-trimethylpentan-2-yl)-N-[4-(2,4,4-trimethylpentan-2-yl)phenyl]aniline",CC(C)(C)CC(C)(C)c1ccc(Nc2ccc(C(C)(C)CC(C)(C)C)cc2)cc1
A-2658,N-[3-(dimethylamino)propyl]docosanamide,CCCCCCCCCCCCCCCCCCCCCC(=O)NCCCN(C)C
A-2659,"Octadecan-1-ol, ethoxylated",CCCCCCCCCCCCCCCCCCOCC[O]
A-2662,"[phenyl(2,4,6-trimethylbenzoyl)phosphoryl](2,4,6-trimethylphenyl)methanone",Cc1cc(C)c(C(=O)P(=O)(C(=O)c2c(C)cc(C)cc2C)c2ccccc2)c(C)c1
A-2664,dimethoxybis(propan-2-yl)silane,CO[Si](OC)(C(C)C)C(C)C
A-2665,dodecanoyl dodecaneperoxoate,CCCCCCCCCCCC(=O)OOC(=O)CCCCCCCCCCC
A-2666,octyl (2R)-2-(4-chloro-2-methylphenoxy)propanoate,CCCCCCCCOC(=O)[C@@H](C)Oc1ccc(Cl)cc1C
A-2673,"2,2-bis[(nonanoyloxy)methyl]butyl nonanoate",CCCCCCCCC(=O)OCC(CC)(COC(=O)CCCCCCCC)COC(=O)CCCCCCCC
A-2674,"2,5-bis(1,1-dimethylpropyl)benzene-1,4-diol",CCC(C)(C)c1cc(O)c(C(C)(C)CC)cc1O
A-2677,"10,13-dimethyl-17-(2-methyl-1,3-dioxolan-2-yl)-1,2,4,9,10,11,12,13,14,15,16,17-dodecahydrospiro[cyclopenta[a]phenanthrene-3,2'-[1,3]dioxolane]",CC1(C2CCC3C4=CC=C5CC6(CCC5(C)C4CCC32C)OCCO6)OCCO1
A-2684,"(2R)-2-[(2R,3R,4S)-3,4-bis(octadecanoyloxy)oxolan-2-yl]-2-hydroxyethyl octadecanoate (2R)-2-[(2R,3R,4S)-3,4-dihydroxyoxolan-2-yl]-2-hydroxyethyl octadecanoate (2R)-2-hydroxy-2-[(2R,3R,4S)-3-hydroxy-4-(octadecanoyloxy)oxolan-2-yl]ethyl (9Z)-octadec-9-enoate",CCCCCCCCCCCCCCCCCC(=O)OCC(OC(=O)CCCCCCCCCCCCCCCCC)[C@H]1OC[C@@H](O)[C@@H]1OC(=O)CCCCCCCCCCCCCCCCC
A-2685,"(2R)-2-[(2R,3R,4S)-3,4-dihydroxyoxolan-2-yl]-2-hydroxyethyl hexadecanoate",CCCCCCCCCCCCCCCC(=O)OCC(O)[C@H]1OC[C@@H](O)[C@@H]1O
A-2687,"1,2,4-tris(2-methyldodecyl) benzene-1,2,4-tricarboxylate",CC(C)CCCCCCCCCCOC(=O)c1ccc(C(=O)OCCCCCCCCCCC(C)C)c(C(=O)OCCCCCCCCCCC(C)C)c1
A-2688,"1,3-bis(heptanoyloxy)propan-2-yl heptanoate",CCCCCCC(=O)OCC(COC(=O)CCCCCC)OC(=O)CCCCCC
A-2689,"1,3-bis[(12-hydroxyoctadecanoyl)oxy]propan-2-yl 12-hydroxyoctadecanoate",CCCCCCC(O)CCCCCCCCCCC(=O)OCC(COC(=O)CCCCCCCCCCC(O)CCCCCC)OC(=O)CCCCCCCCCCC(O)CCCCCC
A-2690,"1,3-bis[(2-ethylhexanoyl)oxy]propan-2-yl 2-ethylhexanoate",CCCCC(CC)C(=O)OCC(COC(=O)C(CC)CCCC)OC(=O)C(CC)CCCC
A-2691,"1,3-bis[(9Z)-octadec-9-enoyloxy]propan-2-yl (9Z)-octadec-9-enoate",CCCCCCCC/C=C\CCCCCCCC(=O)OCC(COC(=O)CCCCCCC/C=C\CCCCCCCC)OC(=O)CCCCCCC/C=C\CCCCCCCC
A-2692,"1,6-bis(2-methylheptyl) hexanedioate",CC(C)CCCCCOC(=O)CCCCC(=O)OCCCCCC(C)C
A-2693,1-(octadecyloxy)octadecane,CCCCCCCCCCCCCCCCCCOCCCCCCCCCCCCCCCCCC
A-2694,"2,2-bis[(heptanoyloxy)methyl]butyl heptanoate (non-preferred name)",CCCCCCC(=O)OCC(CC)(COC(=O)CCCCCC)COC(=O)CCCCCC
A-2695,"2,2-dimethyl-3-[(9Z)-octadec-9-enoyloxy]propyl (9Z)-octadec-9-enoate",CCCCCCCC/C=C\CCCCCCCC(=O)OCC(C)(C)COC(=O)CCCCCCC/C=C\CCCCCCCC
A-2696,"2,2-dimethylpropane-1,3-diyl dioctanoate",CCCCCCCC(=O)OCC(C)(C)COC(=O)CCCCCCC
A-2698,"2-Butenedioic acid (E)-, di-C16-18-alkyl esters",CCCCCCCCCCCCCCCCCOC(=O)/C=C/C(=O)OCCCCCCCCCCCCCCCCC
A-2699,2-bromo-N-[4-chloro-2-(2-chlorobenzoyl)phenyl]acetamide,O=C(CBr)Nc1ccc(Cl)cc1C(=O)c1ccccc1Cl
A-2701,"2-ethyl-2-[[(1-oxoisooctadecyl)oxy]methyl]-1,3-propanediyl bis(isooctadecanoate)",CCC(COC(=O)CCCCCCCCCCCCCCC(C)C)(COC(=O)CCCCCCCCCCCCCCC(C)C)COC(=O)CCCCCCCCCCCCCCC(C)C
A-2702,2-ethylhexyl octadecanoate,CCCCCCCCCCCCCCCCCC(=O)OCCCCCCCC
A-2703,2-tetradecyloxirane,CCCCCCCCCCCCCCC1CO1
A-2704,"3-(3,5-di-tert-butyl-4-hydroxyphenyl)-N'-[3-(3,5-di-tert-butyl-4-hydroxyphenyl)propanoyl]propanehydrazide",CC(C)(C)c1cc(CCC(=O)NNC(=O)CCc2cc(C(C)(C)C)c(O)c(C(C)(C)C)c2)cc(C(C)(C)C)c1O
A-2705,"3-(heptanoyloxy)-2,2-bis[(heptanoyloxy)methyl]propyl heptanoate",CCCCCCC(=O)OCC(COC(=O)CCCCCC)(COC(=O)CCCCCC)COC(=O)CCCCCC
A-2706,"3-(oleoyloxy)-2,2-bis[(oleoyloxy)methyl]propyl octadec-9-enoate (non-preferred name)",CCCCCCCC/C=C\CCCCCCCC(=O)OCC(COC(=O)CCCCCCC/C=C\CCCCCCCC)(COC(=O)CCCCCCC/C=C\CCCCCCCC)COC(=O)CCCCCCC/C=C\CCCCCCCC
A-2707,"3-[(3-methylnonadecanoyl)oxy]-2,2-bis({[(3-methylnonadecanoyl)oxy]methyl})propyl 3-methylnonadecanoate",CC(C)CCCCCCCCCCCCCCC(=O)OCC(COC(=O)CCCCCCCCCCCCCCC(C)C)(COC(=O)CCCCCCCCCCCCCCC(C)C)COC(=O)CCCCCCCCCCCCCCC(C)C
A-2709,3-hydroxy-2-(hydroxymethyl)-2-{[(9Z)-octadec-9-enoyloxy]methyl}propyl (9Z)-octadec-9-enoate,CCCCCCCC/C=C/CCCCCCCC(=O)OCC(CO)(CO)COC(=O)CCCCCCC/C=C/CCCCCCCC
A-2710,3-methylbutyl dodecanoate,CCCCCCCCCCCC(=O)OCCC(C)C
A-2714,"Fatty acids, C5-9, hexaesters with dipentaerythritol",CCCCC(=O)OCC(CO)(CO)COCC(CO)(CO)CO
A-2715,"N,N'-bis(2,6-diisopropylphenyl)carbodiimide",CC(C)c1cccc(C(C)C)c1N=C=Nc1c(C(C)C)cccc1C(C)C
A-2720,diisodecyl azelate,CC(C)CCCCCCCOC(=O)CCCCCCCC(=O)OCCCCCCCC(C)C
A-2721,ditetradecyl but-2-enedioate,CCCCCCCCCCCCCCOC(=O)/C=C/C(=O)OCCCCCCCCCCCCCC
A-2722,docosanamide,CCCCCCCCCCCCCCCCCCCCCC(N)=O
A-2723,docosyl docosanoate,CCCCCCCCCCCCCCCCCCCCCCOC(=O)CCCCCCCCCCCCCCCCCCCCC
A-2724,dodecyl (9Z)-octadec-9-enoate,CCCCCCCC/C=C/CCCCCCCC(=O)OCCCCCCCCCCCC
A-2726,hexadecyl 2-ethylhexanoate,CCCCCCCCCCCCCCCCOC(=O)C(CC)CCCC
A-2727,hexyl dodecanoate,CCCCCCCCCCCC(=O)OCCCCCC
A-2728,"isooctadecanoic acid, monoester with glycerol",CC(C)CCCCCCCCCCCCCCC(=O)OC(CO)CO
A-2730,octadec-9-en-1-yl docos-13-enoate,CCCCCCCC/C=C\CCCCCCCCCCCC(=O)OCCCCCCCC/C=C\CCCCCCCC
A-2731,octadec-9-en-1-yl octadec-9-enoate,CCCCCCCC/C=C\CCCCCCCCOC(=O)CCCCCC/C=C\CCCCCCCCC
A-2732,octyl octanoate,CCCCCCCCOC(=O)CCCCCCC
A-2733,tetradecyl octadec-9-enoate,CCCCCCCC/C=C\CCCCCCCC(=O)OCCCCCCCCCCCCCC
A-2734,"tris(2-ethylhexyl) 2-acetoxypropane-1,2,3-tricarboxylate",CCCCC(CC)COC(=O)CC(CC(=O)OCC(CC)CCCC)(OC(C)=O)C(=O)OCC(CC)CCCC
A-2736,"2-(2H-1,2,3-benzotriazol-2-yl)-4,6-bis(2-phenylpropan-2-yl)phenol",CC(C)(c1ccccc1)c1cc(-n2nc3ccccc3n2)c(O)c(C(C)(C)c2ccccc2)c1
A-2737,"4,4',4''-butane-1,1,3-triyltris(2-tert-butyl-5-methylphenol)",Cc1cc(O)c(C(C)(C)C)cc1C(C)CC(c1cc(C(C)(C)C)c(O)cc1C)c1cc(C(C)(C)C)c(O)cc1C
A-2738,"4-[(E)-2-(5-cyano-2-hydroxy-1,4-dimethyl-6-oxo-1,6-dihydropyridin-3-yl)diazen-1-yl]-N-(2-ethylhexyl)benzamide",CCCCC(CC)CNC(=O)c1ccc(N/N=C2\C(=O)N(C)C(=O)C(C#N)=C2C)cc1
A-2739,"5-[(E)-2-(3,4-dichlorophenyl)diazen-1-yl]-6-hydroxy-1,4-dimethyl-2-oxo-1,2-dihydropyridine-3-carbonitrile",CC1=C(C#N)C(=O)N(C)C(=O)/C1=N/Nc1ccc(Cl)c(Cl)c1
A-2740,"tris[(3,5-di-tert-butyl-4-hydroxyphenyl)methyl]-1,3,5-triazinane-2,4,6-trione",CC(C)(C)c1cc(Cn2c(=O)n(Cc3cc(C(C)(C)C)c(O)c(C(C)(C)C)c3)c(=O)n(Cc3cc(C(C)(C)C)c(O)c(C(C)(C)C)c3)c2=O)cc(C(C)(C)C)c1O
A-2741,2-benzoyl-5-[3-(4-benzoyl-3-hydroxyphenoxy)-2-hydroxypropoxy]phenol,O=C(c1ccccc1)c1ccc(OCC(O)COc2ccc(C(=O)c3ccccc3)c(O)c2)cc1O
A-2743,"(E)-N,6,6-trimethyl-N-(naphthalen-1-ylmethyl)hept-2-en-4-yn-1-amine",CN(C/C=C/C#CC(C)(C)C)Cc1cccc2ccccc12
A-2744,2-methyl-2-[(2-methylundecan-2-yl)disulfanyl]undecane,CCCCCCCCCC(C)(C)SSC(C)(C)CCCCCCCCC
A-2745,bis(2-ethylhexyl) carbonate,CCCCC(CC)COC(=O)OCC(CC)CCCC
A-2747,dibenzyl {[bis(benzyloxy)phosphoryl]oxy}phosphonate,O=P(OCc1ccccc1)(OCc1ccccc1)OP(=O)(OCc1ccccc1)OCc1ccccc1
A-2748,4-(4-{2-[4-(4-aminophenoxy)phenyl]propan-2-yl}phenoxy)aniline,CC(C)(c1ccc(Oc2ccc(N)cc2)cc1)c1ccc(Oc2ccc(N)cc2)cc1
A-2751,"3-(Diethylamino)-7-oxo-7H-(1)benzopyrano(3',2':3,4)pyrido(1,2-a)benzimidazole-6-carbonitrile",CCN(CC)c1ccc2cc3c(oc2c1)c(C#N)c(=O)n1c2ccccc2nc31
A-2752,"N-{2-[(E)-2-(2,6-dicyano-4-methylphenyl)diazen-1-yl]-5-(diethylamino)phenyl}methanesulfonamide",CCN(CC)c1ccc(N=Nc2c(C#N)cc(C)cc2C#N)c(NS(C)(=O)=O)c1
A-2755,"1-bromo-1,1,2,2,3,3,4,4,5,5,6,6,7,7,8,8,8-heptadecafluorooctane",FC(F)(F)C(F)(F)C(F)(F)C(F)(F)C(F)(F)C(F)(F)C(F)(F)C(F)(F)Br
A-2757,Pigment red 149,Cc1cc(C)cc(N2C(=O)c3ccc4c5ccc6c7c(ccc(c8ccc(c3c48)C2=O)c75)C(=O)N(c2cc(C)cc(C)c2)C6=O)c1
A-2761,tetradecyl tetradecanoate,CCCCCCCCCCCCCCOC(=O)CCCCCCCCCCCCC
A-2762,"trans-4-ethyl-4'-(4-propylcyclohexyl)-1,1'-biphenyl",CCCC1CCC(c2ccc(-c3ccc(CC)cc3)cc2)CC1
A-2763,trixylyl phosphate,Cc1cc(C)cc(OP(=O)(Oc2cc(C)cc(C)c2)Oc2cc(C)cc(C)c2)c1
A-2764,"beta,beta-carotene",CC1=C(/C=C/C(C)=C/C=C/C(C)=C/C=C/C=C(C)/C=C/C=C(C)/C=C/C2=C(C)CCCC2(C)C)C(C)(C)CCC1
A-2767,(13Z)-N-octadecyldocos-13-enamide,CCCCCCCC/C=C\CCCCCCCCCCCC(=O)NCCCCCCCCCCCCCCCCCC
A-2768,"(2R)-5-amino-2-(dibenzylamino)-1,6-diphenylhex-4-en-3-one",NC(=CC(=O)[C@@H](Cc1ccccc1)N(Cc1ccccc1)Cc1ccccc1)Cc1ccccc1
A-2769,(Z)-N-octadec-9-enylhexadecan-1-amide,CCCCCCCC/C=C\CCCCCCCCNC(=O)CCCCCCCCCCCCCCC
A-2772,"3-(3,5-di-tert-butyl-4-hydroxyphenyl)-N-octadecylpropanamide",CCCCCCCCCCCCCCCCCCNC(=O)CCc1cc(C(C)(C)C)c(O)c(C(C)(C)C)c1
A-2773,"3-(3,5-di-tert-butyl-4-hydroxyphenyl)-N-{6-[3-(3,5-di-tert-butyl-4-hydroxyphenyl)propanamido]hexyl}propanamide",CC(C)(C)c1cc(CCC(=O)NCCCCCCNC(=O)CCc2cc(C(C)(C)C)c(O)c(C(C)(C)C)c2)cc(C(C)(C)C)c1O
A-2775,4-chloro-2-(2-chlorobenzoyl)aniline,Nc1ccc(Cl)cc1C(=O)c1ccccc1Cl
A-2776,4-{4-[(diphenoxyphosphoryl)oxy]phenyl}phenyl diphenyl phosphate,O=P(Oc1ccccc1)(Oc1ccccc1)Oc1ccc(-c2ccc(OP(=O)(Oc3ccccc3)Oc3ccccc3)cc2)cc1
A-2777,Pigment red 178,O=C1c2ccc3c4ccc5c6c(ccc(c7ccc(c2c37)C(=O)N1c1ccc(N=Nc2ccccc2)cc1)c64)C(=O)N(c1ccc(N=Nc2ccccc2)cc1)C5=O
A-2778,"N-(10-benzamido-6,13-diacetamido-2,9-diethoxy-5,12-dioxa-7,14-diazapentacen-3-yl)benzamide",CCOc1cc2c(cc1NC(=O)c1ccccc1)Oc1c(NC(C)=O)c3c(c(NC(C)=O)c1=N2)Oc1cc(NC(=O)c2ccccc2)c(OCC)cc1N=3
A-2779,N-octadecyloctadecanamide,CCCCCCCCCCCCCCCCCCNC(=O)CCCCCCCCCCCCCCCCC
A-2785,"4-({3,5-bis[(2,6-di-tert-butyl-4-hydroxyphenyl)methyl]-2,4,6-trimethylphenyl}methyl)-3,5-di-tert-butylphenol",Cc1c(Cc2cc(C(C)(C)C)c(O)c(C(C)(C)C)c2)c(C)c(Cc2cc(C(C)(C)C)c(O)c(C(C)(C)C)c2)c(C)c1Cc1cc(C(C)(C)C)c(O)c(C(C)(C)C)c1
A-2788,4-(2-phenylpropan-2-yl)-N-[4-(2-phenylpropan-2-yl)phenyl]aniline,CC(C)(c1ccccc1)c1ccc(Nc2ccc(C(C)(C)c3ccccc3)cc2)cc1
A-2789,"2-[7-(diethylamino)-2-oxo-2H-chromen-3-yl]-1,3-benzoxazole-5-sulfonamide",CCN(CC)c1ccc2cc(-c3nc4cc(S(N)(=O)=O)ccc4o3)c(=O)oc2c1
A-2790,Indanthrene,O=c1c2ccccc2c(=O)c2c1ccc1[nH]c3c(ccc4c(=O)c5ccccc5c(=O)c43)[nH]c12
A-2792,3-{3-[(2-ethylhexyl)oxy]propyl}-1-{5-[({3-[(2-ethylhexyl)oxy]propyl}carbamoyl)amino]naphthalen-1-yl}urea,CCCCC(CC)COCCCNC(=O)Nc1cccc2c(NC(=O)NCCCOCC(CC)CCCC)cccc12
A-2794,"2-[9-(1-{[3-(3-tert-butyl-4-hydroxy-5-methylphenyl)propanoyl]oxy}-2-methylpropan-2-yl)-2,4,8,10-tetraoxaspiro[5.5]undecan-3-yl]-2-methylpropyl 3-(3-tert-butyl-4-hydroxy-5-methylphenyl)propanoate",Cc1cc(CCC(=O)OCC(C)(C)C2OCC3(CO2)COC(C(C)(C)COC(=O)CCc2cc(C)c(O)c(C(C)(C)C)c2)OC3)cc(C(C)(C)C)c1O
A-2796,"3-(1,3-benzothiazol-2-yl)-7-(diethylamino)-2-oxo-2H-chromene-4-carbonitrile",CCN(CC)c1ccc2c(C#N)c(-c3nc4ccccc4s3)c(=O)oc2c1
A-2797,4-(2-{4-[2-(3-cyanophenyl)ethenyl]phenyl}ethenyl)benzonitrile,N#Cc1ccc(C=Cc2ccc(C=Cc3cccc(C#N)c3)cc2)cc1
A-2798,2-[(E)-2-(2-methoxy-4-{3-methoxy-4-[(E)-2-[2-oxo-1-(phenylcarbamoyl)propyl]diazen-1-yl]phenyl}phenyl)diazen-1-yl]-3-oxo-N-phenylbutanamide,COc1cc(-c2ccc(N=NC(C(C)=O)C(=O)Nc3ccccc3)c(OC)c2)ccc1N=NC(C(C)=O)C(=O)Nc1ccccc1
A-2801,tris(2-ethylhexyl) phosphate,CCCCC(CC)COP(=O)(OCC(CC)CCCC)OCC(CC)CCCC
A-2802,"2-(diphenyl-1,3,5-triazin-2-yl)-5-(hexyloxy)phenol",CCCCCCOc1ccc(-c2nc(-c3ccccc3)nc(-c3ccccc3)n2)c(O)c1
A-2803,"(1E,19E)-10,11-dioctylicosa-1,19-diene-1,20-diamine",CCCCCCCCCCC/C=C/C/C=C/CCCCCCCCCCCCCCCCCCCCNCCCCCCCCCCC/C=C/C/C=C/CCCCCCCCCCCCCCCCCCCC
A-2804,"1,2-bis(2-propylheptyl) benzene-1,2-dicarboxylate",CCCCCC(CCC)COC(=O)c1ccccc1C(=O)OCC(CCC)CCCCC
A-2805,"2,2-dichloro-1-(3-methyl-2,3-dihydro-1,4-benzoxazin-4-yl)ethanone",CC1COc2ccccc2N1C(=O)C(Cl)Cl
A-2814,4-(propan-2-yl)benzene-1-sulfonic acid,CC(C)c1ccc(S(=O)(=O)O)cc1
A-2819,4-aminobenzonitrile,N#Cc1ccc(N)cc1
A-2823,2-(carboxyoxy)ethyl hydrogen carbonate,O=C1OCCO1
A-2824,2-methylidenebutanedioic acid,C=C(CC(=O)O)C(=O)O
A-2831,2-(chloromethyl)oxirane,ClCC1CO1
A-2836,di(phenyl)methanimine,N=C(c1ccccc1)c1ccccc1
A-2852,2-methylpropyl (2R)-2-hydroxypropanoate,CC(C)COC(=O)[C@@H](C)O
A-2854,"3-(aminomethyl)-3,5,5-trimethylcyclohexan-1-ol",CC1(C)CC(O)CC(C)(CN)C1
A-2864,oxiran-2-ylmethyl 2-methylprop-2-enoate,C=C(C)C(=O)OCC1CO1
A-2869,"2-hexoxypropane-1,3-diol",CCCCCCOC(CO)CO
A-2873,"4-[(3S)-3-ethenyl-3,7-dimethylocta-1,6-dienyl]phenol",C=C[C@@](C)(/C=C/c1ccc(O)cc1)CCC=C(C)C
A-2875,(3-methoxy-3-methylbutyl) acetate,COC(C)(C)CCOC(C)=O
A-2891,oxetan-2-one,O=C1CCO1
A-2895,"1,3-dihydroxypropan-2-yl octanoate 2,3-dihydroxypropyl octanoate",CCCCCCCC(=O)OCC(O)CO
A-2901,"3-[(1R,3R)-3-[(dimethylcarbamoylamino)methyl]-3,5,5-trimethylcyclohexyl]-1,1-dimethylurea",CN(C)C(=O)NC[C@@]1(C)C[C@H](NC(=O)N(C)C)CC(C)(C)C1
A-2907,3-[(2-carboxyethyl)sulfanyl]propanoic acid,O=C(O)CCSCCC(=O)O
A-2908,N-Butylphosphorothioic triamide,CCCCNP(N)(N)=S
A-2918,4-methyl-2-(2-methylpropyl)oxan-4-ol,CC(C)CC1CC(C)(O)CCO1
A-2921,"2,4,6-trimethylbenzene-1,3-diamine",Cc1cc(C)c(N)c(C)c1N
A-2924,tempone,CC1(C)CC(=O)CC(C)(C)N1[O]
A-2930,cytidine 3'-(dihydrogen phosphate),Nc1ccn(C2OC(COP(=O)(O)O)C(O)C2O)c(=O)n1
A-2933,methyl 2-aminobenzoate,COC(=O)c1ccccc1N
A-2937,N-ethyl(propan-2-yloxy)carbothioamide,CCNC(=S)OC(C)C
A-2940,"ethyl 3,4-dihydroxybenzoate",CCOC(=O)c1ccc(O)c(O)c1
A-2942,"benzene-1,3,5-tricarboxylic acid",O=C(O)c1cc(C(=O)O)cc(C(=O)O)c1
A-2943,"3-(3,4-Dimethoxyphenyl)propanenitrile",COc1ccc(CCC#N)cc1OC
A-2947,"octahydrocyclopenta[c]pyrrole-1,3-dione",O=C1NC(=O)C2CCCC12
A-2951,"2,2-bis(bromomethyl)propane-1,3-diol",OCC(CO)(CBr)CBr
A-2955,Aescin,C/C=C(\C)C(=O)OC1C(OC(C)=O)C2(CO)C(O)CC3(C)C(=CCC4C5(C)CCC(OC6OC(C(=O)O)C(OC7OC(CO)C(O)C(O)C7O)C(O)C6OC6OC(CO)C(O)C(O)C6O)C(C)(CO)C5CCC43C)C2CC1(C)C
A-2962,(2S)-2-aminopropanoic acid,CC(N)C(=O)O
A-2969,cyclohexanone oxime,ON=C1CCCCC1
A-2971,(2S)-pyrrolidine-2-carboxylic acid,O=C(O)C1CCCN1
A-2981,"N,N-dimethylcyclohexanamine",CN(C)C1CCCCC1
A-2985,(6-aminohexyl)carbamic acid,NCCCCCCNC(=O)O
A-2991,2-(2-ethoxyethoxy)ethyl prop-2-enoate,C=CC(=O)OCCOCCOCC
A-2993,butanedinitrile,N#CCCC#N
A-2999,benzenesulfonic acid,O=S(=O)(O)c1ccccc1
A-3000,xylenesulphonic acid,Cc1cccc(S(=O)(=O)O)c1C
A-3002,oxalic acid,O=C(O)C(=O)O
A-3005,2-(butylamino)ethan-1-ol,CCCCNCCO
A-3006,2-(methylamino)ethan-1-ol,CNCCO
A-3007,2-aminoethan-1-ol,NCCO
A-3008,"N,N-dimethylformamide",CN(C)C=O
A-3018,ethyl N-ethyl-N-phenylcarbamate,CCOC(=O)N(CC)c1ccccc1
A-3021,4-(4-hydroxybenzenesulfonyl)phenol,O=S(=O)(c1ccc(O)cc1)c1ccc(O)cc1
A-3024,"1-(2,4-dihydroxy-6-{[(2S,3R,4S,5S,6R)-3,4,5-trihydroxy-6-(hydroxymethyl)oxan-2-yl]oxy}phenyl)-3-(4-hydroxyphenyl)propan-1-one",O=C(CCc1ccc(O)cc1)c1c(O)cc(O)cc1O[C@@H]1O[C@H](CO)[C@@H](O)[C@H](O)[C@H]1O
A-3025,3-chloro-2-methylaniline,Cc1c(N)cccc1Cl
A-3027,2-phenylethyl acetate,CC(=O)OCCc1ccccc1
A-3028,5-(dithiolan-3-yl)valeric acid,O=C(O)CCCCC1CCSS1
A-3029,2-(2-methylphenoxymethyl)oxirane,Cc1ccccc1OCC1CO1
A-3043,"3,5,5-trimethylhexanal",CC(CC=O)CC(C)(C)C
A-3054,"4-(2-{2-amino-4-oxo-3H,4H,7H-pyrrolo[2,3-d]pyrimidin-5-yl}ethyl)benzoic acid",Nc1nc2[nH]cc(CCc3ccc(C(=O)O)cc3)c2c(=O)[nH]1
A-3061,"ethyl N,N-diphenylcarbamate",CCOC(=O)N(c1ccccc1)c1ccccc1
A-3066,3-chloro-4-[(3-fluorophenyl)methoxy]aniline,Nc1ccc(OCc2cccc(F)c2)c(Cl)c1
A-3067,"2-(4-bromo-3-hydroxyquinolin-2-yl)-2,3-dihydro-1H-indene-1,3-dione",O=C1c2ccccc2C(=O)C1c1nc2ccccc2c(Br)c1O
A-3068,"2,6,10,15,19,23-hexamethyltetracosane",CC(C)CCCC(C)CCCC(C)CCCCC(C)CCCC(C)CCCC(C)C
A-3073,octadec-2-enylsuccinic acid,CCCCCCCCCCCCCCC/C=C/CC(CC(=O)O)C(=O)O
A-3074,"3-[2-(hexadecyloxy)phenyl]-3-oxo-N-(4-phenyl-1,3-thiazol-2-yl)propanamide",CCCCCCCCCCCCCCCCOc1ccccc1C(=O)CC(=O)Nc1nc(-c2ccccc2)cs1
A-3075,2-isopropoxyethyl acetate,CC(=O)OCCOC(C)C
A-3077,"2,2,4-trimethylhexanedioic acid; 2,4,4-trimethylhexanedioic acid",CC(CC(=O)O)CC(C)(C)C(=O)O
A-3078,2-hydroxy-5-sulfobenzoic acid,O=C(O)c1cc(S(=O)(=O)O)ccc1O
A-3081,1-(2-hydroxyethyl)imidazolidin-2-one,O=C1NCCN1CCO
A-3082,"4-(2-hydroxyethoxy)benzene-1,3-diaminium sulfate",Nc1ccc(OCCO)c(N)c1
A-3083,2-methylprop-2-enoic acid,C=C(C)C(=O)O
A-3084,2-methylprop-2-enoyl 2-methylprop-2-enoate,C=C(C)C(=O)OC(=O)C(=C)C
A-3089,2-[(2-hydroxyethyl)amino]ethan-1-ol,OCCNCCO
A-3091,2-(2-{2-[2-(prop-2-enoyloxy)ethoxy]ethoxy}ethoxy)ethyl prop-2-enoate,C=CC(=O)OCCOCCOCCOCCOC(=O)C=C
A-3098,1-methoxy-2-(2-methoxyethoxy)ethane,COCCOCCOC
A-3118,3-methylbut-3-en-1-ol,C=C(C)CCO
A-3128,2-ethoxyphenol,CCOc1ccccc1O
A-3129,"(5-ethyl-1,3-dioxan-5-yl)methyl prop-2-enoate",C=CC(=O)OCC1(CC)COCOC1
A-3132,4-hydroxy-3-methoxybenzaldehyde,COc1cc(C=O)ccc1O
A-3137,2-methylbut-3-yn-2-amine,C#CC(C)(C)N
A-3144,1-[(2-hydroxypropyl)amino]propan-2-ol,CC(O)CNCC(C)O
A-3146,Methenamine,C1N2CN3CN1CN(C2)C3
A-3149,2-ethyloxirane,CCC1CO1
A-3162,"2,2-dimethylpropane-1,3-diol",CC(C)(CO)CO
A-3169,azepan-2-one,O=C1CCCCCN1
A-3174,bis(prop-2-en-1-yl)amine,C=CCNCC=C
A-3175,dimethyl {3-[(hydroxymethyl)amino]-3-oxopropyl}phosphonate,COP(=O)(CCC(=O)NCO)OC
A-3179,"2,2'-ethene-1,2-diylbis[5-({4-anilino-6-[bis(2-hydroxyethyl)amino]-1,3,5-triazin-2-yl}amino)benzenesulfonic acid]",O=S(=O)(O)c1cc(Nc2nc(Nc3ccccc3)nc(N(CCO)CCO)n2)ccc1/C=C/c1ccc(Nc2nc(Nc3ccccc3)nc(N(CCO)CCO)n2)cc1S(=O)(=O)O
A-3180,hexanedinitrile,N#CCCCCC#N
A-3181,3-oxo-N-phenylbutanamide,CC(=O)CC(=O)Nc1ccccc1
A-3186,"2-butyl-2-ethylpropane-1,3-diol",CCCCC(CC)(CO)CO
A-3193,(2E)-2-methylpent-2-enal,CC/C=C(\C)C=O
A-3195,Pyromellitic dianhydride,O=c1oc(=O)c2cc3c(=O)oc(=O)c3cc12
A-3196,butyl 4-oxopentanoate,CCCCOC(=O)CCC(C)=O
A-3197,"5-methyl-octahydro-2-benzofuran-1,3-dione",CC1CCC2C(=O)OC(=O)C2C1
A-3201,"2,6-dimethylaniline",Cc1cccc(C)c1N
A-3202,"1,4-dimethyl cyclohexane-1,4-dicarboxylate",COC(=O)C1CCC(C(=O)OC)CC1
A-3205,4-aminobenzamide,NC(=O)c1ccc(N)cc1
A-3209,benzyldimethylamine,CN(C)Cc1ccccc1
A-3212,oxolan-2-ylmethyl prop-2-enoate,C=CC(=O)OCC1CCCO1
A-3216,"(5R)-5-[(1S)-1,2-dihydroxyethyl]-4-ethoxy-3-hydroxy-5H-furan-2-one",CCOC1=C(O)C(=O)O[C@@H]1[C@@H](O)CO
A-3218,"1,4-dimethyl (2Z)-but-2-enedioate",COC(=O)/C=C\C(=O)OC
A-3219,"2-methylbenzene-1,4-diol",Cc1cc(O)ccc1O
A-3220,"1,3-dimethylurea",CNC(=O)NC
A-3233,methyl 3-methoxypropanoate,COCCC(=O)OC
A-3235,4-(vinyloxy)butan-1-ol,C=COCCCCO
A-3249,acrylic acid,C=CC(=O)O
A-3250,methanamine,CN
A-3256,Dihydrodicyclopentadienyl acrylate,C=CC(=O)OC1C=CC2C3CCC(C3)C12
A-3264,"1,2,4-triazole",c1nc[nH]n1
A-3273,"acid D,L-aspart",NC(CC(=O)O)C(=O)O
A-3279,"3,4-dihydro-2H-pyran",C1=COCCC1
A-3281,"octane-1,2-diol",CCCCCCC(O)CO
A-3284,ethylbis(propan-2-yl)amine,CCN(C(C)C)C(C)C
A-3290,"propan-2-yl 2,2,2-trifluoroacetate",CC(C)OC(=O)C(F)(F)F
A-3293,(2E)-but-2-enedioic acid,O=C(O)/C=C/C(=O)O
A-3294,1-[(2-hydroxypropyl)(4-methylphenyl)amino]propan-2-ol,Cc1ccc(N(CC(C)O)CC(C)O)cc1
A-3296,diethyl sulfate,CCOS(=O)(=O)OCC
A-3301,(1-hydroxy-1-phosphonoethyl)phosphonic acid,O=CO
A-3316,(2R)-2-(2-chlorophenyl)-2-hydroxyacetic acid,O=C(O)[C@H](O)c1ccccc1Cl
A-3344,3-methylbut-2-en-1-ol,CC(C)=CCO
A-3346,"hexane-1,6-diamine",NCCCCCCN
A-3348,1H-imidazole,c1c[nH]cn1
A-3353,"1,1-dimethylpropyl hydroperoxide",CCC(C)(C)OO
A-3354,2-phenylethan-1-amine,NCCc1ccccc1
A-3357,"4-hydroxy-2,2,6,6-tetramethylpiperidinoxyl",CC1(C)CC(O)CC(C)(C)N1[O]
A-3360,"oxolane-2,5-dione",O=C1CCC(=O)O1
A-3365,"2,2-bis(hydroxymethyl)propane-1,3-diol",OCC(CO)(CO)CO
A-3367,2-methylpropanoic anhydride,CC(C)C(=O)OC(=O)C(C)C
A-3372,"2,2,4,4-tetramethylcyclobutane-1,3-diol",CC1(C)C(O)C(C)(C)C1O
A-3374,"1,4-bis({3-[2-(2-hydroxyethoxy)ethoxy]propyl}amino)-9,10-dihydroanthracene-9,10-dione",O=C1c2ccccc2C(=O)c2c(NCCCOCCOCCO)ccc(NCCCOCCOCCO)c21
A-3375,acetic acid,CC(=O)O
A-3376,2-oxopentanedioic acid,O=C(O)CCC(=O)C(=O)O
A-3379,2-methylprop-2-enal,C=C(C)C=O
A-3380,2-methylpropanal,CC(C)C=O
A-3381,"O,O-diisopropyl hydrogen dithiophosphate",CC(C)OP(=S)(S)OC(C)C
A-3385,"N,2,3-trimethyl-2-(propan-2-yl)butanamide",CNC(=O)C(C)(C(C)C)C(C)C
A-3387,carbonyl dichloride,O=C(Cl)Cl
A-3389,2-[1-(carboxymethyl)cyclohexyl]acetic acid,O=C(O)CC1(CC(=O)O)CCCCC1
A-3393,(methylsulfanyl)ethane,CCSC
A-3398,2-hydroperoxy-2-(2-hydroperoxybutan-2-ylperoxy)butane,CCC(C)(OO)OOC(C)(CC)OO
A-3401,ethyl 2-methylpropanoate,CCOC(=O)C(C)C
A-3403,"1,3-dihydro-2-benzofuran-1,3-dione",O=C1OC(=O)c2ccccc21
A-3411,1-ethylpiperidine,CCN1CCCCC1
A-3412,2-amino-5-methylbenzene-1-sulfonic acid,Cc1ccc(N)c(S(=O)(=O)O)c1
A-3416,imidazolidin-2-one,O=C1NCCN1
A-3433,"2,2-dimethyloxirane",CC1(C)CO1
A-3434,hexyl D-glucoside,CCCCCCOC1O[C@H](CO)[C@@H](O)[C@H](O)[C@H]1O
A-3435,"2-hydroxypropane-1,2,3-tricarboxylic acid",O=C(O)CC(O)(CC(=O)O)C(=O)O
A-3438,"tris(2-hydroxyethyl)-1,3,5-triazinane-2,4,6-trione",O=c1n(CCO)c(=O)n(CCO)c(=O)n1CCO
A-3447,[(bis{6-[bis(phosphonomethyl)amino]hexyl}amino)methyl]phosphonic acid,O=P(O)(O)CN(CCCCCCN(CP(=O)(O)O)CP(=O)(O)O)CCCCCCN(CP(=O)(O)O)CP(=O)(O)O
A-3452,dimethyl 2-acetylsuccinate,COC(=O)CC(C(C)=O)C(=O)OC
A-3459,2-{[4-(oxiran-2-ylmethoxy)butoxy]methyl}oxirane,C(CCOCC1CO1)COCC1CO1
A-3462,beta-alanine,NCCC(=O)O
A-3464,2-(sec-butylamino)ethanol,CCC(C)NCCO
A-3472,ethyl 3-ethoxypropanoate,CCOCCC(=O)OCC
A-3473,N-methylcyclohexanamine,CNC1CCCCC1
A-3475,methyl cyanoacetate,COC(=O)CC#N
A-3481,ethyl 2-cyanoacetate,CCOC(=O)CC#N
A-3487,2-methylpentanedinitrile,CC(C#N)CCC#N
A-3488,1-butoxypropan-2-ol,CCCCOCC(C)O
A-3490,"2H-1,3-dioxol-2-one",O=c1occo1
A-3496,"4-methyl-1,3-oxazole-5-carbonitrile",Cc1ncoc1C#N
A-3502,"hexane-1,6-diol",OCCCCCCO
A-3503,2-(dimethylamino)ethyl 2-methylprop-2-enoate,C=C(C)C(=O)OCCN(C)C
A-3506,5-oxo-DL-proline,O=C1CCC(C(=O)O)N1
A-3512,thiolane,C1CCSC1
A-3514,phenyl acetate,CC(=O)Oc1ccccc1
A-3516,"4,6-dichloropyrimidine",Clc1cc(Cl)ncn1
A-3518,"2,4-dimethylaniline",Cc1ccc(N)c(C)c1
A-3521,phenyl diamidophosphate,NP(N)(=O)Oc1ccccc1
A-3525,"2-methylpentane-1,5-diamine",CC(CN)CCCN
A-3526,"6-amino-1,3-dimethyl-1,2,3,4-tetrahydropyrimidine-2,4-dione",Cn1c(N)cc(=O)n(C)c1=O
A-3527,6-pent-3-en-1-yltetrahydro-2H-pyran-2-one,C/C=C/CCC1CCCC(=O)O1
A-3530,2-hydroxy-3-phenoxypropyl prop-2-enoate,CCCOC(=O)/C(O)=C/Oc1ccccc1
A-3532,"2,6-diamino-1,4-dihydropyrimidin-4-one",Nc1cc(=O)nc(N)[nH]1
A-3533,3-amino-2-chloro-6-methylphenol,Cc1ccc(N)c(Cl)c1O
A-3536,"oxydipropane-1,2-diyl bisacrylate",C=CC(=O)OC(C)COCC(C)OC(=O)C=C
A-3537,pyridine-4-carboxylic acid,O=C(O)c1ccncc1
A-3538,"1,4-dithiane-2,5-diol",OC1CSC(O)CS1
A-3539,6-chlorohexan-2-one,CC(=O)CCCCCl
A-3540,"4-(3-methyl-5-oxo-4,5-dihydro-1H-pyrazol-1-yl)benzenesulfonic acid",CC1=NN(c2ccc(S(=O)(=O)O)cc2)C(=O)C1
A-3542,toluenesulphonamide,Cc1ccccc1S(N)(=O)=O
A-3543,1-(6-methyl-2-oxohexahydropyrimidin-4-yl)urea,CC1CC(NC(N)=O)NC(=O)N1
A-3547,3-(trifluoromethyl)aniline,Nc1cccc(C(F)(F)F)c1
A-3548,"4,4'-methylenebis(cyclohexylamine)",NC1CCC(CC2CCC(N)CC2)CC1
A-3549,"N-(2,5-dimethoxyphenyl)acetamide",COc1ccc(OC)c(NC(C)=O)c1
A-3558,2-aminopyridin-3-ol,Nc1ncccc1O
A-3560,1-ethenylazepan-2-one,C=CN1CCCCCC1=O
A-3561,3-methyl-4-oxobut-2-en-1-yl acetate,CC(=O)OC/C=C(\C)C=O
A-3566,"2,2-bis(hydroxymethyl)butanoic acid",CCC(CO)(CO)C(=O)O
A-3582,3-methylbutanoic acid,CC(C)CC(=O)O
A-3599,2-[(2-hydroxyethyl)(phenyl)amino]ethan-1-ol,OCCN(CCO)c1ccccc1
A-3601,ethyl methyl carbonate,CCOC(=O)OC
A-3611,butyl 2-hydroxyacetate,CCCCOC(=O)CO
A-3612,methyl 2-chloroacetate,COC(=O)CCl
A-3616,"N,N-diethylhydroxylamine",CCN(O)CC
A-3621,4-{2-[(2-methylprop-2-enoyl)oxy]ethoxy}-4-oxobutanoic acid,C=C(C)C(=O)OCCOC(=O)CCC(=O)O
A-3623,2-methylbutanoic acid,CCC(C)C(=O)O
A-3642,thymidine,Cc1cn(C2CC(O)C(CO)O2)c(=O)[nH]c1=O
A-3651,5-(aminomethyl)-2-methylpyrimidin-4-amine,Cc1ncc(CN)c(N)n1
A-3653,(3-{[3-(dimethylamino)propyl]amino}propyl)dimethylamine,CN(C)CCCNCCCN(C)C
A-3678,"2,5-dihydrofuran-2,5-dione",O=C1C=CC(=O)O1
A-3690,1-[2-(2-butoxy-1-methylethoxy)-1-methylethoxy]propan-1-ol,CCOCCCC(C)OCCOCC(C)CO
A-3694,2-[(butylcarbamoyl)oxy]ethyl prop-2-enoate,C=CC(=O)OCCOC(=O)NCCCC
A-3700,"3,5-dimethylaniline",Cc1cc(C)cc(N)c1
A-3702,"1,3,3-trimethyl-5-oxocyclohexane-1-carbonitrile",CC1(C)CC(=O)CC(C)(C#N)C1
A-3712,"4-amino-N-tert-butyl-5-oxo-3-(propan-2-yl)-4,5-dihydro-1H-1,2,4-triazole-1-carboxamide",CC(C)c1nn(C(=O)NC(C)(C)C)c(=O)n1N
A-3713,4-(4-hydroxyphenyl)butan-2-one,CC(=O)CCc1ccc(O)cc1
A-3714,(2H)chloroform,[2H]C(Cl)(Cl)Cl
A-3716,"4-amino-3,6-dichloropyridine-2-carboxylic acid",Nc1cc(Cl)nc(C(=O)O)c1Cl
A-3733,methyl 3-methylbut-2-enoate,COC(=O)C=C(C)C
A-3737,"3-(3-methyl-5-oxo-4,5-dihydro-1H-pyrazol-1-yl)benzene-1-sulfonic acid",CC1=NN(c2cccc(S(=O)(=O)O)c2)C(=O)C1
A-3738,3-methylbut-2-en-1-yl acetate,CC(=O)OCC=C(C)C
A-3739,"N,N-dimethyloctanamide",CCCCCCCC(=O)N(C)C
A-3742,2-methylpentanal,CCCC(C)C=O
A-3744,"hexahydro-2-benzofuran-1,3-dione",O=C1OC(=O)C2CCCCC12
A-3746,"2,2-bis[(prop-2-en-1-yloxy)methyl]butan-1-ol",C=CCOCC(CC)(CO)COCC=C
A-3749,N-butylbutan-1-amine,CCCCNCCCC
A-3751,"(1-methyl-1,2-ethanediyl)bis[oxy(methyl-2,1-ethanediyl)] diacrylate",C=CC(=O)OC(C)COCC(C)OCC(C)OC(=O)C=C
A-3754,2-(dibutylamino)ethan-1-ol,CCCCN(CCO)CCCC
A-3762,3-amino-4-methylbenzamide,Cc1ccc(C(N)=O)cc1N
A-3765,"1,3-thiazol-5-ylmethanol",OCc1cncs1
A-3773,"4-methylbenzene-1,3-diamine",Cc1ccc(N)cc1N
A-3774,diaminotoluene,Cc1cc(N)ccc1N
A-3786,(2Z)-4-butoxy-4-oxobut-2-enoic acid,CCCCOC(=O)/C=C\C(=O)O
A-3788,5-[(2-hydroxyethyl)amino]-2-methylphenol,Cc1ccc(NCCO)cc1O
A-3791,(2S)-4-hydroxypyrrolidine-2-carboxylic acid,O=C(O)C1CC(O)CN1
A-3794,ethyl 2-methylbut-3-enoate,C=CC(C)C(=O)OCC
A-3795,N-methylhydrazinecarbothioamide,CNC(=S)NN
A-3799,naphthalene-2-sulfonic acid,O=S(=O)(O)c1ccc2ccccc2c1
A-3804,dimethyl 2-methylenesuccinate,C=C(CC(=O)OC)C(=O)OC
A-3805,2-(2-phenoxyethoxy)ethan-1-ol,OCCOCCOc1ccccc1
A-3806,"7-hydroxy-3,7-dimethyloctanal",CC(CC=O)CCCC(C)(C)O
A-3807,N-propylpropan-1-amine,CCCNCCC
A-3821,2-ethyl-3-methylpyrazine,CCc1nccnc1C
A-3825,N-(prop-2-enamidomethyl)prop-2-enamide,C=CC(=O)NCNC(=O)C=C
A-3830,L-sorbosonic acid,O=C(O)C(=O)[C@@H](O)[C@H](O)[C@@H](O)CO
A-3842,4-fluoroaniline,Nc1ccc(F)cc1
A-3847,3-acetyloxolan-2-one,CC(=O)C1CCOC1=O
A-3854,"4-hydroxy-2,5-dimethyl-2,3-dihydrofuran-3-one",CC1=C(O)C(=O)C(C)O1
A-3858,"2,2,4-trimethylpentane-1,3-diol",CC(C)C(O)C(C)(C)CO
A-3866,cyclopentanone,O=C1CCCC1
A-3872,"4-methyl-3a,4,7,7a-tetrahydro-2-benzofuran-1,3-dione",CC1C=CCC2C(=O)OC(=O)C12
A-3873,N-isopropyl-2-methylacrylamide,C=C(C)C(=O)NC(C)C
A-3875,2-(2-ethoxyethoxy)-2-methylpropane,CCOCCOC(C)(C)C
A-3876,3-methoxybutyl acetate,COC(C)CCOC(C)=O
A-3878,carbamimidoylsulfinic acid,N=C(N)S(=O)O
A-3880,tert-butyl 2-methylpropaneperoxoate,CC(C)C(=O)OOC(C)(C)C
A-3881,"(2,2-dimethoxyethyl)benzene",COC(Cc1ccccc1)OC
A-3883,"2H,4H,4aH,5H,9bH-indeno[1,2-d][1,3]dioxine",c1ccc2c(c1)CC1COCOC21
A-3884,"3-[(4-hydroxy-3-methoxyphenyl)methyl]pentane-2,4-dione",COc1cc(CC(C(C)=O)C(C)=O)ccc1O
A-3889,"(2R,3R,4R,5S)-2-(hydroxymethyl)piperidine-3,4,5-triol",OC[C@H]1NC[C@H](O)[C@@H](O)[C@@H]1O
A-3890,diethyl chloromalonate,CCOC(=O)C(Cl)C(=O)OCC
A-3892,2-(2-{2-[(2-methylprop-2-enoyl)oxy]ethoxy}ethoxy)ethyl 2-methylprop-2-enoate,C=C(C)C(=O)OCCOCCOCCOC(=O)C(=C)C
A-3893,4-[(4-amino-3-methylcyclohexyl)methyl]-2-methylcyclohexan-1-amine,CC1CC(CC2CCC(N)C(C)C2)CCC1N
A-3895,"2,5-dimethylphenol",Cc1ccc(C)c(O)c1
A-3896,"{[(2R,3S,4R,5R)-5-(6-amino-9H-purin-9-yl)-3,4-dihydroxyoxolan-2-yl]methoxy}phosphonic acid",Nc1ncnc2c1ncn2C1OC(COP(=O)(O)O)C(O)C1O
A-3898,"2,3,5-trimethylbenzene-1,4-diol",Cc1cc(O)c(C)c(C)c1O
A-3900,[2-(4-aminobenzenesulfonyl)ethoxy]sulfonic acid,Nc1ccc(S(=O)(=O)CCOS(=O)(=O)O)cc1
A-3903,"tris(prop-2-en-1-yl)-1,3,5-triazinane-2,4,6-trione",C=CCn1c(=O)n(CC=C)c(=O)n(CC=C)c1=O
A-3904,methyl 3-aminopyrazine-2-carboxylate,COC(=O)c1nccnc1N
A-3905,"1,3,5-triazine-2,4,6-triamine",Nc1nc(N)nc(N)n1
A-3908,2-(trifluoromethyl)aniline,Nc1ccccc1C(F)(F)F
A-3909,1-[4-(4-hydroxyphenyl)piperazin-1-yl]ethan-1-one,CC(=O)N1CCN(c2ccc(O)cc2)CC1
A-3910,"4-(oxiran-2-ylmethoxy)-N,N-bis(oxiran-2-ylmethyl)aniline",c1cc(N(CC2CO2)CC2CO2)ccc1OCC1CO1
A-3914,methyl(naphthalen-1-ylmethyl)amine,CNCc1cccc2ccccc12
A-3915,N-(2-methoxyphenyl)-3-oxobutanamide,COc1ccccc1NC(=O)CC(C)=O
A-3926,6-methylhept-5-en-2-one,CC(=O)CCC=C(C)C
A-3929,1-[2-(2-butoxyethoxy)ethoxy]butane,CCCCOCCOCCOCCCC
A-3931,2-isopropenyl-5-methylcyclohexanol,C=C(C)C1CCC(C)CC1O
A-3932,2-methoxy-5-methylaniline,COc1ccc(C)cc1N
A-3935,5-methylheptan-3-one,CCC(=O)CC(C)CC
A-3939,chlorodifluoromethane,FC(F)Cl
A-3943,"but-2-yne-1,4-diol",OCC#CCO
A-3950,"N,N-bis(carboxymethyl)-L-glutamic acid",O=C(O)CCC(C(=O)O)N(CC(=O)O)CC(=O)O
A-3954,isopropenyl acetate,C=C(C)OC(C)=O
A-3955,"1,2,3,6-tetrahydrophthalic anhydride",O=C1OC(=O)C2CC=CCC12
A-3956,"3,5-dimethyl-1H-pyrazole",Cc1cc(C)[nH]n1
A-3964,"(8R,9S,10R,14S)-13-ethyl-1,2,6,7,8,9,10,11,12,14,15,16-dodecahydrocyclopenta[a]phenanthrene-3,17-dione",CCC12CC[C@H]3[C@@H](CCC4=CC(=O)CC[C@@H]43)[C@@H]1CCC2=O
A-3965,2-amino-3-(phosphonooxy)propanoic acid,N[C@@H](COP(=O)(O)O)C(=O)O
A-3975,pivalic acid,CC(C)(C)C(=O)O
A-3976,"1-(2-hydroxyethyl)-2,2,6,6-tetramethylpiperidin-4-ol",CC1(C)CC(O)CC(C)(C)N1CCO
A-3977,diethyl(prop-2-yn-1-yl)amine,C#CCN(CC)CC
A-3988,2-methyl-1H-imidazole,Cc1ncc[nH]1
A-3992,"1,3-dioxepane",C1CCOCOC1
A-3996,4-methylpent-3-en-2-one,CC(=O)C=C(C)C
A-4000,methacrylonitrile,C=C(C)C#N
A-4024,N'-acetylacetohydrazide,CC(=O)NNC(C)=O
A-4025,ethyl 2-cyclohexylpropanoate,CCOC(=O)C(C)C1CCCCC1
A-4029,2-(dimethylamino)ethyl acrylate,C=CC(=O)OCCN(C)C
A-4030,"4-methyl-1,3-dioxolan-2-one",CC1COC(=O)O1
A-4031,(4-methoxyphenyl)methanol,COc1ccc(CO)cc1
A-4034,1-ethynylcyclohexanol,C#CC1(O)CCCCC1
A-4036,"1,3-dioxo-1,3-dihydro-2-benzofuran-5-carboxylic acid",O=C(O)c1ccc2c(c1)C(=O)OC2=O
A-4040,"3-hydroxy-2,2-dimethylpropyl 3-hydroxy-2,2-dimethylpropanoate",CC(C)(CO)COC(=O)C(C)(C)CO
A-4043,"1,3-diaminourea",NNC(=O)NN
A-4049,methanethiol,CS
A-4052,2-propyloxirane,CCCC1CO1
A-4073,"4-bromo-1,2-dichlorobenzene",Clc1ccc(Br)cc1Cl
A-4082,"ethane-1,2-diyl bis(3-oxobutanoate)",CC(=O)CC(=O)OCCOC(=O)CC(C)=O
A-4084,"1,3,5-trioxane",C1OCOCO1
A-4093,"2-ethyl-2-{[2-ethyl-3-hydroxy-2-(hydroxymethyl)propoxy]methyl}propane-1,3-diol",CCC(CO)(CO)COCC(CC)(CO)CO
A-4094,methyl 3-sulfanylpropanoate,COC(=O)CCS
A-4097,(4-methyl-1H-imidazol-5-yl)methanol,Cc1[nH]cnc1CO
A-4106,2-methylprop-2-enamide,C=C(C)C(N)=O
A-4112,"2,6,6-trimethylcyclohex-2-ene-1,4-dione",CC1=CC(=O)CC(C)(C)C1=O
A-4114,2-[4-(2-hydroxyethoxy)but-2-ynoxy]ethanol,OCCOCC#CCOCCO
A-4116,2-phenylethan-1-ol,OCCc1ccccc1
A-4119,ethenyl acetate,C=COC(C)=O
A-4123,salicylonitrile,N#Cc1ccccc1O
A-4125,trimethylsilane,C[Si](C)C
A-4128,benzoic acid,O=C(O)c1ccccc1
A-4130,"6-hydroxy-1,4-dihydropyrimidin-4-one",O=c1cc(O)nc[nH]1
A-4132,benzyl formate,O=COCc1ccccc1
A-4133,1-ethoxybutane,CCCCOCC
A-4138,1-carbamimidamido-N-(2-methylphenyl)methanimidamide,Cc1ccccc1N=C(N)N=C(N)N
A-4142,2-(5-ethenyl-5-methyloxolan-2-yl)propan-2-ol,C=CC1(C)CCC(C(C)(C)O)O1
A-4143,N-(2-methylphenyl)-3-oxobutanamide,CC(=O)CC(=O)Nc1ccccc1C
A-4144,[1-(carbamoylamino)-2-methylpropyl]urea,CC(C)C(NC(N)=O)NC(N)=O
A-4145,"2-Chloro-1,1-difluoroethane",FC(F)CCl
A-4146,"2,2'-(1,3-phenylene)dipropan-2-ol",CC(C)(O)c1cccc(C(C)(C)O)c1
A-4147,2-ethyl-6-methylaniline,CCc1cccc(C)c1N
A-4151,N-(4-methoxyphenyl)-3-oxobutanamide,COc1ccc(NC(=O)CC(C)=O)cc1
A-4152,"2-methyl-4-phenyl-1,3-dioxolane",CC1OCC(c2ccccc2)O1
A-4153,3-methyl-5-propylcyclohex-2-en-1-one,CCCC1CC(=O)C=C(C)C1
A-4154,4-cyanophenyl acetate,CC(=O)Oc1ccc(C#N)cc1
A-4156,"(2S)-2-(1,3-dioxoisoindol-2-yl)pentanedioic acid",O=C(O)CC[C@@H](C(=O)O)N1C(=O)c2ccccc2C1=O
A-4162,(6R)-3-methyl-6-(propan-2-yl)cyclohex-2-en-1-one,CC1=CC(=O)[C@@H](C(C)C)CC1
A-4163,"(2S,5R)-6-amino-3,3-dimethyl-7-oxo-4-thia-1-azabicyclo[3.2.0]heptane-2-carboxylic acid",CC1(C)S[C@@H]2[C@H](N)C(=O)N2[C@H]1C(=O)O
A-4167,2-chlorobenzenethiol,Sc1ccccc1Cl
A-4169,3-aminopyrazine-2-carboxylic acid,Nc1nccnc1C(=O)O
A-4170,[(2-chlorophenyl)methyl]dimethylamine,CN(C)Cc1ccccc1Cl
A-4175,"diallyl oxydiethane-2,1-diyl biscarbonate",C=CCOC(=O)OCCOCCOC(=O)OCC=C
A-4176,oct-7-en-1-ol,C=CCCCCCCO
A-4178,benzenesulfonyl chloride,O=S(=O)(Cl)c1ccccc1
A-4179,"3-[(2-isopropyl-5-methylcyclohexyl)oxy]propane-1,2-diol",CC1CCC(C(C)C)C(OCC(O)CO)C1
A-4180,3-hydroxy-4-methoxybenzaldehyde,COc1ccc(C=O)cc1O
A-4181,4-methylbenzaldehyde,Cc1ccc(C=O)cc1
A-4185,"2,4,6-trimethylcyclohex-3-ene-1-carbaldehyde",CC1=CC(C)C(C=O)C(C)C1
A-4186,5-pentyloxolan-2-one,CCCCC[C@H]1CCC(=O)O1
A-4188,"1-(2,6-dimethylphenoxy)acetone",CC(=O)COc1c(C)cccc1C
A-4189,"2,5-dimethoxyaniline",COc1ccc(OC)c(N)c1
A-4192,"N-(2,4-dimethylphenyl)-3-oxobutanamide",CC(=O)CC(=O)Nc1ccc(C)cc1C
A-4193,N-(2-methoxy-5-methylphenyl)acetamide,COc1ccc(C)cc1NC(C)=O
A-4197,"5-methyl-2-phenyl-2,3-dihydro-1H-pyrazol-3-one",CC1=NN(c2ccccc2)C(=O)C1
A-4198,heptanal,CCCCCCC=O
A-4200,tert-butyl prop-2-enoate,C=CC(=O)OC(C)(C)C
A-4202,"2-Hydroxy-N,N-dimethylpropanamide",CC(O)C(=O)N(C)C
A-4204,"1,1'-binaphthalene-8,8'-dicarboxylic acid",O=C(O)c1cccc2cccc(-c3cccc4cccc(C(=O)O)c34)c12
A-4205,2-methylpropyl prop-2-enoate,C=CC(=O)OCC(C)C
A-4206,3-phenylbutanal,CC(CC=O)c1ccccc1
A-4207,4-amino-3-methylphenol,Cc1cc(O)ccc1N
A-4211,methyl 2-oxo-2-phenylacetate,COC(=O)C(=O)c1ccccc1
A-4223,"2-methylbenzene-1,3-diol",Cc1c(O)cccc1O
A-4224,2-methylbut-3-en-2-ol,C=CC(C)(C)O
A-4238,"4-[(2,4-dichloro-5-methoxyphenyl)amino]-6-methoxy-7-[3-(4-methylpiperazin-1-yl)propoxy]quinoline-3-carbonitrile",COc1cc(Nc2c(C#N)cnc3cc(OCCCN4CCN(C)CC4)c(OC)cc23)c(Cl)cc1Cl
A-4240,acetaldehyde oxime,C/C=N/O
A-4242,A mixture of RR and RS isomers of: (2-(2-methoxy-1-methyl)ethoxy)-1-methylethyl acetate; (2-(2-methoxy-2-methyl)ethoxy)-1-methylethyl acetate; (2-(2-methoxy-2-methyl)ethoxy)-2-methylethyl acetate; (2-(2-methoxy-1-methyl)ethoxy)-2-methylethyl acetate,CCC(OCCCOC)OC(C)=O
A-4248,"2,3-dimethyloxirane",CC1OC1C
A-4252,4-ethoxyaniline,CCOc1ccc(N)cc1
A-4254,3-(2-chlorophenyl)-3-oxopropanenitrile,N#CCC(=O)c1ccccc1Cl
A-4257,2-[(2-methylprop-2-enoyl)oxy]ethyl 3-oxobutanoate,C=C(C)C(=O)OCCOC(=O)CC(C)=O
A-4258,"1,3-dihydro-2-benzofuran-1-one",O=C1OCc2ccccc21
A-4259,"3-(5-imino-3-methyl-4,5-dihydro-1H-pyrazol-1-yl)benzene-1-sulfonic acid",CC1=NN(c2cccc(S(=O)(=O)O)c2)C(=N)C1
A-4260,1-benzylpiperidin-4-one,O=C1CCN(Cc2ccccc2)CC1
A-4264,methyl (2Z)-3-aminobut-2-enoate,COC(=O)/C=C(\C)N
A-4271,"1,1,1,3,3,3-hexafluoropropan-2-ol",OC(C(F)(F)F)C(F)(F)F
A-4277,2-(acetyloxy)ethyl acetate,CC(=O)OCCOC(C)=O
A-4283,"1,1,1,3,3,3-hexachloroacetone",O=C(C(Cl)(Cl)Cl)C(Cl)(Cl)Cl
A-4285,dibutoxyphosphinic acid,CCCCOP(=O)(O)OCCCC
A-4286,methoxyethene,C=COC
A-4287,2-ethoxyethyl 2-methylprop-2-enoate,C=C(C)C(=O)OCCOCC
A-4291,ethyl 2-chloro-3-oxobutanoate,CCOC(=O)C(Cl)C(C)=O
A-4296,1-(diethylamino)propan-2-ol,CCN(CC)CC(C)O
A-4301,ethanethioamide,CC(N)=S
A-4303,1-methoxypropan-2-yl acetate,COCC(C)OC(C)=O
A-4305,"5,8,11,13,16,19-hexaoxatricosane",CCCCOCCOCCOCOCCOCCOCCCC
A-4306,"3,6-dimethyl-1,4-dioxane-2,5-dione",CC1OC(=O)C(C)OC1=O
A-4308,2-aminobenzamide,NC(=O)c1ccccc1N
A-4312,(3Z)-hex-3-en-1-ol,CC/C=C\CCO
A-4316,"2-methoxy-3,4-dihydro-2H-pyran",COC1CCC=CO1
A-4322,"Nonylphenol, ethoxylated",CCCCCCCCCc1ccc(OCCOCCO)cc1
A-4325,"3-methyl-2-(2-oxo-1,3-diazinan-1-yl)butanoic acid",CC(C)C(C(=O)O)N1CCCNC1=O
A-4326,1-cyanoprop-2-en-1-yl acetate,C=CC(C#N)OC(C)=O
A-4329,2-methylcyclohexanol,CC1CCCCC1O
A-4334,1-phenoxypropan-2-ol,CC(O)COc1ccccc1
A-4335,2-(1-methylcarbamimidamido)acetic acid,CN(CC(=O)O)C(=N)N
A-4337,3-[(2-ethylhexyl)oxy]propan-1-amine,CCCCC(CC)COCCCN
A-4339,3-methylbutanal,CC(C)CC=O
A-4349,2-methoxyethyl prop-2-enoate,C=CC(=O)OCCOC
A-4351,"1,1-dimethylurea",CN(C)C(N)=O
A-4359,"5,5-dimethylimidazolidine-2,4-dione",CC1(C)NC(=O)NC1=O
A-4364,phenylphosphonic acid,O=P(O)(O)c1ccccc1
A-4377,2-methoxyaniline,COc1ccccc1N
A-4379,{2-[2-(ethenyloxy)ethoxy]ethoxy}ethene,C=COCCOCCOC=C
A-4392,1H-pyrazole,c1cn[nH]c1
A-4400,1-hydroxypropan-2-yl 2-methylprop-2-enoate 2-hydroxypropyl 2-methylprop-2-enoate,C=C(C)C(=O)OC(C)CO
A-4401,"7-methyl-3,4-dihydro-2H-1,5-benzodioxepin-3-one",Cc1ccc2c(c1)OCC(=O)CO2
A-4402,"diethyl pyridine-2,4-dicarboxylate",CCOC(=O)c1ccnc(C(=O)OCC)c1
A-4405,2-hydroxy-2-methyl-1-phenylpropan-1-one,CC(C)(O)C(=O)c1ccccc1
A-4406,"5-methyl-3a,4,7,7a-tetrahydro-2-benzofuran-1,3-dione",CC1=CCC2C(=O)OC(=O)C2C1
A-4411,2-methylbutanal,CCC(C)C=O
A-4412,"N,N-diisobutylformamide",CC(C)CN(C=O)CC(C)C
A-4414,"N-(6-amino-1,3-dimethyl-2,4-dioxo-1,2,3,4-tetrahydropyrimidin-5-yl)formamide",Cn1c(N)c(NC=O)c(=O)n(C)c1=O
A-4416,2-[(prop-2-en-1-yloxy)methyl]oxirane,C=CCOCC1CO1
A-4423,"ethyl (2-methyl-1,3-dioxolan-2-yl)acetate",CCOC(=O)CC1(C)OCCO1
A-4430,"1,4-dimethyl butanedioate",COC(=O)CCC(=O)OC
A-4433,"1,2-bis(oxiran-2-ylmethyl) cyclohex-4-ene-1,2-dicarboxylate",O=C(OCC1CO1)C1CC=CCC1C(=O)OCC1CO1
A-4436,"3,4-dihydroxybenzonitrile",N#Cc1ccc(O)c(O)c1
A-4437,2-[2-(2-{2-[(2-methylprop-2-enoyl)oxy]ethoxy}ethoxy)ethoxy]ethyl 2-methylprop-2-enoate,C=C(C)C(=O)OCCOCCOCCOCCOC(=O)C(=C)C
A-4438,4-aminobenzenesulfonic acid,Nc1ccc(S(=O)(=O)O)cc1
A-4439,methoxycyclopentane,COC1CCCC1
A-4440,"3,4-diaminobenzenesulfonic acid",Nc1ccc(S(=O)(=O)O)cc1N
A-4442,(E)-N-(pyridin-2-ylmethylidene)hydroxylamine,O=N/C=C1\C=CC=CN1
A-4444,"3a,4,7,7a-tetrahydro-1H-isoindole-1,3(2H)-dione",O=C1NC(=O)C2CC=CCC12
A-4449,"1-{bis[4-(diethylamino)phenyl]methyl}naphthalene-2,7-disulfonic acid",CCN(CC)c1ccc(C(c2ccc(N(CC)CC)cc2)c2c(S(=O)(=O)O)ccc3ccc(S(=O)(=O)O)cc23)cc1
A-4461,"2-[(allyloxy)methyl]-2-methylbutane-1,1-diol",C=CCOCC(CC)(CO)CO
A-4462,2-hydroxy-4-(methylsulfanyl)butanenitrile,CSCCC(O)C#N
A-4463,3-methylbut-2-enal,CC(C)=CC=O
A-4465,"3,5-dimethylhex-1-yn-3-ol",C#CC(C)(O)CC(C)C
A-4466,cyclohex-3-ene-1-carbaldehyde,O=CC1CC=CCC1
A-4468,"1,3-diazinane-2,4,6-trione",O=C1CC(=O)NC(=O)N1
A-4470,6-chlorohexan-1-ol,OCCCCCCCl
A-4471,suberonitrile,N#CCCCCCCC#N
A-4472,2-(4-methyl-5-oxo-4-propan-2-yl-1H-imidazol-2-yl)pyridine-3-carboxylic acid,CC(C)C1(C)N=C(c2ncccc2C(=O)O)NC1=O
A-4474,pent-2-enenitrile,CC/C=C\C#N
A-4478,"tricyclo[2.2.2.2~1,4~]decane-2,5-diyldimethanol",OCC1CC2CC1C1CCC(CO)C21
A-4480,Alpha-Methylglucoside,COC1OC(CO)C(O)C(O)C1O
A-4484,3-methyloxolane,CC1CCOC1
A-4486,1-ethenylsulfanylethanol,C=CSC(C)O
A-4492,3-methylpent-1-yn-3-ol,C#CC(C)(O)CC
A-4493,hexanedihydrazide,NNC(=O)CCCCC(=O)NN
A-4495,"1,2-dimethoxyethane",COCCOC
A-4496,"1,4-dioxane",C1COCCO1
A-4498,1-methylpyrrolidin-2-one,CN1CCCC1=O
A-4499,1-methylurea,CNC(N)=O
A-4500,"2,2'-sulfanediyldiethanol",OCCSCCO
A-4503,2-(2-hydroxyethoxy)ethan-1-ol,OCCOCCO
A-4504,2-(2-oxoimidazolidin-1-yl)ethyl methacrylate,C=C(C)C(=O)OCCN1CCNC1=O
A-4507,2-[(2-aminoethyl)amino]ethan-1-ol,NCCNCCO
A-4508,2-[(2-hydroxyethyl)(methyl)amino]ethan-1-ol,CN(CCO)CCO
A-4509,2-[2-(2-hydroxyethoxy)ethoxy]ethan-1-ol,OCCOCCOCCO
A-4510,2-[bis(2-hydroxyethyl)amino]ethan-1-ol,OCCN(CCO)CCO
A-4511,2-chloroethan-1-ol,OCCCl
A-4512,2-cyanoacetic acid,N#CCC(=O)O
A-4513,2-hydroxyethyl prop-2-enoate,C=CC(=O)OCCO
A-4514,2-hydroxypropanenitrile,CC(O)C#N
A-4515,2-methylbut-3-yn-2-ol,C#CC(C)(C)O
A-4516,2-methylpropan-2-amine,CC(C)(C)N
A-4517,2-methylpropan-2-ol,CC(C)(C)O
A-4518,2-methylpyridine,Cc1ccccn1
A-4519,2-sulfanylethan-1-ol,OCCS
A-4520,3-(dimethylamino)propan-1-ol,CN(C)CCCO
A-4522,4-hydroxybenzenesulfonic acid,O=S(=O)(O)c1ccc(O)cc1
A-4523,4-hydroxybutyl prop-2-enoate,C=CC(=O)OCCCCO
A-4525,N-(1-cyanoethyl)formamide,CC(C#N)NC=O
A-4526,N-ethylethanamine,CCNCC
A-4527,N-methylacetamide,CNC(C)=O
A-4528,aziridine,C1CN1
A-4529,"butane-1,2-diol",CCC(O)CO
A-4530,"butane-2,3-diol",C[C@H](O)[C@@H](C)O
A-4531,cyclohexanamine,NC1CCCCC1
A-4532,cyclopropanamine,NC1CC1
A-4533,ethanedioyl dichloride,O=C(Cl)C(=O)Cl
A-4534,formamide,NC=O
A-4535,methanesulfonic acid,CS(=O)(=O)O
A-4536,methyl hydroxymethoxyacetate,COC(=O)COCO
A-4538,oxan-2-one,O=C1CCCCO1
A-4539,"pentane-1,2-diol",CCCC(O)CO
A-4540,"pentane-1,5-diol",OCCCCCO
A-4544,"propane-1,2-diamine",CC(N)CN
A-4545,propanoic acid,CCC(=O)O
A-4549,trifluoroacetic acid,O=C(O)C(F)(F)F
A-4551,"1,2-oxathiolane 2,2-dioxide",O=S1(=O)CCCO1
A-4557,3-aminobenzenesulfonic acid,Nc1cccc(S(=O)(=O)O)c1
A-4559,3-bromo-1-(3-chloropyridin-2-yl)-1H-pyrazole-5-carboxylic acid,O=C(O)c1cc(Br)nn1-c1ncccc1Cl
A-4560,2-methoxy-2-methylbutane,CCC(C)(C)OC
A-4567,1-hydroxy-1-phenylacetone,CC(=O)C(O)c1ccccc1
A-4570,trimethoxymethane,COC(OC)OC
A-4571,"3,3,3-tribromo-2,2-dimethylpropan-1-ol",OCC(CBr)(CBr)CBr
A-4572,"2-amino-4,5-dichlorobenzene-1-sulfonic acid",Nc1cc(Cl)c(Cl)cc1S(=O)(=O)O
A-4576,2-phenyl-1H-imidazole,c1ccc(-c2ncc[nH]2)cc1
A-4582,"2,5,6-trimethylcyclohex-2-en-1-one",CC1=CCC(C)C(C)C1=O
A-4587,"3-[(2-ethylhexyl)oxy]propane-1,2-diol",CCCCC(CC)COCC(O)CO
A-4588,3-amino-4-chlorobenzamide,NC(=O)c1ccc(Cl)c(N)c1
A-4589,"N-(4-amino-3-methoxy-9,10-dioxo-9,10-dihydroanthracen-1-yl)benzenesulfonamide",COc1cc(NS(=O)(=O)c2ccccc2)c2c(c1N)C(=O)c1ccccc1C2=O
A-4591,"3-(oxiran-2-ylmethoxy)-N,N-bis(oxiran-2-ylmethyl)aniline",c1cc(OCC2CO2)cc(N(CC2CO2)CC2CO2)c1
A-4593,"2,2,6,6-tetramethyl-N-{6-[(2,2,6,6-tetramethylpiperidin-4-yl)amino]hexyl}piperidin-4-amine",CC1(C)CC(NCCCCCCNC2CC(C)(C)NC(C)(C)C2)CC(C)(C)N1
A-4597,"2,4,7,9-tetramethyldec-5-yne-4,7-diol",CC(C)CC(C)(O)C#CC(C)(O)CC(C)C
A-4598,butyl prop-2-enoate,C=CC(=O)OCCCC
A-4600,4-(butoxymethyl)-2-methoxyphenol,CCCCOCc1ccc(O)c(OC)c1
A-4604,"2-(2-amino-1,3-thiazol-4-yl)acetic acid",Nc1nc(CC(=O)O)cs1
A-4606,3-(diethylamino)phenol,CCN(CC)c1cccc(O)c1
A-4610,methyl 2-[(1E)-cyclopentylidene]acetate,COC(=O)C=C1CCCC1
A-4613,diphenyl methylphosphonate,CP(=O)(Oc1ccccc1)Oc1ccccc1
A-4620,"2,2-difluoroethanamine",NCC(F)F
A-4623,"[(2R,3R,4S,5R,6R)-3,4,5,6-tetrakis(acetyloxy)oxan-2-yl]methyl acetate",CC(=O)OCC1OC(OC(C)=O)C(OC(C)=O)C(OC(C)=O)C1OC(C)=O
A-4624,"2,2-dimethyl-3-phenylpropan-1-ol",CC(C)(CO)Cc1ccccc1
A-4627,"tert-butyl 2,2-dimethylpropaneperoxoate",CC(C)(C)OOC(=O)C(C)(C)C
A-4628,tetraethyl silicate,CCO[Si](OCC)(OCC)OCC
A-4629,3-methyl-2-[(2E)-pent-2-en-1-yl]cyclopent-2-en-1-one,CC/C=C\CC1=C(C)CCC1=O
A-4630,2-chlorobenzaldehyde,O=Cc1ccccc1Cl
A-4631,2-(butan-2-yl)phenol,CCC(C)c1ccccc1O
A-4634,"2,2'-(octylimino)diethanol",CCCCCCCCN(CCO)CCO
A-4642,ethyl [(4-methylphenyl)sulfonyl]carbamate,CCOC(=O)NS(=O)(=O)c1ccc(C)cc1
A-4645,(diethoxymethoxy)ethane,CCOC(OCC)OCC
A-4648,"N,N-dimethylnonanamide",CCCCCCCCC(=O)N(C)C
A-4649,1-isocyanato-4-(4-isocyanato-3-methylphenyl)-2-methylbenzene,Cc1cc(-c2ccc(N=C=O)c(C)c2)ccc1N=C=O
A-4652,4-phenylbut-3-en-2-one,CC(=O)/C=C/c1ccccc1
A-4654,"5-(4-hydroxyphenyl)imidazolidine-2,4-dione",O=C1NC(=O)C(c2ccc(O)cc2)N1
A-4659,4-methyl-4-phenylpentan-2-ol,CC(O)CC(C)(C)c1ccccc1
A-4662,"2,3-dichloroaniline",Nc1cccc(Cl)c1Cl
A-4663,5-chloro-2-methylaniline,Cc1ccc(Cl)cc1N
A-4664,N-acetyl-N-[2-(N-acetylacetamido)ethyl]acetamide,CC(=O)N(CCN(C(C)=O)C(C)=O)C(C)=O
A-4665,"[9-methyl-6-(propan-2-yl)-1,4-dioxaspiro[4.5]decan-2-yl]methanol",CC1CCC(C(C)C)C2(C1)OCC(CO)O2
A-4667,ethyl 2-phenylacetate,CCOC(=O)Cc1ccccc1
A-4671,2-butyl-4-chloro-1H-imidazole-5-carbaldehyde,CCCCc1nc(C=O)c(Cl)[nH]1
A-4676,(3Z)-hex-3-en-1-yl acetate,CC/C=C\CCOC(C)=O
A-4678,"1-butyl-6-hydroxy-4-methyl-2-oxo-1,2-dihydropyridine-3-carbonitrile",CCCCn1c(O)c(C#N)c(C)cc1=O
A-4679,2-methoxy-4-propylphenol,CCCc1ccc(O)c(OC)c1
A-4680,"3,4-dichlorobut-1-ene",C=CC(Cl)CCl
A-4683,1-octylpyrrolidin-2-one,CCCCCCCCN1CCCC1=O
A-4684,(E)-N-(5-methylheptan-3-ylidene)hydroxylamine,CC/C(CC(C)CC)=N\O
A-4688,"2-bromo-3,3,3-trifluoroprop-1-ene",C=C(Br)C(F)(F)F
A-4689,3-(4-methoxyphenyl)-2-methylpropanal,COc1ccc(CC(C)C=O)cc1
A-4690,"N-(2,4,4-trimethylpentan-2-yl)prop-2-enamide",C=CC(=O)NC(C)(C)CC(C)(C)C
A-4691,"1,1,1,2-tetrafluoroethane",FCC(F)(F)F
A-4695,2-amino-5-chloro-4-methylbenzene-1-sulfonic acid,Cc1cc(N)c(S(=O)(=O)O)cc1Cl
A-4699,ethyl 3-methyl-3-phenyloxirane-2-carboxylate,CCOC(=O)C1OC1(C)c1ccccc1
A-4703,4-chloro-2-(trifluoromethyl)aniline,Nc1ccc(Cl)cc1C(F)(F)F
A-4704,bis(trimethylsilyl)amine,C[Si](C)(C)N[Si](C)(C)C
A-4707,2-tert-butylphenol,CC(C)(C)c1ccccc1O
A-4709,"2,6-dimethyloct-7-en-2-ol",C=CC(C)CCCC(C)(C)O
A-4711,"3-(2H-1,3-benzodioxol-5-yl)-2-methylpropanal",CC(C=O)Cc1ccc2c(c1)OCO2
A-4714,4-methyl-2-(2-methylprop-1-en-1-yl)oxane,CC(C)=CC1CC(C)CCO1
A-4716,6-methyloct-5-en-2-one,CC/C(C)=C/CCC(C)=O
A-4718,"furan-2,5-dicarboxylic acid",O=C(O)c1ccc(C(=O)O)o1
A-4720,"2,3-dichlorobenzoic acid",O=C(O)c1cccc(Cl)c1Cl
A-4722,2-amino-4-chloro-5-methylbenzenesulfonic acid,Cc1cc(S(=O)(=O)O)c(N)cc1Cl
A-4724,N-(2-chlorophenyl)-3-oxobutanamide,CC(=O)CC(=O)Nc1ccccc1Cl
A-4725,4-bromophenyl acetate,CC(=O)Oc1ccc(Br)cc1
A-4732,"naphthalene-1,8-diamine",Nc1cccc2cccc(N)c12
A-4743,"3,5,5-trimethylhexanoic acid",CC(CC(=O)O)CC(C)(C)C
A-4744,"3-oxo-N-(2-oxo-2,3-dihydro-1H-1,3-benzodiazol-5-yl)butanamide",CC(=O)CC(=O)Nc1ccc2[nH]c(=O)[nH]c2c1
A-4746,"5-amino-2,3-dihydro-1H-1,3-benzodiazol-2-one",Nc1ccc2[nH]c(=O)[nH]c2c1
A-4750,"2-butyl-4,4,6-trimethyl-1,3-dioxane",CCCCC1OC(C)CC(C)(C)O1
A-4751,2-methyl-1-phenylpropan-1-one,CC(C)C(=O)c1ccccc1
A-4756,"trimethoxy(3,3,4,4,5,5,6,6,7,7,8,8,8-tridecafluorooctyl)silane",CO[Si](CCC(F)(F)C(F)(F)C(F)(F)C(F)(F)C(F)(F)C(F)(F)F)(OC)OC
A-4757,"4-amino-5-methoxy-N,2-dimethylbenzenesulfonamide",CNS(=O)(=O)c1cc(OC)c(N)cc1C
A-4762,"2,3,4-trichlorobut-1-ene",C=C(Cl)C(Cl)CCl
A-4764,ethyl 2-methylbutanoate,CCOC(=O)C(C)CC
A-4767,4-tert-butylcyclohexan-1-one,CC(C)(C)C1CCC(=O)CC1
A-4769,"3,4-dichloroaniline",Nc1ccc(Cl)c(Cl)c1
A-4771,"1,6-bis[2-(2-butoxyethoxy)ethyl] hexanedioate",CCCCOCCOCCOC(=O)CCCCC(=O)OCCOCCOCCCC
A-4775,1-methoxy-4-methylbenzene,COc1ccc(C)cc1
A-4776,N-[3-(morpholin-4-yl)propyl]naphthalen-1-amine,c1ccc2c(NCCCN3CCOCC3)cccc2c1
A-4778,2-phenylphenol,Oc1ccccc1-c1ccccc1
A-4779,2-(2-methylbutan-2-yl)phenol,CCC(C)(C)c1ccccc1O
A-4780,trimethoxy-(6-trimethoxysilylhexyl)silane,CO[Si](CCCCCC[Si](OC)(OC)OC)(OC)OC
A-4782,"[(1S,2S,3S,5R)-2,6,6-trimethylbicyclo[3.1.1]heptan-3-yl]methanamine",C[C@@H]1[C@@H](CN)C[C@H]2C[C@@H]1C2(C)C
A-4785,"2,6-dimethylhept-5-enal",CC(C)=CCCC(C)C=O
A-4786,2-({2-[bis(carboxymethyl)amino]ethyl}(carboxymethyl)amino)acetic acid,O=C(O)CN(CCN(CC(=O)O)CC(=O)O)CC(=O)O
A-4790,N-dodecanoyl-N-methylglycine,CCCCCCCCCCCC(=O)N(C)CC(=O)O
A-4792,isobutyl 2-chloropropanoate,CC(C)COC(=O)[C@H](C)Cl
A-4795,(2E)-2-methyl-3-phenylprop-2-enal,C/C(C=O)=C/c1ccccc1
A-4798,4-methylene-2-(2-methylprop-1-en-1-yl)tetrahydro-2H-pyran,C=C1CCOC(C=C(C)C)C1
A-4801,ethyl 2-methylpentanoate,CCCC(C)C(=O)OCC
A-4802,tert-butyl methacrylate,C=C(C)C(=O)OC(C)(C)C
A-4803,1-(ethenyloxy)butane,C=COCCCC
A-4807,N-butylbenzenesulfonamide,CCCCNS(=O)(=O)c1ccccc1
A-4808,"2,2,6-trimethyl-6-vinyltetrahydro-2H-pyran",C=CC1(C)CCCC(C)(C)O1
A-4810,"2,3,3-trimethyl-3H-indole-5-carboxylic acid",CC1=Nc2ccc(C(=O)O)cc2C1(C)C
A-4812,2-methylcyclohexyl acetate,CC(=O)OC1CCCCC1C
A-4822,2-methoxy-4-(prop-2-en-1-yl)phenyl acetate,C=CCc1ccc(OC(C)=O)c(OC)c1
A-4824,"[(2S,4R)-2-(2,4-dichlorophenyl)-2-(1H-1,2,4-triazol-1-ylmethyl)-1,3-dioxolan-4-yl]methanol",OC[C@@H]1CO[C@@](Cn2cncn2)(c2ccc(Cl)cc2Cl)O1
A-4825,butyl 2-methylprop-2-enoate,C=C(C)C(=O)OCCCC
A-4826,Neohesperidin dihydrochalone,COc1ccc(CCC(=O)c2c(O)cc(O[C@@H]3O[C@H](CO)[C@@H](O)[C@H](O)[C@H]3O[C@@H]3O[C@@H](C)[C@H](O)[C@@H](O)[C@H]3O)cc2O)cc1O
A-4828,"3,5,5-trimethylhexan-1-ol",CC(CCO)CC(C)(C)C
A-4831,"ethyl 1,3-dioxo-1,3-dihydro-2H-isoindole-2-carboxylate",CCOC(=O)N1C(=O)c2ccccc2C1=O
A-4835,3-methyl-5-phenylpentan-1-ol,CC(CCO)CCc1ccccc1
A-4845,(ethenyloxy)cyclohexane,C=COC1CCCCC1
A-4846,"1,4-bis(vinyloxy)butane",C=COCCCCOC=C
A-4849,6-amino-4-hydroxynaphthalene-2-sulfonic acid,Nc1ccc2cc(S(=O)(=O)O)cc(O)c2c1
A-4854,"2-phenyl-1H-1,3-benzodiazole-5-sulfonic acid",O=S(=O)(O)c1ccc2nc(-c3ccccc3)[nH]c2c1
A-4863,"6-methoxy-1,2,3,4-tetrahydronaphthalene",COc1ccc2c(c1)CCCC2
A-4865,"naphthalene-1,5-diamine",Nc1cccc2c(N)cccc12
A-4867,4-cyclohexylbutan-2-ol,CC(O)CCC1CCCCC1
A-4870,"1,1'-[methylenebis(oxy)]dibutane",CCCCOCOCCCC
A-4874,"6-[(3-{[(6-carboxycyclohex-3-en-1-yl)carbonyl]oxy}-2,2-dimethylpropoxy)carbonyl]cyclohex-3-ene-1-carboxylate",CC1(C)COC(=O)C2CC=CCC2C(=O)OC1
A-4878,"methyl 2,6,6-trimethylcyclohex-2-ene-1-carboxylate",COC(=O)C1C(C)=CCCC1(C)C
A-4884,"3,3-dimethylbut-1-yne",C#CC(C)(C)C
A-4889,2-phenoxyethyl 2-methylpropanoate,CC(C)C(=O)OCCOc1ccccc1
A-4890,7-amino-3-methyl-8-oxo-5-thia-1-azabicyclo[4.2.0]oct-2-ene-2-carboxylic acid,CC1=C(C(=O)O)N2C(=O)C(N)C2SC1
A-4894,2-hydroxy-4-methylbenzamide,Cc1ccc(C(N)=O)c(O)c1
A-4896,"6-chloro-2,3-dihydro-1H-indol-2-one",O=C1Cc2ccc(Cl)cc2N1
A-4899,2-benzyl-2-methylbut-3-enenitrile,C=CC(C)(C#N)Cc1ccccc1
A-4905,methyl 2-ethylhexanoate,CCCCC(CC)C(=O)OC
A-4907,"3-(2-hydroxyethyl)-1,2,3,4-tetrahydroquinazoline-2,4-dione",O=c1[nH]c2ccccc2c(=O)n1CCO
A-4908,5-heptyloxolan-2-one,CCCCCCC[C@H]1CCC(=O)O1
A-4913,2-{[(2-ethylhexyl)oxy]methyl}oxirane,CCCCC(CC)COCC1CO1
A-4916,"1-(2,4-dichlorophenyl)-2-(1H-imidazol-1-yl)ethan-1-ol",OC(Cn1ccnc1)c1ccc(Cl)cc1Cl
A-4918,bis[(2-ethylhexyl)oxy]phosphinic acid,CCCCC(CC)COP(=O)(O)OCC(CC)CCCC
A-4921,2-isobutyl-4-methyltetrahydro-2H-pyran,CC(C)CC1CC(C)CCO1
A-4922,"4,4'-disulfanediyldimorpholine",C1CN(SSN2CCOCC2)CCO1
A-4923,"5-bromo-1,2,3-trifluorobenzene",Fc1cc(Br)cc(F)c1F
A-4924,4-[(morpholin-4-ylcarbonothioyl)sulfanyl]morpholine,S=C(SN1CCOCC1)N1CCOCC1
A-4926,N-(1-benzylpiperidin-4-yl)-N-phenylpropanamide,CCC(=O)N(c1ccccc1)C1CCN(Cc2ccccc2)CC1
A-4930,"2-tert-butyl-4,6-dimethylphenol",Cc1cc(C)c(O)c(C(C)(C)C)c1
A-4931,"4-methyl-2,3-dihydro-1H-1,3-benzodiazole-2-thione; 5-methyl-2,3-dihydro-1H-1,3-benzodiazole-2-thione",Cc1cccc2[nH]c(=S)[nH]c12
A-4933,undecanal,CCCCCCCCCCC=O
A-4934,"1,2-dichloro-4-(trifluoromethyl)benzene",FC(F)(F)c1ccc(Cl)c(Cl)c1
A-4939,1-(4-{2-[4-(2-hydroxypropoxy)phenyl]propan-2-yl}phenoxy)propan-2-ol,CC(O)COc1ccc(C(C)(C)c2ccc(OCC(C)O)cc2)cc1
A-4941,2-bromobutane,CCC(C)Br
A-4942,2-methylpropyl 2-phenylacetate,CC(C)COC(=O)Cc1ccccc1
A-4943,"17-hydroxy-17-(3-hydroxyprop-1-yn-1-yl)-10,13-dimethyl-1,2,6,7,8,9,10,11,12,13,14,15,16,17-tetradecahydro-3H-cyclopenta[a]phenanthren-3-one (non-preferred name)",C[C@]12CCC(=O)C=C1CC[C@@H]1[C@@H]2CC[C@@]2(C)[C@H]1CCC2(O)C#CCO
A-4945,5-vinylbicyclo[2.2.1]hept-2-ene,C=CC1CC2C=CC1C2
A-4946,"2,5,8,11-tetramethyldodec-6-yne-5,8-diol",CC(C)CCC(C)(O)C#CC(C)(O)CCC(C)C
A-4952,3-(3-aminobenzenesulfonyl)aniline,Nc1cccc(S(=O)(=O)c2cccc(N)c2)c1
A-4953,"ethyl 2,6,6-trimethylcyclohexa-1,3-diene-1-carboxylate",CCOC(=O)C1=C(C)C=CCC1(C)C
A-4955,"Amines, C16-18 and C18-unsatd. alkyl",CCCCCCCCCCCCCCCCN
A-4957,octadecan-1-amine,CCCCCCCCCCCCCCCCCCN
A-4959,"3-(2-chloroethyl)quinazoline-2,4(1H,3H)-dione",O=c1[nH]c2ccccc2c(=O)n1CCCl
A-4960,"1-(5,5-dimethylcyclohex-1-en-1-yl)pent-4-en-1-one",C=CCCC(=O)C1=CCCC(C)(C)C1
A-4966,"4-(1-ethoxyvinyl)-3,3,5,5-tetramethylcyclohexanone",C=C(OCC)C1C(C)(C)CC(=O)CC1(C)C
A-4969,cyclohexanethiol,SC1CCCCC1
A-4974,5-Chlorothiophene-2-sulfonamide,NS(=O)(=O)c1ccc(Cl)s1
A-4975,N-(4-fluorophenyl)-2-hydroxy-N-propan-2-ylacetamide,CC(C)N(C(=O)CO)c1ccc(F)cc1
A-4980,prop-2-en-1-yl heptanoate,C=CCOC(=O)CCCCCC
A-4982,4-heptylphenol,CCCCCCCc1ccc(O)cc1
A-4984,(4-nonylphenoxy)acetic acid,CCCCCCCCCc1ccc(OCC(=O)O)cc1
A-4992,"5-(2-methylundecan-2-yldisulfanyl)-3H-1,3,4-thiadiazole-2-thione",CCCCCCCCCC(C)(C)SSc1n[nH]c(=S)s1
A-4993,"(4E)-3-methyl-5-(2,2,3-trimethylcyclopent-3-en-1-yl)pent-4-en-2-ol",CC1=CCC(/C=C\C(C)C(C)O)C1(C)C
A-4997,4-{1-[4-hydroxy-3-(prop-2-en-1-yl)phenyl]propyl}-2-(prop-2-en-1-yl)phenol,C=CCc1cc(C(C)(C)c2ccc(O)c(CC=C)c2)ccc1O
A-4998,"[2-methyl-2-(2-methylpropyl)-1,3-dioxolan-4-yl]methanol",CC(C)CC1(C)OCC(CO)O1
A-5000,tris(6-methylheptyl)amine,CC(C)CCCCCN(CCCCCC(C)C)CCCCCC(C)C
A-5003,1-benzyl-N-phenylpiperidin-4-amine,c1ccc(CN2CCC(Nc3ccccc3)CC2)cc1
A-5004,"4-bromo-2,2-diphenylbutanoic acid",O=C(O)C(CCBr)(c1ccccc1)c1ccccc1
A-5005,Aldadiene,CC12CCC(=O)C=C1C=CC1C2CCC2(C)C1CCC21CCC(=O)O1
A-5007,"2,2,3,3,4,4,5,5-octafluoropentyl 2-methylprop-2-enoate",C=C(C)C(=O)OCC(F)(F)C(F)(F)C(F)(F)C(F)F
A-5010,"6,6-dimethylheptanoic acid",CC(C)(C)CCCCC(=O)O
A-5012,1-(methoxymethyl)-4-[4-(methoxymethyl)phenyl]benzene,COCc1ccc(-c2ccc(COC)cc2)cc1
A-5013,1-[({[(tetradecyloxy)carbonyl]peroxy}carbonyl)oxy]tetradecane,CCCCCCCCCCCCCCOC(=O)OOC(=O)OCCCCCCCCCCCCCC
A-5015,Dicyclopentadiene,C1=CC2C3C=CC(C3)C2C1
A-5016,"6,10-dimethylundecan-2-one",CC(=O)CCCC(C)CCCC(C)C
A-5018,cyclooctene,C1=C\CCCCCC/1
A-5021,dimethoxy(2-methylpropyl)propan-2-ylsilane,CO[Si](CC(C)C)(OC)C(C)C
A-5022,"tetrakis(1,2,2,6,6-pentamethylpiperidin-4-yl) butane-1,2,3,4-tetracarboxylate",CN1C(C)(C)CC(OC(=O)CC(C(=O)OC2CC(C)(C)N(C)C(C)(C)C2)C(CC(=O)OC2CC(C)(C)N(C)C(C)(C)C2)C(=O)OC2CC(C)(C)N(C)C(C)(C)C2)CC1(C)C
A-5026,"3-ethyl 5-methyl 4-(2-chlorophenyl)-1,4-dihydro-2-[2-(1,3-dihydro-1,3-dioxo-(2H)isoindol-2-yl)-ethoxymethyl]-6-methyl-3,5-pyridinedicarboxylate",CCOC(=O)C1=C(COCCN2C(=O)c3ccccc3C2=O)NC(C)=C(C(=O)OC)C1c1ccccc1Cl
A-5027,prop-2-en-1-yl 3-cyclohexylpropanoate,C=CCOC(=O)CCC1CCCCC1
A-5028,"methyl 2-[(4-ethoxy-6-methylamino-1,3,5-triazin-2-yl)carbamoylsulfamoyl]benzoate",CCOc1nc(NC)nc(NC(=O)NS(=O)(=O)c2ccccc2C(=O)OC)n1
A-5032,4-[(4-amino-3-methylphenyl)methyl]-2-methylaniline,Cc1cc(Cc2ccc(N)c(C)c2)ccc1N
A-5033,tributyl-2-thiourea,CCCCNC(=S)N(CCCC)CCCC
A-5034,bis(2-ethylhexyl)amine,CCCCC(CC)CNCC(CC)CCCC
A-5035,4-[(4-amino-3-chlorophenyl)methyl]-2-chloroaniline,Nc1ccc(Cc2ccc(N)c(Cl)c2)cc1Cl
A-5036,"(4E)-3,3-dimethyl-5-(2,2,3-trimethylcyclopent-3-en-1-yl)pent-4-en-2-ol",CC1=CCC(/C=C/C(C)(C)C(C)O)C1(C)C
A-5040,"bis(2,4,4-trimethylpentyl)phosphinic acid",CC(CC(C)(C)C)CP(=O)(O)CC(C)CC(C)(C)C
A-5041,3-(4-fluorophenyl)-1-(4-sulfamoylphenyl)thiourea,NS(=O)(=O)c1ccc(NC(=S)Nc2ccc(F)cc2)cc1
A-5043,"ethyl 1-(4-methoxyphenyl)-7-oxo-6-[4-(2-oxopiperidin-1-yl)phenyl]-1H,4H,5H,6H,7H-pyrazolo[3,4-c]pyridine-3-carboxylate",CCOC(=O)c1nn(-c2ccc(OC)cc2)c2c1CCN(c1ccc(N3CCCCC3=O)cc1)C2=O
A-5045,"7-chloro-5-(2-chlorophenyl)-2-oxo-2,3-dihydro-1H-1,4-benzodiazepin-4-ium-4-olate",O=C1CN(O)C(c2ccccc2Cl)=c2cc(Cl)ccc2=N1
A-5049,"N',N''''-hexane-1,6-diylbis(1-cyanoguanidine)",N#CNC(N)=NCCCCCCN=C(N)NC#N
A-5050,"1,5-dimethyl-1-vinylhex-4-en-1-yl propionate",C=CC(C)(CCC=C(C)C)OC(=O)CC
A-5054,10-Methoxyiminostilbene,COC1=Cc2ccccc2Nc2ccccc21
A-5057,"3,7,11,15-tetramethylhexadec-1-en-3-ol",C=CC(C)(O)CCCC(C)CCCC(C)CCCC(C)C
A-5060,"13-ethyl-3-methoxy-6,7,11,12,13,14,15,16-octahydro-17H-cyclopenta[a]phenanthren-17-one (non-preferred name)",CC[C@]12CCC3=C(CCc4cc(OC)ccc43)[C@@H]1CCC2=O
A-5061,"3-methoxyestra-2,5(10)-dien-17-ol",COC1=CCC2=C(CC[C@@H]3[C@@H]2CC[C@]2(C)[C@@H](O)CC[C@@H]32)C1
A-5065,"7-chloro-5-(2-chlorophenyl)-2-oxo-2,3-dihydro-1H-1,4-benzodiazepin-3-yl acetate",CC(=O)OC1N=C(c2ccccc2Cl)c2cc(Cl)ccc2NC1=O
A-5067,"3-methoxyestra-2,5(10)-dien-17-one",COC1=CCC2=C(CCC3C2CCC2(C)C(=O)CCC32)C1
A-5069,N-phenylnaphthalen-1-amine,c1ccc(Nc2cccc3ccccc23)cc1
A-5070,2-(benzoyloxy)ethyl benzoate,O=C(OCCOC(=O)c1ccccc1)c1ccccc1
A-5072,"2,4a,5,8a-tetramethyl-1,2,3,4,4a,7,8,8a-octahydronaphthalen-1-yl formate",CC1=CCCC2(C)C(OC=O)C(C)CCC12C
A-5073,"methyl 3-(3,5-di-tert-butyl-4-hydroxyphenyl)propanoate",COC(=O)CCc1cc(C(C)(C)C)c(O)c(C(C)(C)C)c1
A-5074,"3,9-bis(cyclohex-3-en-1-yl)-2,4,8,10-tetraoxaspiro[5.5]undecane",C1=CCC(C2OCC3(CO2)COC(C2CC=CCC2)OC3)CC1
A-5076,"4-(3,4,5,6-tetramethyloctan-2-yl)phenol",CCC(C)C(C)C(C)CCc1ccc(O)cc1
A-5077,"13-ethyl-3-methoxy-1,4,6,7,8,9,11,12,13,14,15,16-dodecahydro-17H-cyclopenta[a]phenanthren-17-one (non-preferred name)",CC[C@]12CC[C@@H]3C4=C(CC[C@H]3[C@@H]1CCC2=O)CC(OC)=CC4
A-5078,"1,2,4-tris(8-methylnonyl) benzene-1,2,4-tricarboxylate",CC(C)CCCCCCCOC(=O)c1ccc(C(=O)OCCCCCCCC(C)C)c(C(=O)OCCCCCCCC(C)C)c1
A-5082,"6,10,14-trimethylpentadecan-2-one",CC(=O)CCCC(C)CCCC(C)CCCC(C)C
A-5084,"6-O-acetyl-1,3,4-tri-O-isobutyryl-beta-D-fructofuranosyl 6-O-acetyl-2,3,4-tri-O-isobutyryl-alpha-D-glucopyranoside",CC(=O)OC[C@H]1O[C@H](O[C@]2(COC(C)=O)O[C@H](COC(=O)C(C)C)[C@@H](OC(=O)C(C)C)[C@@H]2OC(=O)C(C)C)[C@H](OC(=O)C(C)C)[C@@H](OC(=O)C(C)C)[C@@H]1OC(=O)C(C)C
A-5090,"1,3-diphenylpropane-1,3-dione",O=C(CC(=O)c1ccccc1)c1ccccc1
A-5095,"1,10-didocosyl decanedioate",CCCCCCCCCCCCCCCCCCCCCCOC(=O)CCCCCCCCC(=O)OCCCCCCCCCCCCCCCCCCCCCC
A-5096,"6-Methylene-3,20-dioxopregn-4-en-17-yl acetate",C=C1CC2C(CCC3(C)C2CCC3(OC(C)=O)C(C)=O)C2(C)CCC(=O)C=C12
A-5097,"N,N-dibutyl({[(dibutylcarbamothioyl)sulfanyl]methyl}sulfanyl)carbothioamide",CCCCN(CCCC)C(=S)SCSC(=S)N(CCCC)CCCC
A-5101,dimethyl[3-(octadecyloxy)propyl]amine,CCCCCCCCCCCCCCCCCCOCCCN(C)C
A-5104,2-(2-hydroxybenzoyl)-5-methoxyphenol,COc1ccc(C(=O)c2ccccc2O)c(O)c1
A-5106,2-oxo-N-[4-({4-[(2-oxoazepane-1-carbonyl)amino]phenyl}methyl)phenyl]azepane-1-carboxamide,O=C1CCCCCN1C(=O)Nc1ccc(Cc2ccc(NC(=O)N3CCCCCC3=O)cc2)cc1
A-5107,{4-[(4-methylphenyl)sulfanyl]phenyl}(phenyl)methanone,Cc1ccc(Sc2ccc(C(=O)c3ccccc3)cc2)cc1
A-5110,"bis(2,3,4,4-tetramethylpentan-2-yl)trisulfane",CC(C(C)(C)C)C(C)(C)SSSC(C)(C)C(C)C(C)(C)C
A-5115,"2-aminopropane-1,3-diol",NC(CO)CO
A-5118,"2-amino-2-(hydroxymethyl)propane-1,3-diol",NC(CO)(CO)CO
A-5126,"D-Glucitol, propoxylated",OCCCOCC(OCCCO)C(OCCCO)C(OCCCO)C(COCCCO)OCCCO
A-5127,"5-methyl-[1,2,4]triazolo[1,5-a]pyrimidin-7-ol",Cc1cc(=O)n2[nH]cnc2n1
A-5133,"decane-1,10-diamine",NCCCCCCCCCCN
A-5139,N-(butoxymethyl)prop-2-enamide,C=CC(=O)NCOCCCC
A-5145,(2R)-2-hydroxy-N-(2-hydroxyethyl)propanamide,CC(O)C(=O)NCCO
A-5147,oxolan-2-ylmethanol,OCC1CCCO1
A-5154,"pentane-2,4-dione",CC(=O)CC(C)=O
A-5155,"1,3-dimethyl propanedioate",COC(=O)CC(=O)OC
A-5160,"1,1,3,3-tetramethylguanidine",CN(C)C(=N)N(C)C
A-5161,"1,3-dihydroxypropan-2-yl 2-sulfanylacetate 2,3-dihydroxypropyl 2-sulfanylacetate",O=C(CS)OCC(O)CO
A-5162,2-{2-[2-(2-hydroxyethoxy)ethoxy]ethoxy}ethan-1-ol,OCCOCCOCCOCCO
A-5163,"3-methylpentane-1,5-diol",CC(CCO)CCO
A-5168,Sulfolane,O=S1(=O)CCCC1
A-5169,2-hydroxyethyl 2-methylprop-2-enoate,C=C(C)C(=O)OCCO
A-5172,3-methoxy-3-methylbutan-1-ol,COC(C)(C)CCO
A-5179,6-[(1-formyloctyl)amino]hexanoic acid,CC(C)CCCCCC(=O)NCCCCCC(=O)O
A-5182,nonanoic acid,CCCCCCCCC(=O)O
A-5183,6-hydroxy-2-naphthoic acid,O=C(O)c1ccc2cc(O)ccc2c1
A-5185,1-tert-butyl-4-vinylbenzene,C=Cc1ccc(C(C)(C)C)cc1
A-5186,"3,5-dimethylbenzoyl chloride",Cc1cc(C)cc(C(=O)Cl)c1
A-5188,"2,5-diphenyl-1,3-oxazole",c1ccc(-c2cnc(-c3ccccc3)o2)cc1
A-5190,"2-amino-2-ethylpropane-1,3-diol",CCC(N)(CO)CO
A-5196,"2,4,6-tris[(dimethylamino)methyl]phenol",CN(C)Cc1cc(CN(C)C)c(O)c(CN(C)C)c1
A-5198,2-[2-(carboxymethoxy)ethoxy]acetic acid,O=C(O)COCCOCC(=O)O
A-5199,N-(methoxymethyl)-2-methylprop-2-enamide,C=C(C)C(=O)NCOC
A-5202,"N-butyl-2,2,6,6-tetramethylpiperidin-4-amine",CCCCNC1CC(C)(C)NC(C)(C)C1
A-5206,tert-butyl hydroperoxide,CC(C)(C)OO
A-5210,"N,N,N',N'-tetrakis(2-hydroxypropyl)hexanediamide",CC(O)CN(CC(C)O)C(=O)CCCCC(=O)N(CC(C)O)CC(C)O
A-5211,3-sulfanylpropanoic acid,O=C(O)CCS
A-5214,"(3S)-3-hydroxy-4,4-dimethyloxolan-2-one",CC1(C)COC(=O)C1O
A-5216,2-({2-[2-(dimethylamino)ethoxy]ethyl}(methyl)amino)ethan-1-ol,CN(C)CCOCCN(C)CCO
A-5217,aminoformonitrile,N#CN
A-5218,1-(2-aminoethyl)imidazolidin-2-one,NCCN1CCNC1=O
A-5227,"(3-{3,5-bis[3-(dimethylamino)propyl]-1,3,5-triazinan-1-yl}propyl)dimethylamine",CN(C)CCCN1CN(CCCN(C)C)CN(CCCN(C)C)C1
A-5230,1-[bis(2-hydroxypropyl)amino]propan-2-ol,CC(O)CN(CC(C)O)CC(C)O
A-5233,"3,5-dimethyl-1,2-dioxolane-3,5-diol",CC1(O)CC(C)(O)OO1
A-5234,"3,6,9,12-tetraazatetradecane-1,14-diamine",NCCNCCNCCNCCNCCN
A-5235,"N,N-dimethyl-N'-(2,2,6,6-tetramethylpiperidin-4-yl)propane-1,3-diamine",CN(C)CCCNC1CC(C)(C)NC(C)(C)C1
A-5246,"2,2,4-trimethylhexane-1,6-diamine",CC(CCN)CC(C)(C)CN
A-5260,2-hydroxyacetic acid,O=C(O)CO
A-5262,"2,2',2''-nitrilotriacetonitrile",N#CCN(CC#N)CC#N
A-5265,2-[(acetyloxy)methyl]prop-2-en-1-yl acetate,C=C(COC(C)=O)COC(C)=O
A-5266,"O,O-bis(2-methylphenyl) hydrogen dithiophosphate",Cc1ccccc1OP(=S)(S)Oc1ccccc1C
A-5267,2-[3-(4-propylheptyl)morpholin-4-yl]ethan-1-ol hydrochloride,CCCC(CCC)CCCC1COCCN1CCO
A-5274,"1,4:3,6-dianhydro-D-glucitol",O[C@@H]1CO[C@H]2[C@@H]1OC[C@@H]2O
A-5276,[4-(aminomethyl)phenyl]methanamine,NCc1ccc(CN)cc1
A-5277,"(3R,3aR,6S,6aR)-3,6-dimethoxy-hexahydrofuro[3,2-b]furan",COC1COC2C(OC)COC12
A-5282,bis(3-aminopropyl)(dodecyl)amine,CCCCCCCCCCCCN(CCCN)CCCN
A-5299,3-hydroxy-2-(hydroxymethyl)-2-methylpropanal,CC(C=O)(CO)CO
A-5303,(3-aminopropyl)dimethylamine,CN(C)CCCN
A-5305,"(5-ethyl-1,3-dioxan-5-yl)methanol",CCC1(CO)COCOC1
A-5307,"9,9-dimethyldecanoic acid",CC(C)(C)CCCCCCCC(=O)O
A-5308,"1,3-dimethyltetrahydropyrimidin-2(1H)-one",CN1CCCN(C)C1=O
A-5310,"1,4-diazabicyclo[2.2.2]octan-2-ylmethanol",OCC1CN2CCN1CC2
A-5311,"1,4-dimethylpiperazine",CN1CCN(C)CC1
A-5312,1-ethoxy-2-(2-methoxyethoxy)ethane,CCOCCOCCOC
A-5313,1-ethylpyrrolidin-2-one,CCN1CCCC1=O
A-5314,1-hydroxypropan-2-yl prop-2-enoate 2-hydroxypropyl prop-2-enoate,C=CC(=O)OCCCO
A-5315,1-methyl-1H-imidazole,Cn1ccnc1
A-5316,1-{bis[3-(dimethylamino)propyl]amino}propan-2-ol,CC(O)CN(CCCN(C)C)CCCN(C)C
A-5317,"2,2'-oxydiethanamine",NCCOCCN
A-5318,"2,5,8,11,14-pentaoxapentadecane",COCCOCCOCCOCCOC
A-5319,"2,5,8,11-tetraoxadodecane",COCCOCCOCCOC
A-5320,"2,6-dimethylmorpholine",CC1CNCC(C)O1
A-5324,2-methylpentanedioic acid,CC(CCC(=O)O)C(=O)O
A-5325,2-oxobutanedioic acid,O=C(O)CC(=O)C(=O)O
A-5326,"3-(2,3-dihydroxypropoxy)propane-1,2-diol",OCC(O)COCC(O)CO
A-5328,"3-[3-(hydroxymethyl)-2,5-dioxoimidazolidin-4-yl]-1-[({[3-(hydroxymethyl)-2,5-dioxoimidazolidin-4-yl]carbamoyl}amino)methyl]urea",O=C(NCNC(=O)NC1C(=O)NC(=O)N1CO)NC1C(=O)NC(=O)N1CO
A-5329,"3-aminopropane-1,2-diol",NCC(O)CO
A-5331,3-methyl-1H-pyrazole,Cc1ccn[nH]1
A-5332,3-oxobutanamide,CC(=O)CC(N)=O
A-5333,"4-(hydroxymethyl)-1,3-dioxolan-2-one",O=C1OCC(CO)O1
A-5334,4-acetylmorpholine,CC(=O)N1CCOCC1
A-5335,"Glycerol, ethoxylated",OCCOCC(COCCO)OCCO
A-5337,"N,N-dimethyl-3-oxobutanamide",CC(=O)CC(=O)N(C)C
A-5338,N-[3-(dimethylamino)propyl]formamide,CN(C)CCCNC=O
A-5340,N-methylformamide,CNC=O
A-5345,bis(3-aminopropyl)(methyl)amine,CN(CCCN)CCCN
A-5354,"ethane-1,2-diylbis(oxyethane-2,1-diyl) diacetate",CC(=O)OCCOCCOCCOC(C)=O
A-5355,ethyl 4-oxopiperidine-1-carboxylate,CCOC(=O)N1CCC(=O)CC1
A-5361,oxepan-2-one,O=C1CCCCCO1
A-5362,oxolan-2-one,O=C1CCCO1
A-5363,piperidine,C1CCNCC1
A-5367,prop-2-yn-1-ol,C#CCO
A-5368,"propane-1,3-diol",OCCCO
A-5370,pyridin-3-ylmethanol,OCc1cccnc1
A-5379,tert-butyl isobutyl ether,CC(C)COC(C)(C)C
A-5385,"2,2,6,6-tetramethylpiperidin-4-ol",CC1(C)CC(O)CC(C)(C)N1
A-5386,2-(piperazin-1-yl)ethan-1-amine,NCCN1CCNCC1
A-5387,2-(propan-2-yloxy)ethan-1-ol,CC(C)OCCO
A-5388,3-[(2-hydroxyethyl)amino]propanamide,NC(=O)CCNCCO
A-5391,dimethyl methylphosphonate,COP(C)(=O)OC
A-5396,"1,1,1,2,2,4,5,5,5-nonafluoro-4-(trifluoromethyl)pentan-3-one",O=C(C(F)(F)C(F)(F)F)C(F)(C(F)(F)F)C(F)(F)F
A-5402,"N,N-bis(2-hydroxyethyl)undec-10-enamide",C=CCCCCCCCCC(=O)N(CCO)CCO
A-5404,"1,5-dimethyl-1-vinylhex-4-en-1-yl formate",C=CC(C)(CCC=C(C)C)OC=O
A-5405,"N-(2-oxo-2,3-dihydropyrimidin-4-yl)benzamide",O=C(Nc1ccnc(=O)[nH]1)c1ccccc1
A-5408,(2Z)-4-{2-[2-(2-{[(2Z)-3-carboxyprop-2-enoyl]oxy}ethoxy)ethoxy]ethoxy}-4-oxobut-2-enoic acid,O=C(O)/C=C\C(=O)OCCOCCOCCOC(=O)/C=C\C(=O)O
A-5413,"7-fluoro-1,3-dihydroindol-2-one",O=C1Cc2cccc(F)c2N1
A-5414,"N-[3-(8-methylnonoxy)propyl]propane-1,3-diamine",CC(C)CCCCCCCOCCCNCCCN
A-5423,"Heptanoic acid, ester with 2-ethyl-2-(hydroxymethyl)-1,3-propanediol pentanoate",CCCCCCC(=O)OCC(CC)(CO)COC(=O)CCCC
A-5426,"diethyl cyclohexane-1,4-dicarboxylate",CCOC(=O)C1CCC(C(=O)OCC)CC1
A-5429,4-(3-Chloropropyl)morpholine,ClCCCN1CCOCC1
A-5432,"3-(3-cyano-6-hydroxy-4-methyl-2-oxo-1,2-dihydropyridin-1-yl)propanoic acid",Cc1cc(O)n(CCC(=O)O)c(=O)c1C#N
A-5433,"3-(3-carbamoyl-6-hydroxy-4-methyl-2-oxo-1,2-dihydropyridin-1-yl)propanoic acid",Cc1cc(O)n(CCC(=O)O)c(=O)c1C(N)=O
A-5437,(2S)-2-amino-6-octanamidohexanoic acid,CCCCCCCC(=O)NCCCC[C@H](N)C(=O)O
A-5445,"1,1,1-trifluoro-N-(trifluoromethylsulfonyl)methanesulfonamide",O=S(=O)(NS(=O)(=O)C(F)(F)F)C(F)(F)F
A-5450,2-[(Z)-octadec-9-enoxy]ethanol,CCCCCCCC/C=C\CCCCCCCCOCCO
A-5451,3-[3-(benzotriazol-2-yl)-5-tert-butyl-4-hydroxyphenyl]propanoic acid,CC(C)(C)c1cc(CCC(=O)O)cc(-n2nc3ccccc3n2)c1O
A-5456,"2,3-dihydroxypropyl 12-hydroxyoctadecanoate",CCCCCCC(O)CCCCCCCCCCC(=O)OCC(O)CO
A-5457,"methyl 2-[(4aS)-3,6-bis(diethylamino)-2,7-dimethyl-4aH-xanthen-9-yl]benzoate",CCN(CC)C1=C[C@@H]2Oc3cc(N(CC)CC)c(C)cc3C(c3ccccc3C(=O)OC)=C2C=C1C
A-5458,"1,4-diethyl 2-{[4-({4-[(1,4-diethoxy-1,4-dioxobutan-2-yl)amino]cyclohexyl}methyl)cyclohexyl]amino}butanedioate",CCOC(=O)CC(NC1CCC(CC2CCC(NC(CC(=O)OCC)C(=O)OCC)CC2)CC1)C(=O)OCC
A-5459,"2,2,4,4,6,8,8-heptamethylnonane",CC(CC(C)(C)C)CC(C)(C)CC(C)(C)C
A-5462,N-benzyl-2-acetamido-3-methoxypropanamide,COCC(NC(C)=O)C(=O)NCc1ccccc1
A-5464,1-(1-butoxypropan-2-yloxy)propan-2-ol,CCCCOCC(C)OCC(C)O
A-5465,Nonadecanoic acid,CCCCCCCCCCCCCCCCCCC(=O)O
A-5468,2-Ethoxy-2-methylbutane,CCOC(C)(C)CC
A-5469,2-methyl-4-phenylpentan-1-ol,CC(CO)CC(C)c1ccccc1
A-5473,"1-amino-4-hydroxy-2-phenoxy-9,10-dihydroanthracene-9,10-dione",Nc1c(Oc2ccccc2)cc(O)c2c1C(=O)c1ccccc1C2=O
A-5474,Indanthren Rubine rs,CCn1nc2cc(-c3cc4c5c(n(CC)nc5c3)-c3ccccc3C4=O)cc3c2c1-c1ccccc1C3=O
A-5475,"16,23-dihydronaphth[2',3':6,7]indolo[2,3-c]dinaphtho[2,3-a:2'3'-i]carbazole-5,10,15,17,22,24-hexone",O=c1c2ccccc2c(=O)c2c1ccc1c2[nH]c2c3c(=O)c4ccccc4c(=O)c3c3[nH]c4c(ccc5c(=O)c6ccccc6c(=O)c54)c3c12
A-5479,Calcoloid Olive r,O=C(Nc1cc2c3cc(NC(=O)c4ccccc4)c4c(=O)c5ccccc5c(=O)c4c3[nH]c2c2c(=O)c3ccccc3c(=O)c12)c1ccccc1
A-5480,"dibromopyranthrene-8,16-dione",O=c1c2ccccc2c2cc3ccc4c(=O)c5c(Br)c(Br)ccc5c5cc6ccc1c2c6c3c45
A-5483,1-[2-dimethylamino-1-(4-methoxyphenyl)ethyl]cyclohexan-1-ol,COc1ccc(C(CN(C)C)C2(O)CCCCC2)cc1
A-5487,dodecyl prop-2-enoate,C=CC(=O)OCCCCCCCCCCCC
A-5490,tetradecyl prop-2-enoate,C=CC(=O)OCCCCCCCCCCCCCC
A-5491,"3-({3-carboxy-1,4,5,6,7,7-hexachlorobicyclo[2.2.1]hept-5-ene-2-carbonyloxy}carbonyl)-1,4,5,6,7,7-hexachlorobicyclo[2.2.1]hept-5-ene-2-carboxylic acid",O=C1OC(=O)C2C1C1(Cl)C(Cl)=C(Cl)C2(Cl)C1(Cl)Cl
A-5495,methyl 5-amino-4-cyano-3-methylthiophene-2-carboxylate,COC(=O)c1sc(N)c(C#N)c1C
A-5496,dimethyl octadecylphosphonate,CCCCCCCCCCCCCCCCCCP(=O)(OC)OC
A-5497,(9Z)-N-(2-hydroxypropyl)octadec-9-enamide,CCCCCCCC/C=C\CCCCCCCC(=O)NCC(C)O
A-5499,"2-hydroxy-1-{1-[4-(2-hydroxy-2-methylpropanoyl)phenyl]-1,3,3-trimethyl-2,3-dihydro-1H-inden-5-yl}-2-methylpropan-1-one",CC(C)(O)C(=O)c1ccc(C2(C)CC(C)(C)c3cc(C(=O)C(C)(C)O)ccc32)cc1
A-5500,"2-hydroxy-1-{3-[4-(2-hydroxy-2-methylpropanoyl)phenyl]-1,1,3-trimethyl-2,3-dihydro-1H-inden-5-yl}-2-methylpropan-1-one",CC(C)(O)C(=O)c1ccc(C2(C)CC(C)(C)c3ccc(C(=O)C(C)(C)O)cc32)cc1
A-5505,"(6E)-7,11-dimethyl-3-methylidenedodeca-1,6,10-triene",C=CC(=C)CC/C=C(\C)CCC=C(C)C
A-5506,"3-{[bis(2,6-dimethylphenoxy)phosphoryl]oxy}phenyl bis(2,6-dimethylphenyl) phosphate",Cc1cccc(C)c1OP(=O)(Oc1cccc(OP(=O)(Oc2c(C)cccc2C)Oc2c(C)cccc2C)c1)Oc1c(C)cccc1C
A-5507,4-(4-butylcyclohexyl)cyclohexan-1-one,CCCCC1CCC(C2CCC(=O)CC2)CC1
A-5511,"11-methyldodecyl 2-{[(3,5-di-tert-butyl-4-hydroxyphenyl)methyl]sulfanyl}acetate",CC(C)CCCCCCCCCCOC(=O)CSCc1cc(C(C)(C)C)c(O)c(C(C)(C)C)c1
A-5513,4-[9-(4-amino-3-chlorophenyl)-9H-fluoren-9-yl]-2-chloroaniline,Nc1ccc(C2(c3ccc(N)c(Cl)c3)c3ccccc3-c3ccccc32)cc1Cl
A-5515,Solvent red 135,O=C1c2c(Cl)c(Cl)c(Cl)c(Cl)c2C2=Nc3cccc4cccc(c34)N12
A-5516,3-hydroxy-2-(3-hydroxyquinolin-2-yl)-1H-inden-1-one,O=C1C(=C2Nc3ccccc3C=C2O)C(=O)c2ccccc21
A-5519,"1,3,5-tris(4-tert-butyl-3-hydroxy-2,6-dimethylbenzyl)-1,3,5-triazinane-2,4,6-trione",Cc1cc(C(C)(C)C)c(O)c(C)c1Cn1c(=O)n(Cc2c(C)cc(C(C)(C)C)c(O)c2C)c(=O)n(Cc2c(C)cc(C(C)(C)C)c(O)c2C)c1=O
A-5520,"1,4-bis[(2,6-diethyl-4-methylphenyl)amino]-9,10-dihydroanthracene-9,10-dione",CCc1cc(C)cc(CC)c1Nc1ccc(Nc2c(CC)cc(C)cc2CC)c2c1C(=O)c1ccccc1C2=O
A-5521,"1,4-bis[(2-ethyl-6-methylphenyl)amino]-9,10-dihydroanthracene-9,10-dione",CCc1cccc(C)c1Nc1ccc(Nc2c(C)cccc2CC)c2c1C(=O)c1ccccc1C2=O
A-5522,"14h-Benz[4,5]isoquino[2,1-a]perimidin-14-one",O=c1c2cccc3cccc(c32)c2nc3cccc4cccc(c43)n12
A-5523,"2-methyl-4,6-bis[(octylsulfanyl)methyl]phenol",CCCCCCCCSCc1cc(C)c(O)c(CSCCCCCCCC)c1
A-5524,"4-{[bis(octylsulfanyl)-1,3,5-triazin-2-yl]amino}-2,6-di-tert-butylphenol",CCCCCCCCSc1nc(Nc2cc(C(C)(C)C)c(O)c(C(C)(C)C)c2)nc(SCCCCCCCC)n1
A-5526,hexadecyl acetate,CCCCCCCCCCCCCCCCOC(C)=O
A-5529,"1,4-bis(2-ethylhexyl) butanedioate",CCCCC(CC)COC(=O)CCC(=O)OCC(CC)CCCC
A-5530,tetrakis(2-ethylbutyl) silicate,CCC(CC)CO[Si](OCC(CC)CC)(OCC(CC)CC)OCC(CC)CC
A-5531,"2,6-di-tert-butyl-4-[(3,5-di-tert-butyl-4-hydroxyphenyl)methyl]phenol",CC(C)(C)c1cc(Cc2cc(C(C)(C)C)c(O)c(C(C)(C)C)c2)cc(C(C)(C)C)c1O
A-5536,octanoyl octaneperoxoate,CCCCCCCC(=O)OOC(=O)CCCCCCC
A-5537,hexabromocyclododecane,BrC1CC(Br)CC(Br)CC(Br)CC(Br)CC(Br)C1
A-5540,"N-(2,5-dichloro-4-{4-[(E)-2-(2,5-dichlorophenyl)diazen-1-yl]-3-hydroxynaphthalene-2-amido}phenyl)-4-[(E)-2-(2,5-dichlorophenyl)diazen-1-yl]-3-hydroxynaphthalene-2-carboxamide",O=C(Nc1cc(Cl)c(NC(=O)C2=Cc3ccccc3/C(=N\Nc3cc(Cl)ccc3Cl)C2=O)cc1Cl)C1=Cc2ccccc2/C(=N/Nc2cc(Cl)ccc2Cl)C1=O
A-5541,dodecane-1-thiol,CCCCCCCCCCCCS
A-5547,"ethenyl 6,6-dimethylheptanoate",C=COC(=O)CCCCC(C)(C)C
A-5548,"4-[(3S)-1,3-bis(5-cyclohexyl-4-hydroxy-2-methylphenyl)butyl]-2-cyclohexyl-5-methylphenol",Cc1cc(O)c(C2CCCCC2)cc1C(C[C@H](C)c1cc(C2CCCCC2)c(O)cc1C)c1cc(C2CCCCC2)c(O)cc1C
A-5552,"1,1,2,2,3,3,4,5,5,6-decafluoro-4,6-bis(trifluoromethyl)cyclohexane",FC(F)(F)C1(F)C(F)(F)C(F)(F)C(F)(F)C(F)(C(F)(F)F)C1(F)F
A-5553,octadecafluorodecahydronaphthalene,FC1(F)C(F)(F)C(F)(F)C2(F)C(F)(F)C(F)(F)C(F)(F)C(F)(F)C2(F)C1(F)F
A-5554,octadecafluorooctane,FC(F)(F)C(F)(F)C(F)(F)C(F)(F)C(F)(F)C(F)(F)C(F)(F)C(F)(F)F
A-5555,"bis(1,3-benzothiazol-2-ylsulfanyl)(tert-butyl)amine",CC(C)(C)N(Sc1nc2ccccc2s1)Sc1nc2ccccc2s1
A-5559,"1,2,3,4,5-pentabromo-6-[2-(pentabromophenyl)ethyl]benzene",Brc1c(Br)c(Br)c(CCc2c(Br)c(Br)c(Br)c(Br)c2Br)c(Br)c1Br
A-5560,"1,4-bis(2-ethylhexyl) benzene-1,4-dicarboxylate",CCCCC(CC)COC(=O)c1ccc(C(=O)OCC(CC)CCCC)cc1
A-5578,"3,9-bis(2,4-di-tert-butylphenoxy)-2,4,8,10-tetraoxa-3,9-diphosphaspiro[5.5]undecane",CC(C)(C)c1ccc(O[P@]2OCC3(CO[P@@](Oc4ccc(C(C)(C)C)cc4C(C)(C)C)OC3)CO2)c(C(C)(C)C)c1
A-5581,"propan-2-yl 3-[(Z)-2-{3-[(2,5-dichloro-4-{3-hydroxy-4-[(Z)-2-{2-methyl-5-[(propan-2-yloxy)carbonyl]phenyl}diazen-1-yl]naphthalene-2-amido}phenyl)carbamoyl]-2-hydroxynaphthalen-1-yl}diazen-1-yl]-4-methylbenzoate",Cc1ccc(C(=O)OC(C)C)cc1N=Nc1c(O)c(C(=O)Nc2cc(Cl)c(NC(=O)c3cc4ccccc4c(N=Nc4cc(C(=O)OC(C)C)ccc4C)c3O)cc2Cl)cc2ccccc12
A-5583,"3-hydroxy-N-(2-methylphenyl)-4-[(E)-2-(2,4,5-trichlorophenyl)diazen-1-yl]naphthalene-2-carboxamide",Cc1ccccc1NC(=O)C1=Cc2ccccc2/C(=N\Nc2cc(Cl)c(Cl)cc2Cl)C1=O
A-5600,"4-({5-[(4-carbamoylphenyl)carbamoyl]-2-methoxyphenyl}diazenyl)-N-(5-chloro-2,4-dimethoxyphenyl)-3-hydroxy-2-naphthamide",COc1cc(OC)c(NC(=O)C2=Cc3ccccc3/C(=N\Nc3cc(C(=O)Nc4ccc(C(N)=O)cc4)ccc3OC)C2=O)cc1Cl
A-5601,"N-(4-chloro-2,5-dimethoxyphenyl)-3-hydroxy-4-[(E)-2-[2-methoxy-5-(phenylcarbamoyl)phenyl]diazen-1-yl]naphthalene-2-carboxamide",COc1cc(NC(=O)C2=Cc3ccccc3/C(=N/Nc3cc(C(=O)Nc4ccccc4)ccc3OC)C2=O)c(OC)cc1Cl
A-5602,pentabromobenzyl acrylate,C=CC(=O)OCc1c(Br)c(Br)c(Br)c(Br)c1Br
A-5603,"2-[(E)-2-(2-methoxyphenyl)diazen-1-yl]-3-oxo-N-(2-oxo-2,3-dihydro-1H-1,3-benzodiazol-5-yl)butanamide",COc1ccccc1N=NC(C(C)=O)C(=O)Nc1ccc2[nH]c(=O)[nH]c2c1
A-5606,"N-(4-chloro-2,5-dimethoxyphenyl)-2-[(E)-2-(2-chloro-4-{3-chloro-4-[(E)-2-{1-[(4-chloro-2,5-dimethoxyphenyl)carbamoyl]-2-oxopropyl}diazen-1-yl]phenyl}phenyl)diazen-1-yl]-3-oxobutanamide",COc1cc(NC(=O)C(N=Nc2ccc(-c3ccc(N=NC(C(C)=O)C(=O)Nc4cc(OC)c(Cl)cc4OC)c(Cl)c3)cc2Cl)C(C)=O)c(OC)cc1Cl
A-5607,"5-methyl-2-phenyl-4-(phenyldiazenyl)-2,4-dihydro-3H-pyrazol-3-one",CC1=NN(c2ccccc2)C(=O)C1N=Nc1ccccc1
A-5609,"bis(2-ethylhexyl) 3,4,5,6-tetrabromophthalate",CCCCC(CC)COC(=O)c1c(Br)c(Br)c(Br)c(Br)c1C(=O)OCC(CC)CCCC
A-5614,"2,2,3,3,5,5,6,6-octafluoro-4-(trifluoromethyl)morpholine",FC(F)(F)N1C(F)(F)C(F)(F)OC(F)(F)C1(F)F
A-5621,"N-(5-chloro-2,4-dimethoxyphenyl)-4-[(E)-2-[5-(diethylsulfamoyl)-2-methoxyphenyl]diazen-1-yl]-3-hydroxynaphthalene-2-carboxamide",CCN(CC)S(=O)(=O)c1ccc(OC)c(N/N=C2/C(=O)C(C(=O)Nc3cc(Cl)c(OC)cc3OC)=Cc3ccccc32)c1
A-5624,"4-{[2,5-dimethoxy-4-(methylsulfamoyl)phenyl]diazenyl}-3-hydroxy-N-(2-oxo-2,3-dihydro-1H-benzimidazol-5-yl)-2-naphthamide",CNS(=O)(=O)c1cc(OC)c(N/N=C2\C(=O)C(C(=O)Nc3ccc4[nH]c(=O)[nH]c4c3)=Cc3ccccc32)cc1OC
A-5625,C.i. Pigment Orange 43,O=c1c2ccc3c4c(ccc(c24)c2nc4ccccc4n12)c(=O)n1c2ccccc2nc31
A-5627,"1,4-bis[(2,4,6-trimethylphenyl)amino]-9,10-dihydroanthracene-9,10-dione",Cc1cc(C)c(Nc2ccc(Nc3c(C)cc(C)cc3C)c3c2C(=O)c2ccccc2C3=O)c(C)c1
A-5638,propan-2-ylcyclohexane,CC(C)C1CCCCC1
A-5649,"1H-Thioxantheno[2,1,9-def]isoquinoline-1,3(2H)-dione, 2-octadecyl-",CCCCCCCCCCCCCCCCCCn1c(=O)c2ccc3sc4ccccc4c4ccc(c1=O)c2c34
A-5660,"2,6,10-trimethyldodecane",CCC(C)CCCC(C)CCCC(C)C
A-5665,"Paraffin waxes and Hydrocarbon waxes, chloro",CCCC(Cl)CCCC(Cl)CCC(Cl)CCC(Cl)CCC(Cl)CCCC(Cl)CCC
A-5666,tris(2-methylphenyl) phosphite,Cc1ccccc1OP(Oc1ccccc1C)Oc1ccccc1C
A-5668,"2,9-dimethyl-5,7,12,14-tetrahydro-5,12-diazapentacene-7,14-dione",Cc1ccc2[nH]c3cc4c(=O)c5cc(C)ccc5[nH]c4cc3c(=O)c2c1
A-5670,"4-[(E)-2-(2,5-dichlorophenyl)diazen-1-yl]-3-hydroxy-N-phenylnaphthalene-2-carboxamide",O=C(Nc1ccccc1)C1=Cc2ccccc2/C(=N\Nc2cc(Cl)ccc2Cl)C1=O
A-5671,"2,2'-[(3,3'-dichlorobiphenyl-4,4'-diyl)didiazene-2,1-diyl]bis[N-(4-methylphenyl)-3-oxobutanamide]",CC(=O)C(N=Nc1ccc(-c2ccc(N=NC(C(C)=O)C(=O)Nc3ccc(C)cc3)c(Cl)c2)cc1Cl)C(=O)Nc1ccc(C)cc1
A-5673,"1,4-Bis(4-phenoxybenzoyl)benzene",O=C(c1ccc(Oc2ccccc2)cc1)c1ccc(C(=O)c2ccc(Oc3ccccc3)cc2)cc1
A-5675,"2,2'-(1,4-phenylene)bis[4-(4-methoxybenzylidene)-1,3-oxazol-5(4H)-one]",COc1ccc(/C=C2/N=C(c3ccc(C4=N/C(=C/c5ccc(OC)cc5)C(=O)O4)cc3)OC2=O)cc1
A-5676,ethyl 9-oxo-9H-thioxanthene-2-carboxylate,CCOC(=O)c1ccc2sc3ccccc3c(=O)c2c1
A-5684,"1,4-bis(2-ethylhexyl) cyclohexane-1,4-dicarboxylate",CCCCC(CC)COC(=O)C1CCC(C(=O)OCC(CC)CCCC)CC1
A-5687,2-methylheptadecyl 3-methylheptadecanoate,CC(C)CCCCCCCCCCCCCCCOC(=O)CCCCCCCCCCCCCCC(C)C
A-5688,3-methylcyclopentadecanone,CC1CCCCCCCCCCCCC(=O)C1
A-5693,"1,4-bis(propan-2-yl)benzene",CC(C)c1ccc(C(C)C)cc1
A-5695,"4-[(1,5-dihydro-3-methyl-5-oxo-1-phenyl-4H-pyrazol-4-ylidene)methyl]-2,4-dihydro-5-methyl-2-phenyl-3H-pyrazol-3-one",CC1=NN(c2ccccc2)C(=O)/C1=C/C1C(=O)N(c2ccccc2)N=C1C
A-5697,"4-[(E)-2-(2-chloro-4-{3-chloro-4-[(E)-2-(3-methyl-5-oxo-1-phenyl-4,5-dihydro-1H-pyrazol-4-yl)diazen-1-yl]phenyl}phenyl)diazen-1-yl]-3-methyl-1-phenyl-4,5-dihydro-1H-pyrazol-5-one",CC1=NN(c2ccccc2)C(=O)/C1=N/Nc1ccc(-c2ccc(N/N=C3/C(=O)N(c4ccccc4)N=C3C)c(Cl)c2)cc1Cl
A-5698,"methyl 4-[(2,5-dichlorophenyl)carbamoyl]-2-({2-hydroxy-3-[(2-methoxyphenyl)carbamoyl]-1-naphthyl}diazenyl)benzoate",COC(=O)c1ccc(C(=O)Nc2cc(Cl)ccc2Cl)cc1N/N=C1\C(=O)C(C(=O)Nc2ccccc2OC)=Cc2ccccc21
A-5699,"1,4-bis(butylamino)-9,10-dihydroanthracene-9,10-dione",CCCCNc1ccc(NCCCC)c2c1C(=O)c1ccccc1C2=O
A-5700,"(2E,7R,11R)-3,7,11,15-tetramethylhexadec-2-en-1-ol; (2Z,7R,11R)-3,7,11,15-tetramethylhexadec-2-en-1-ol",C/C(=C\CO)CCC[C@H](C)CCC[C@H](C)CCCC(C)C
A-5702,docosan-1-amine; hexadecan-1-amine; icosan-1-amine; octadecan-1-amine,CCCCCCCCCCCCCCCCCCCN
A-5709,"O,O,O-Triphenyl phosphorothioate",S=P(Oc1ccccc1)(Oc1ccccc1)Oc1ccccc1
A-5725,"2,4,4-trimethylpentan-2-yl 2,2,3,5-tetramethylhexaneperoxoate 2,4,4-trimethylpentan-2-yl 2,2-diethylhexaneperoxoate 2,4,4-trimethylpentan-2-yl 2,2-dimethyloctaneperoxoate 2,4,4-trimethylpentan-2-yl 2,4-dimethyl-2-(propan-2-yl)pentaneperoxoate 2,4,4-trimethylpentan-2-yl 2-ethyl-2,5-dimethylhexaneperoxoate",CC(C)(C)CCCCC1(C(=O)OC(C)(C)CC(C)(C)C)OO1
A-5728,"1,2-dichloro-5,12-dihydroquino[2,3-b]acridine-7,14-dione",O=c1c2ccccc2[nH]c2cc3c(=O)c4c(Cl)c(Cl)ccc4[nH]c3cc12
A-5734,"1,1,3,3-tetramethylbutyl 2-(ethylperoxy)hexanoate",CCCCC(CC)C(=O)OOC(C)(C)CC(C)(C)C
A-5737,"1,1,1,2,2,3,3,4,4,5,5,6,6-tridecafluoro-8-iodooctane",FC(F)(F)C(F)(F)C(F)(F)C(F)(F)C(F)(F)C(F)(F)CCI
A-5741,2-methylundecane-2-thiol,CC(C)C(C)(C)C(C)(C)C(C)(C)S
A-5742,N-(5-chloro-2-methoxyphenyl)-3-hydroxy-4-[(E)-2-[2-methoxy-5-(phenylcarbamoyl)phenyl]diazen-1-yl]naphthalene-2-carboxamide,COc1ccc(C(=O)Nc2ccccc2)cc1N/N=C1\C(=O)C(C(=O)Nc2cc(Cl)ccc2OC)=Cc2ccccc21
A-5743,"2-[(1-amino-4-hydroxy-9,10-dioxo-9,10-dihydroanthracen-2-yl)oxy]ethyl phenyl carbonate",Nc1c(OCCOC(=O)Oc2ccccc2)cc(O)c2c1C(=O)c1ccccc1C2=O
A-5745,"2,2-bis(hydroxymethyl)propane-1,3-diyl didocosanoate",CCCCCCCCCCCCCCCCCCCCCC(=O)OCC(CO)(CO)COC(=O)CCCCCCCCCCCCCCCCCCCCC
A-5746,"4-[(E)-2-(2-chloro-4-{3-chloro-4-[(E)-2-[3-methyl-1-(4-methylphenyl)-5-oxo-4,5-dihydro-1H-pyrazol-4-yl]diazen-1-yl]phenyl}phenyl)diazen-1-yl]-3-methyl-1-(4-methylphenyl)-4,5-dihydro-1H-pyrazol-5-one",CC1=NN(c2ccc(C)cc2)C(=O)C1N=Nc1ccc(-c2ccc(N=NC3C(=O)N(c4ccc(C)cc4)N=C3C)c(Cl)c2)cc1Cl
A-5747,"14h-Anthra[2,1,9-mna]thioxanthen-14-one",O=c1c2ccccc2c2ccc3sc4ccccc4c4ccc1c2c34
A-5749,"propane-2,2-diylbis(4,1-phenyleneoxyethane-2,1-diyl) diacetate",CC(=O)OCCOc1ccc(C(C)(C)c2ccc(OCCOC(C)=O)cc2)cc1
A-5750,"3-hydroxy-4-[(E)-2-[2-methoxy-5-methyl-4-(methylsulfamoyl)phenyl]diazen-1-yl]-N-(2-oxo-2,3-dihydro-1H-1,3-benzodiazol-5-yl)naphthalene-2-carboxamide",CNS(=O)(=O)c1cc(OC)c(N/N=C2\C(=O)C(C(=O)Nc3ccc4[nH]c(=O)[nH]c4c3)=Cc3ccccc32)cc1C
A-5755,"butyl 2-[(E)-2-{2-hydroxy-3-[(2-oxo-2,3-dihydro-1H-1,3-benzodiazol-5-yl)carbamoyl]naphthalen-1-yl}diazen-1-yl]benzoate",CCCCOC(=O)c1ccccc1N/N=C1\C(=O)C(C(=O)Nc2ccc3[nH]c(=O)[nH]c3c2)=Cc2ccccc21
A-5757,"1,2,3-propanetriyl triisooctadecanoate",CC(C)CCCCCCCCCCCCCCC(=O)OCC(COC(=O)CCCCCCCCCCCCCCC(C)C)OC(=O)CCCCCCCCCCCCCCC(C)C
A-5758,"1,2,4-tris(2-ethylhexyl) benzene-1,2,4-tricarboxylate",CCCCC(CC)COC(=O)c1ccc(C(=O)OCC(CC)CCCC)c(C(=O)OCC(CC)CCCC)c1
A-5759,4-[(E)-2-(4-carbamoylphenyl)diazen-1-yl]-3-hydroxy-N-(2-methoxyphenyl)naphthalene-2-carboxamide,COc1ccccc1NC(=O)C1=Cc2ccccc2/C(=N/Nc2ccc(C(N)=O)cc2)C1=O
A-5769,"2,5-dimethylhexane-2,5-diyl bis[2-(ethylperoxy)hexanoate]",CCCCC(CC)C(=O)OOC(C)(C)CCC(C)(C)OOC(=O)C(CC)CCCC
A-5770,2-tert-butyl-4-[(5-tert-butyl-4-hydroxy-2-methylphenyl)sulfanyl]-5-methylphenol,Cc1cc(O)c(C(C)(C)C)cc1Sc1cc(C(C)(C)C)c(O)cc1C
A-5778,"2,2'-{propane-2,2-diylbis[(2,6-dibromo-4,1-phenylene)oxymethylene]}dioxirane",CC(C)(c1cc(Br)c(OCC2CO2)c(Br)c1)c1cc(Br)c(OCC2CO2)c(Br)c1
A-5785,N-(4-acetamidophenyl)-4-[(5-carbamoyl-2-chlorophenyl)diazenyl]-3-hydroxy-2-naphthamide,CC(=O)Nc1ccc(NC(=O)C2=Cc3ccccc3/C(=N/Nc3cc(C(N)=O)ccc3Cl)C2=O)cc1
A-5786,ethyl 2-cyanoprop-2-enoate,C=C(C#N)C(=O)OCC
A-5792,"1-amino-4-(4-amino-9,10-dioxo-9,10-dihydroanthracen-1-yl)-9,10-dihydroanthracene-9,10-dione",Nc1ccc(-c2ccc(N)c3c2C(=O)c2ccccc2C3=O)c2c1C(=O)c1ccccc1C2=O
A-5801,2-ethylhexyl (2-methylbutan-2-yl)oxy carbonate,CCCCC(CC)COC(=O)OOC(C)(C)CC
A-5803,"3-ethoxy-1,1,1,2,3,4,4,5,5,6,6,6-dodecafluoro-2-(trifluoromethyl)hexane",CCOC(F)(C(F)(F)C(F)(F)C(F)(F)F)C(F)(C(F)(F)F)C(F)(F)F
A-5811,"octadecyl 3-(3,5-di-tert-butyl-4-hydroxyphenyl)propanoate",CCCCCCCCCCCCCCCCCCOC(=O)CCc1cc(C(C)(C)C)c(O)c(C(C)(C)C)c1
A-5812,"2-[(E)-2-(2,5-dichloro-4-{2,5-dichloro-4-[(E)-2-{1-[(2,4-dimethylphenyl)carbamoyl]-2-oxopropyl}diazen-1-yl]phenyl}phenyl)diazen-1-yl]-N-(2,4-dimethylphenyl)-3-oxobutanamide",CC(=O)C(N=Nc1cc(Cl)c(-c2cc(Cl)c(N=NC(C(C)=O)C(=O)Nc3ccc(C)cc3C)cc2Cl)cc1Cl)C(=O)Nc1ccc(C)cc1C
A-5813,2-[(E)-2-(2-chloro-4-{3-chloro-4-[(E)-2-{1-[(2-methoxyphenyl)carbamoyl]-2-oxopropyl}diazen-1-yl]phenyl}phenyl)diazen-1-yl]-N-(2-methoxyphenyl)-3-oxobutanamide,COc1ccccc1NC(=O)C(N=Nc1ccc(-c2ccc(N=NC(C(C)=O)C(=O)Nc3ccccc3OC)c(Cl)c2)cc1Cl)C(C)=O
A-5814,"2-[(4-{(4-anilinophenyl)[4-(phenylimino)cyclohexa-2,5-dien-1-ylidene]methyl}phenyl)amino]benzenesulfonic acid",O=S(=O)(O)c1ccccc1N=C1C=CC(=C(c2ccc(Nc3ccccc3)cc2)c2ccc(Nc3ccccc3)cc2)C=C1
A-5817,"4,11-diamino-2-[3-(2-methoxyethoxy)propyl]-1H-naphtho[2,3-f]isoindole-1,3,5,10(2H)-tetrone",COCCOCCCn1c(=O)c2c(N)c3c(=O)c4ccccc4c(=O)c3c(N)c2c1=O
A-5818,"1,4-diamino-2,3-diphenoxy-9,10-dihydroanthracene-9,10-dione",Nc1c(Oc2ccccc2)c(Oc2ccccc2)c(N)c2c1C(=O)c1ccccc1C2=O
A-5819,"diethyl 4,4'-[(3,3'-dichlorobiphenyl-4,4'-diyl)didiazene-2,1-diyl]bis(5-oxo-1-phenyl-4,5-dihydro-1H-pyrazole-3-carboxylate)",CCOC(=O)C1=NN(c2ccccc2)C(=O)C1N=Nc1ccc(-c2ccc(N=NC3C(=O)N(c4ccccc4)N=C3C(=O)OCC)c(Cl)c2)cc1Cl
A-5824,8-methylnonyl methacrylate,C=C(C)C(=O)OCCCCCCCC(C)C
A-5835,"4-[(E)-2-[2-chloro-5-(trifluoromethyl)phenyl]diazen-1-yl]-N-(2,5-dichloro-4-{4-[(E)-2-[2-chloro-5-(trifluoromethyl)phenyl]diazen-1-yl]-3-hydroxynaphthalene-2-amido}phenyl)-3-hydroxynaphthalene-2-carboxamide",O=C(Nc1cc(Cl)c(NC(=O)C2=Cc3ccccc3/C(=N\Nc3cc(C(F)(F)F)ccc3Cl)C2=O)cc1Cl)C1=Cc2ccccc2/C(=N/Nc2cc(C(F)(F)F)ccc2Cl)C1=O
A-5836,"dibenzylbenzene, ar-methyl derivative",Cc1cccc(Cc2ccccc2)c1Cc1ccccc1
A-5839,"2-[(E)-2-{2-oxo-1-[(2-oxo-2,3-dihydro-1H-1,3-benzodiazol-5-yl)carbamoyl]propyl}diazen-1-yl]benzoic acid",CC(=O)C(N=Nc1ccccc1C(=O)O)C(=O)Nc1ccc2[nH]c(=O)[nH]c2c1
A-5842,"4-[(E)-2-(2,5-dichlorophenyl)diazen-1-yl]-3-hydroxy-N-(2-oxo-2,3-dihydro-1H-1,3-benzodiazol-5-yl)naphthalene-2-carboxamide",O=C(Nc1ccc2[nH]c(=O)[nH]c2c1)C1=Cc2ccccc2/C(=N/Nc2cc(Cl)ccc2Cl)C1=O
A-5847,cyclododecane,C1CCCCCCCCCCC1
A-5849,hexyl 2-[4-(diethylamino)-2-hydroxybenzoyl]benzoate,CCCCCCOC(=O)c1ccccc1C(=O)c1ccc(N(CC)CC)cc1O
A-5853,"2,3-dibutyl 1,4,5,6,7,7-hexachlorobicyclo[2.2.1]hept-5-ene-2,3-dicarboxylate",CCCCOC(=O)C1C(C(=O)OCCCC)C2(Cl)C(Cl)=C(Cl)C1(Cl)C2(Cl)Cl
A-5854,Solvent orange 60,O=C1c2ccccc2C2=Nc3cccc4cccc(c34)N12
A-5863,"2,9-dichloro-5,7,12,14-tetrahydro-5,12-diazapentacene-7,14-dione",O=c1c2cc(Cl)ccc2[nH]c2cc3c(=O)c4cc(Cl)ccc4[nH]c3cc12
A-5864,"3-oxo-N-(2-oxo-2,3-dihydro-1H-1,3-benzodiazol-5-yl)-2-[(E)-2-[2-(trifluoromethyl)phenyl]diazen-1-yl]butanamide",CC(=O)C(N=Nc1ccccc1C(F)(F)F)C(=O)Nc1ccc2[nH]c(=O)[nH]c2c1
A-5865,"bis(2-chloroethyl) 3,3'-[(2,5-dimethyl-p-phenylene)bis[iminocarbonyl(2-hydroxy-1,3-naphthylene)azo]]di-p-toluate",Cc1ccc(C(=O)OCCCl)cc1N/N=C1/C(=O)C(C(=O)Nc2cc(C)c(NC(=O)C3=Cc4ccccc4/C(=N/Nc4c(C)cccc4C(=O)OCCCl)C3=O)cc2C)=Cc2ccccc21
A-5868,10-[(2-methylprop-2-enoyl)oxy]decyl 2-methylprop-2-enoate,C=C(C)C(=O)OCCCCCCCCCCOC(=O)C(=C)C
A-5872,"4,11-dichloro-5,7,12,14-tetrahydro-5,12-diazapentacene-7,14-dione",O=c1c2cc3[nH]c4c(Cl)cccc4c(=O)c3cc2[nH]c2c(Cl)cccc12
A-5883,decanoyl decaneperoxoate,CCCCCCCCCC(=O)OOC(=O)CCCCCCCCC
A-5895,4-[(E)-2-(4-carbamoylphenyl)diazen-1-yl]-N-(2-ethoxyphenyl)-3-hydroxynaphthalene-2-carboxamide,CCOc1ccccc1NC(=O)C1=Cc2ccccc2/C(=N\Nc2ccc(C(N)=O)cc2)C1=O
A-5899,"N-(3-chloro-4-{4-[(E)-2-(2,5-dichlorophenyl)diazen-1-yl]-3-hydroxynaphthalene-2-amido}phenyl)-4-[(E)-2-(2,5-dichlorophenyl)diazen-1-yl]-3-hydroxynaphthalene-2-carboxamide",O=C(Nc1ccc(NC(=O)C2=Cc3ccccc3/C(=N\Nc3cc(Cl)ccc3Cl)C2=O)c(Cl)c1)C1=Cc2ccccc2/C(=N\Nc2cc(Cl)ccc2Cl)C1=O
A-5901,12-[(2-methylprop-2-enoyl)oxy]dodecyl 2-methylprop-2-enoate,C=C(C)C(=O)OCCCCCCCCCCCCOC(=O)C(=C)C
A-5909,"N-(4-carbamoylphenyl)-4-[(E)-2-{2-oxo-1-[(2-oxo-2,3-dihydro-1H-1,3-benzodiazol-5-yl)carbamoyl]propyl}diazen-1-yl]benzamide",CC(=O)C(N=Nc1ccc(C(=O)Nc2ccc(C(N)=O)cc2)cc1)C(=O)Nc1ccc2[nH]c(=O)[nH]c2c1
A-5918,"2,2'-[(3,3'-dichlorobiphenyl-4,4'-diyl)didiazene-2,1-diyl]bis[N-(4-ethoxyphenyl)-3-oxobutanamide]",CCOc1ccc(NC(=O)C(N=Nc2ccc(-c3ccc(N=NC(C(C)=O)C(=O)Nc4ccc(OCC)cc4)c(Cl)c3)cc2Cl)C(C)=O)cc1
A-5919,1-({[(piperidine-1-carbothioyldisulfanyl)disulfanyl]disulfanyl}methanethioyl)piperidine,S=C(SSSSSSC(=S)N1CCCCC1)N1CCCCC1
A-5920,"5,7,12,14-tetrahydro-5,12-diazapentacene-7,14-dione",O=c1c2ccccc2[nH]c2cc3c(=O)c4ccccc4[nH]c3cc12
A-5922,N-(5-chloro-2-methylphenyl)-3-hydroxy-4-[(E)-2-[2-methoxy-5-(phenylcarbamoyl)phenyl]diazen-1-yl]naphthalene-2-carboxamide,COc1ccc(C(=O)Nc2ccccc2)cc1N/N=C1\C(=O)C(C(=O)Nc2cc(Cl)ccc2C)=Cc2ccccc21
A-5923,"1,2-Benzenedicarboxylic acid, benzyl C7-9-branched and linear alkyl esters",CCCCCCCCOC(=O)c1ccccc1C(=O)OCc1ccccc1
A-5925,"3-hydroxy-4-[(E)-2-[2-methoxy-5-(phenylcarbamoyl)phenyl]diazen-1-yl]-N-(2-oxo-2,3-dihydro-1H-1,3-benzodiazol-5-yl)naphthalene-2-carboxamide",COc1ccc(C(=O)Nc2ccccc2)cc1N/N=C1\C(=O)C(C(=O)Nc2ccc3[nH]c(=O)[nH]c3c2)=Cc2ccccc21
A-5928,"N-[(1,1,3,3-tetramethylbutyl)phenyl]naphthalen-1-amine",CC(C)(C)CC(C)(C)N(c1ccccc1)c1cccc2ccccc12
A-5929,"4-[(E)-2-(2,5-dichlorophenyl)diazen-1-yl]-3-hydroxy-N-(2-methoxyphenyl)naphthalene-2-carboxamide",COc1ccccc1NC(=O)C1=Cc2ccccc2/C(=N\Nc2cc(Cl)ccc2Cl)C1=O
A-5930,"2-{[(2-{[3-(3,5-di-tert-butyl-4-hydroxyphenyl)propanoyl]oxy}ethyl)carbamoyl]formamido}ethyl 3-(3,5-di-tert-butyl-4-hydroxyphenyl)propanoate",CC(C)(C)c1cc(CCC(=O)OCCNC(=O)C(=O)NCCOC(=O)CCc2cc(C(C)(C)C)c(O)c(C(C)(C)C)c2)cc(C(C)(C)C)c1O
A-5932,isohexadecyl 12-[(1-oxooctadecyl)oxy]octadecanoate,CCCCCCCCCCCCCCCCCC(=O)OC(CCCCCC)CCCCCCCCCCC(=O)OCCCCCCCCCCCCCC(C)C
A-5933,"(2R)-2,5,7,8-tetramethyl-2-[(4R,8R)-4,8,12-trimethyltridecyl]-3,4-dihydro-2H-1-benzopyran-6-ol",Cc1c(C)c2c(c(C)c1O)CC[C@@](C)(CCC[C@H](C)CCC[C@H](C)CCCC(C)C)O2
A-5934,"(2R)-2,5,7,8-tetramethyl-2-[(4R,8R)-4,8,12-trimethyltridecyl]-3,4-dihydro-2H-1-benzopyran-6-ol; (2R)-2,5,8-trimethyl-2-[(4R,8R)-4,8,12-trimethyltridecyl]-3,4-dihydro-2H-1-benzopyran-6-ol; (2R)-2,7,8-trimethyl-2-[(4R,8R)-4,8,12-trimethyltridecyl]-3,4-dihydro-2H-1-benzopyran-6-ol; (2R)-2,8-dimethyl-2-[(4R,8R)-4,8,12-trimethyltridecyl]-3,4-dihydro-2H-1-benzopyran-6-ol",Cc1c(O)cc2c(c1C)OC(C)(CCCC(C)CCCC(C)CCCC(C)C)CC2
A-5937,2-(hydroxymethyl)-2-[(oleoyloxy)methyl]butyl octadec-9-enoate (non-preferred name),CCCCCCCC/C=C\CCCCCCCC(=O)OCC(CC)(CO)COC(=O)CCCCCCC/C=C\CCCCCCCC
A-5940,2-[(E)-2-(2-chloro-4-{3-chloro-4-[(E)-2-{1-[(2-methylphenyl)carbamoyl]-2-oxopropyl}diazen-1-yl]phenyl}phenyl)diazen-1-yl]-N-(2-methylphenyl)-3-oxobutanamide,CC(=O)C(N=Nc1ccc(-c2ccc(N=NC(C(C)=O)C(=O)Nc3ccccc3C)c(Cl)c2)cc1Cl)C(=O)Nc1ccccc1C
A-5941,"4-[(E)-2-(1-butyl-5-cyano-2-hydroxy-4-methyl-6-oxo-1,6-dihydropyridin-3-yl)diazen-1-yl]-N-(2-ethylhexyl)benzene-1-sulfonamide",CCCCC(CC)CNS(=O)(=O)c1ccc(N=Nc2c(C)c(C#N)c(=O)n(CCCC)c2O)cc1
A-5951,"4-[(E)-2-(2,3-dichlorophenyl)diazen-1-yl]-N-(5-{4-[(E)-2-(2,3-dichlorophenyl)diazen-1-yl]-3-hydroxynaphthalene-2-amido}naphthalen-1-yl)-3-hydroxynaphthalene-2-carboxamide",O=C(Nc1cccc2c(NC(=O)C3=Cc4ccccc4/C(=N\Nc4cccc(Cl)c4Cl)C3=O)cccc12)C1=Cc2ccccc2/C(=N/Nc2cccc(Cl)c2Cl)C1=O
A-5954,2-{2-[2-chloro-4-(3-chloro-4-{2-[2-oxo-1-(phenylcarbamoyl)propyl]diazen-1-yl}phenyl)phenyl]diazen-1-yl}-3-oxo-N-phenylbutanamide,CC(=O)C(N=Nc1ccc(-c2ccc(N=NC(C(C)=O)C(=O)Nc3ccccc3)c(Cl)c2)cc1Cl)C(=O)Nc1ccccc1
A-5958,"1,1,2,2,3,3,3-heptafluoro-N,N-bis(heptafluoropropyl)propan-1-amine",FC(F)(F)C(F)(F)C(F)(F)N(C(F)(F)C(F)(F)C(F)(F)F)C(F)(F)C(F)(F)C(F)(F)F
A-5959,"2-[(E)-2-(2-chloro-4-{3-chloro-4-[(E)-2-{1-[(2,4-dimethylphenyl)carbamoyl]-2-oxopropyl}diazen-1-yl]phenyl}phenyl)diazen-1-yl]-N-(2,4-dimethylphenyl)-3-oxobutanamide",CC(=O)C(N=Nc1ccc(-c2ccc(N=NC(C(C)=O)C(=O)Nc3ccc(C)cc3C)c(Cl)c2)cc1Cl)C(=O)Nc1ccc(C)cc1C
A-5961,"2-[(1-amino-4-hydroxy-9,10-dioxo-9,10-dihydroanthracen-2-yl)oxy]ethyl ethyl carbonate",CCOC(=O)OCCOc1cc(O)c2c(c1N)C(=O)c1ccccc1C2=O
A-5964,tetratrimethylsilyl silicate,C[Si](C)(C)O[Si](O[Si](C)(C)C)(O[Si](C)(C)C)O[Si](C)(C)C
A-5965,"1,3-dibromo-5-{2-[3,5-dibromo-4-(2,3-dibromopropoxy)phenyl]propan-2-yl}-2-(2,3-dibromopropoxy)benzene",CC(C)(c1cc(Br)c(OCC(Br)CBr)c(Br)c1)c1cc(Br)c(OCC(Br)CBr)c(Br)c1
A-5972,"1,4-bis(16-methylheptadecyl) 2-hydroxybutanedioate",CC(C)CCCCCCCCCCCCCCCOC(=O)CC(O)C(=O)OCCCCCCCCCCCCCCCC(C)C
A-5977,decyl 2-ethylhexanoate,CCCCCCCCCCOC(=O)C(CC)CCCC
A-5978,"3,5,5-trimethylhexyl 3,5,5-trimethylhexanoate",CC(CCOC(=O)CC(C)CC(C)(C)C)CC(C)(C)C
A-5979,tetradecyl octadecanoate,CCCCCCCCCCCCCCCCCC(=O)OCCCCCCCCCCCCCC
A-5982,"1-phenyldecane-1,3-dione",CCCCCCCC(=O)CC(=O)c1ccccc1
A-5991,"6-chloro-2-(6-chloro-4-methyl-3-oxo-2,3-dihydro-1-benzothiophen-2-ylidene)-4-methyl-2,3-dihydro-1-benzothiophen-3-one",Cc1cc(Cl)cc2c1C(=O)/C(=C1/Sc3cc(Cl)cc(C)c3C1=O)S2
A-5993,2-{[2-hydroxy-5-methyl-3-(1-methylcyclohexyl)phenyl]methyl}-4-methyl-6-(1-methylcyclohexyl)phenol,Cc1cc(Cc2cc(C)cc(C3(C)CCCCC3)c2O)c(O)c(C2(C)CCCCC2)c1
A-5995,"4,10-dibromonaphtho[7,8,1,2,3-nopqr]tetraphene-6,12-dione",O=c1c2cc(Br)c3cccc4c(=O)c5cc(Br)c6cccc1c6c5-c2c34
A-5996,"5-[(E)-2-(6-methyl-2-oxo-2,3-dihydro-1H-1,3-benzodiazol-5-yl)diazen-1-yl]-1,3-diazinane-2,4,6-trione",Cc1cc2c(cc1NNC1C(=O)NC(=O)NC1=O)=NC(=O)N=2
A-5997,"4-methyl-2,6-bis[(4-methylphenyl)amino]-5-{2-[2-(trifluoromethyl)phenyl]diazen-1-yl}pyridine-3-carbonitrile",Cc1ccc(Nc2nc(Nc3ccc(C)cc3)c(N=Nc3ccccc3C(F)(F)F)c(C)c2C#N)cc1
A-5998,C.i. Pigment Red 179,CN1C(=O)c2ccc3c4ccc5c6c(ccc(c7ccc(c2c37)C1=O)c64)C(=O)N(C)C5=O
A-5999,"2-(3-Methoxypropyl)-9(or 10)-methylbenzimidazo(2,1-b)benzo(lmn)(3,8)phenanthroline-1,3,6(2H)-trione",COCCCN1C(=O)c2ccc3c(=O)n4c5ccc(C)cc5nc4c4ccc(c2c34)C1=O
A-6001,"N,N'-phenylene-1,4-bis[4-[(2,5-dichlorophenyl)azo]-3-hydroxynaphthalene-2-carboxamide]",O=C(N=NNc1cc(Cl)c(-c2ccc(-c3cc(Cl)c(NN=NC(=O)c4cc5ccccc5cc4O)cc3Cl)cc2)cc1Cl)c1cc2ccccc2cc1O
A-6002,"Fatty acids, C5-9, tetraesters with pentaerythritol",CCCCCCCOCC(COCCCCCCC)(COCCCCCCC)COCCCCCCC
A-6005,"2,2'-biindole-3,3'(1H,1'H)-dione",O=C1/C(=C2/Nc3ccccc3C2=O)Nc2ccccc21
A-6006,propan-2-yl tetradecanoate,CCCCCCCCCCCCCC(=O)OC(C)C
A-6008,bis(nonylphenyl)amine,CCCCCCCCCc1cccc(Nc2cccc(CCCCCCCCC)c2)c1
A-6010,"ethyl 2-cyano-3,3-diphenylprop-2-enoate",CCOC(=O)C(C#N)=C(c1ccccc1)c1ccccc1
A-6011,"hexane-1,6-diyl bis[3-(3,5-di-tert-butyl-4-hydroxyphenyl)propanoate]",CC(C)(C)c1cc(CCC(=O)OCCCCCCOC(=O)CCc2cc(C(C)(C)C)c(O)c(C(C)(C)C)c2)cc(C(C)(C)C)c1O
A-6012,"tris(2,4-di-tert-butylphenyl) phosphite",CC(C)(C)c1ccc(OP(Oc2ccc(C(C)(C)C)cc2C(C)(C)C)Oc2ccc(C(C)(C)C)cc2C(C)(C)C)c(C(C)(C)C)c1
A-6017,2-tert-butyl-4-[1-(5-tert-butyl-4-hydroxy-2-methylphenyl)butyl]-5-methylphenol,CCCC(c1cc(C(C)(C)C)c(O)cc1C)c1cc(C(C)(C)C)c(O)cc1C
A-6018,octadecyl 3-{[3-(octadecyloxy)-3-oxopropyl]sulfanyl}propanoate,CCCCCCCCCCCCCCCCCCOC(=O)CCSCCC(=O)OCCCCCCCCCCCCCCCCCC
A-6026,2-methylpropyl dodecanoate,CCCCCCCCCCCC(=O)OCC(C)C
A-6027,3-methylbutyl octadec-9-enoate,CCCCCCCC/C=C/CCCCCCCC(=O)OCCC(C)C
A-6029,nonafluorobutane-1-sulfonyl fluoride,O=S(=O)(F)C(F)(F)C(F)(F)C(F)(F)C(F)(F)F
A-6030,"1,1'-methylenebis(4-fluorobenzene)",Fc1ccc(Cc2ccc(F)cc2)cc1
A-6035,"1,3-dibromo-2-(2,3-dibromo-2-methylpropoxy)-5-{2-[3,5-dibromo-4-(2,3-dibromo-2-methylpropoxy)phenyl]propan-2-yl}benzene",CC(Br)(CBr)COc1c(Br)cc(C(C)(C)c2cc(Br)c(OCC(C)(Br)CBr)c(Br)c2)cc1Br
A-6036,"2,4-di-tert-butylphenyl 3,5-di-tert-butyl-4-hydroxybenzoate",CC(C)(C)c1ccc(OC(=O)c2cc(C(C)(C)C)c(O)c(C(C)(C)C)c2)c(C(C)(C)C)c1
A-6038,"2,4-dichlorobenzoyl 2,4-dichlorobenzene-1-carboperoxoate",O=C(OOC(=O)c1ccc(Cl)cc1Cl)c1ccc(Cl)cc1Cl
A-6039,"2-ethyl-N,N-bis(2-ethylhexyl)hexan-1-amine",CCCCC(CC)CN(CC(CC)CCCC)CC(CC)CCCC
A-6040,"2,9-Bis(2-phenylethyl)anthra(2,1,9-def:6,5,10-d'e'f')diisoquinoline-1,3,8,10(2H,9H)-tetrone",O=C1c2ccc3c4ccc5c6c(ccc(c7ccc(c2c37)C(=O)N1CCc1ccccc1)c64)C(=O)N(CCc1ccccc1)C5=O
A-6042,2-heptadecyl-1H-imidazole,CCCCCCCCCCCCCCCCCc1ncc[nH]1
A-6044,"propane-2,2-diylbis(4,1-phenyleneoxypropane-3,1-diyl) bis(2-methylacrylate)",C=C(C)C(=O)OCCCOc1ccc(C(C)(C)c2ccc(OCCCOC(=O)C(=C)C)cc2)cc1
A-6048,"4,5,6,7-tetrachloro-2-[2-(4,5,6,7-tetrachloro-1,3-dioxo-2,3-dihydro-1H-inden-2-yl)quinolin-8-yl]-2,3-dihydro-1H-isoindole-1,3-dione",O=C1c2c(Cl)c(Cl)c(Cl)c(Cl)c2C(=O)C1c1ccc2cccc(N3C(=O)c4c(Cl)c(Cl)c(Cl)c(Cl)c4C3=O)c2n1
A-6050,"2,3-dihydroxypropyl tetradecanoate",CCCCCCCCCCCCCC(=O)OCC(O)CO
A-6051,"3-(5-chloro-1,3-benzoxazol-2-yl)-7-(diethylamino)-2H-chromen-2-one",CCN(CC)c1ccc2cc(-c3nc4cc(Cl)ccc4o3)c(=O)oc2c1
A-6054,"1,2,4-trinonyl benzene-1,2,4-tricarboxylate",CCCCCCCCCOC(=O)c1ccc(C(=O)OCCCCCCCCC)c(C(=O)OCCCCCCCCC)c1
A-6055,"triethoxy(2,4,4-trimethylpentyl)silane",CCO[Si](CC(C)CC(C)(C)C)(OCC)OCC
A-6056,"(4E)-4-[(5-chloro-2-methylphenyl)hydrazinylidene]-N-[4-[[(4Z)-4-[(5-chloro-2-methylphenyl)hydrazinylidene]-3-oxonaphthalene-2-carbonyl]amino]-2,5-dimethylphenyl]-3-oxonaphthalene-2-carboxamide",Cc1ccc(Cl)cc1N/N=C1\C(=O)C(C(=O)Nc2cc(C)c(NC(=O)C3=Cc4ccccc4/C(=N\Nc4cc(Cl)ccc4C)C3=O)cc2C)=Cc2ccccc21
A-6057,"1-({4-[(9,10-dioxo-9,10-dihydroanthracen-1-yl)amino]-6-phenyl-1,3,5-triazin-2-yl}amino)-9,10-dihydroanthracene-9,10-dione",O=C1c2ccccc2C(=O)c2c(Nc3nc(Nc4cccc5c4C(=O)c4ccccc4C5=O)nc(-c4ccccc4)n3)cccc21
A-6058,"2-cyano-N-methyl-2-[(1E)-3-(2,4,6-trioxo-1,3-diazinan-5-ylidene)-2,3-dihydro-1H-isoindol-1-ylidene]acetamide",CNC(=O)/C(C#N)=c1\[nH]c(=C2C(=O)NC(=O)NC2=O)c2ccccc12
A-6060,"5-[3-(2,4,6-trioxo-1,3-diazinan-5-ylidene)-2,3-dihydro-1H-isoindol-1-ylidene]-1,3-diazinane-2,4,6-trione",O=C1NC(=O)C(=c2[nH]c(=C3C(=O)NC(=O)NC3=O)c3ccccc23)C(=O)N1
A-6062,O~15~-acetylretinoic acid,CC(=O)OC/C=C(C)/C=C/C=C(C)/C=C/C1=C(C)CCCC1(C)C
A-6063,O~15~-propionylretinoic acid,CCC(=O)OC/C=C(C)/C=C/C=C(C)/C=C/C1=C(C)CCCC1(C)C
A-6068,"1,3-bis(tetradecanoyloxy)propan-2-yl tetradecanoate",CCCCCCCCCCCCCC(=O)OCC(COC(=O)CCCCCCCCCCCCC)OC(=O)CCCCCCCCCCCCC
A-6070,1-(4-Pentylcyclohexyl)-4-propylbenzene,CCCCCC1CCC(c2ccc(CCC)cc2)CC1
A-6071,"2-(2H-1,2,3-benzotriazol-2-yl)-4,6-bis(2-methylbutan-2-yl)phenol",CCC(C)(C)c1cc(-n2nc3ccccc3n2)c(O)c(C(C)(C)CC)c1
A-6072,2-[(E)-2-(3-chloro-4-{3-chloro-4-[(E)-2-[1-(hydrazinecarbonyl)-2-oxopropyl]diazen-1-yl]phenyl}phenyl)diazen-1-yl]-3-oxobutanehydrazide,CC(=O)C(N=Nc1ccc(-c2ccc(N=NC(C(C)=O)C(=O)NN)c(Cl)c2)c(Cl)c1)C(=O)NN
A-6074,Vat Orange 11,O=c1c2ccccc2c(=O)c2c1ccc1c3ccc4c(=O)c5c(ccc6c7ccc8c(=O)c9ccccc9c(=O)c8c7[nH]c65)c(=O)c4c3[nH]c12
A-6079,dodecyl 2-methylprop-2-enoate,C=C(C)C(=O)OCCCCCCCCCCCC
A-6081,octadecyl 2-methylprop-2-enoate,C=C(C)C(=O)OCCCCCCCCCCCCCCCCCC
A-6087,hexadecyl hexadecanoate,CCCCCCCCCCCCCCCCOC(=O)CCCCCCCCCCCCCCC
A-6088,"4-tert-butyl-2-(5-tert-butyl-2-oxo-2,3-dihydro-1-benzofuran-3-yl)phenyl 3,5-di-tert-butyl-4-hydroxybenzoate",CC(C)(C)c1ccc(OC(=O)c2cc(C(C)(C)C)c(O)c(C(C)(C)C)c2)c(C2C(=O)Oc3ccc(C(C)(C)C)cc32)c1
A-6091,"3-{2-[(3Z)-5-cyano-1,4-dimethyl-2,6-dioxo-1,2,3,6-tetrahydropyridin-3-ylidene]hydrazin-1-yl}phenyl benzenesulfonate",CC1=C(C#N)C(=O)N(C)C(=O)/C1=N\Nc1cccc(OS(=O)(=O)c2ccccc2)c1
A-6094,"3-[(2-ethylhexanoyl)oxy]-2,2-bis({[(2-ethylhexanoyl)oxy]methyl})propyl 2-ethylhexanoate",CCCCC(CC)C(=O)OCC(COC(=O)C(CC)CCCC)(COC(=O)C(CC)CCCC)COC(=O)C(CC)CCCC
A-6101,"1,2,3,4,5-pentabromo-6-pentabromophenoxybenzene",Brc1c(Br)c(Br)c(Oc2c(Br)c(Br)c(Br)c(Br)c2Br)c(Br)c1Br
A-6105,"1,1'-[iminobis(ethyleneiminoethylene)]bis[3-(octadecenyl)pyrrolidine-2,5-dione]",CCCCCCCCCCCCCCCCCCC1CC(=O)N(CCNCCNCCNCCN2C(=O)CC(CCCCCCCCCCCCCCCCCC)C2=O)C1=O
A-6108,1-(chloromethyl)-4-[4-(chloromethyl)phenyl]benzene,ClCc1ccc(-c2ccc(CCl)cc2)cc1
B-2,5-bromo-3-hydroxybenzaldehyde,O=Cc1cc(O)cc(Br)c1
B-4,hydroxyphenamate,CCC(O)(COC(N)=O)c1ccccc1
B-5,lactic acid,CC(O)C(=O)O
B-7,"2,6-dichlorobenzoic acid",O=C(O)c1c(Cl)cccc1Cl
B-8,"2,3,6-trichlorobenzoic acid",O=C(O)c1c(Cl)ccc(Cl)c1Cl
B-15,5-hydroxytryptamine,NCCc1c[nH]c2ccc(O)cc12
B-17,"2,4,5-trichlorobenzoic acid",O=C(O)c1cc(Cl)c(Cl)cc1Cl
B-18,"2,4-dichlorobenzoic acid",O=C(O)c1ccc(Cl)cc1Cl
B-22,5-bromouracil,O=c1[nH]cc(Br)c(=O)[nH]1
B-26,propylthiouracil,CCCc1cc(=O)[nH]c(=S)[nH]1
B-28,mechlorethamine,CN(CCCl)CCCl
B-31,thiotepa,S=P(N1CC1)(N1CC1)N1CC1
B-34,cysteine,NC(CS)C(=O)O
B-42,"uridine, 2'-deoxy-5-iodo-",O=c1[nH]c(=O)n(C2CC(O)C(CO)O2)cc1I
B-44,4-dimethylamino-3'-methylazobenzene,Cc1cccc(N=Nc2ccc(N(C)C)cc2)c1
B-45,isoflurophate,CC(C)OP(=O)(F)OC(C)C
B-47,4-aminobutyric acid,NCCCC(=O)O
B-50,adenosine triphosphate,Nc1ncnc2c1ncn2C1OC(COP(=O)(O)OP(=O)(O)OP(=O)(O)O)C(O)C1O
B-51,coumaphos,CCOP(=S)(OCC)Oc1ccc2c(C)c(Cl)c(=O)oc2c1
B-56,lysine,NCCCCC(N)C(=O)O
B-58,glycerophosphoric acid,O=P(O)(O)OCC(O)CO
B-59,3-isothiocyanato-1-propene,C=CCN=C=S
B-61,"1,1-dimethylhydrazine",CN(C)N
B-63,demerol,CCOC(=O)C1(c2ccccc2)CCN(C)CC1
B-66,"1,2-propanediol",CC(O)CO
B-74,librium,CN=C1CN(O)C(c2ccccc2)=c2cc(Cl)ccc2=N1
B-75,prochloroperazine,CN1CCN(CCCN2c3ccccc3Sc3ccc(Cl)cc32)CC1
B-80,nikethamide,CCN(CC)C(=O)c1cccnc1
B-81,2-(1h)-quinolinone,O=c1ccc2ccccc2[nH]1
B-82,sulfaquinoxaline,Nc1ccc(S(=O)(=O)Nc2cnc3ccccc3n2)cc1
B-84,"1,2-propanediol-3-(2-tolyloxy)",Cc1ccccc1OCC(O)CO
B-85,3-methyl-4-chlorophenol,Cc1cc(O)ccc1Cl
B-86,dl-methionine,CSCCC(N)C(=O)O
B-87,"1-propanol, 2,3-dimercapto-",OCC(S)CS
B-88,a-glucose-1-phosphate,O=P(O)(O)OC1OC(CO)C(O)C(O)C1O
B-89,n-nitrosomorpholine,O=NN1CCOCC1
B-90,dopa,NC(Cc1ccc(O)c(O)c1)C(=O)O
B-95,6-aminohexanoic acid,NCCCCCC(=O)O
B-102,mefenamic acid,Cc1cccc(Nc2ccccc2C(=O)O)c1C
B-107,"alanine, 2-methyl-",CC(C)(N)C(=O)O
B-108,cevadine,C/C=C(/C)C(=O)O[C@H]1CC[C@@]2(C)[C@@H]3CC[C@H]4[C@]5(O)C[C@H](O)[C@@]6(O)[C@@H](CN7C[C@@H](C)CC[C@H]7[C@@]6(C)O)[C@]5(O)C[C@@]42O[C@]13O
B-112,arecoline,COC(=O)C1=CCCN(C)C1
B-114,n-methyl o-(3-isopropylphenyl)carbamate,CNC(=O)Oc1cccc(C(C)C)c1
B-120,mebutamate,CCC(C)C(C)(COC(N)=O)COC(N)=O
B-125,o-phenanthroline,c1cnc2c(c1)ccc1cccnc12
B-126,pyridoxal,Cc1ncc(CO)c(C=O)c1O
B-131,acetone,CC(C)=O
B-132,dimethyl sulfoxide,CS(C)=O
B-142,hexachlorophene,Oc1c(Cl)cc(Cl)c(Cl)c1Cc1c(O)c(Cl)cc(Cl)c1Cl
B-145,deferoxamine,CC(=O)N(O)CCCCCNC(=O)CCC(=O)N(O)CCCCCNC(=O)CCC(=O)N(O)CCCCCN
B-146,histidine,NC(Cc1cnc[nH]1)C(=O)O
B-154,alizarine,O=C1c2ccccc2C(=O)c2c1ccc(O)c2O
B-167,hydrocyanic acid,C#N
B-171,ethylamine,CCN
B-174,formamide oxime,C=NO
B-176,ethylene oxide,C1CO1
B-181,isopropylamine,CC(C)N
B-182,iodoform,IC(I)I
B-183,2-methylaziridine,CC1CN1
B-190,acetone cyanohydrin,CC(C)(O)C#N
B-191,"1,1,1-trifluoro-2-chloroethane",FC(F)(F)CCl
B-196,dalapon,CC(Cl)(Cl)C(=O)O
B-197,"1,1,1-trichloro-2-propanol",CC(O)C(Cl)(Cl)Cl
B-199,"acetic acid, chlorodifluoro-",O=C(O)C(F)(F)Cl
B-201,"1,1,1,2-tetrachloro-2,2-difluoroethane",FC(F)(Cl)C(Cl)(Cl)Cl
B-202,"1,1,2,2,-tetrachlorodifluoroethane",FC(Cl)(Cl)C(F)(Cl)Cl
B-209,"2,2,3-trichloro-1,1-butanediol",CC(Cl)C(Cl)(Cl)C(O)O
B-213,"benzenemethanol, 4-amino-.alpha.,.alpha.-bis(4-a",Cc1cc(C(O)(c2ccc(N)cc2)c2ccc(N)cc2)ccc1N
B-214,triphenylcarbinol,OC(c1ccccc1)(c1ccccc1)c1ccccc1
B-215,"barbituric acid,5-me-5-phenyl-",CC1(c2ccccc2)C(=O)NC(=O)NC1=O
B-217,butalbital,C=CCC1(CC(C)C)C(=O)NC(=O)NC1=O
B-222,tabun,CCOP(=O)(C#N)N(C)C
B-224,acetyl tributyl citrate,CCCCOC(=O)CC(CC(=O)OCCCC)(OC(C)=O)C(=O)OCCCC
B-226,triethyl citrate,CCOC(=O)CC(O)(CC(=O)OCC)C(=O)OCC
B-227,"1,1,1-tris(hydroxymethyl)propane",CCC(CO)(CO)CO
B-229,"3-pentanol, 3-methyl-, carbamate",CCC(C)(CC)OC(N)=O
B-230,tri-p-cresyl phosphate,Cc1ccc(OP(=O)(Oc2ccc(C)cc2)Oc2ccc(C)cc2)cc1
B-231,carisoprodol,CCCC(C)(COC(N)=O)COC(=O)NC(C)C
B-232,dibutyl butylphosphonate,CCCCOP(=O)(CCCC)OCCCC
B-234,menazon,COP(=S)(OC)SCc1nc(N)nc(N)n1
B-238,"ethane, 1,1,2-tribromo-",BrCC(Br)Br
B-239,"1,2-dibromopropane",CC(Br)CBr
B-242,isobutylamine,CC(C)CN
B-247,"2,3-dichloropropene",C=C(Cl)CCl
B-248,chloroacetone,CC(=O)CCl
B-249,1-amino-2-propanol,CC(O)CN
B-250,"1,1-dichloropropane",CCC(Cl)Cl
B-251,bromoacetic acid,O=C(O)CBr
B-255,peroxyacetic acid,CC(=O)OO
B-257,dichloroacetic acid,O=C(O)C(Cl)Cl
B-259,d-pantothenic acid,CC(C)(CO)C(O)C(=O)NCCC(=O)O
B-263,"benzenesulfonamide, 4-amino-n-[5-(1-methylethyl)",CC(C)c1nnc(NS(=O)(=O)c2ccc(N)cc2)s1
B-264,"peroxide, bis(1-methyl-1-phenylethyl)",CC(C)(OOC(C)(C)c1ccccc1)c1ccccc1
B-265,p-tert-amylphenol,CCC(C)(C)c1ccc(O)cc1
B-270,chlormezanone,CN1C(=O)CCS(=O)(=O)C1c1ccc(Cl)cc1
B-274,purpurin,O=C1c2ccccc2C(=O)c2c(O)c(O)cc(O)c21
B-277,"benzoic acid, 2- bis(4-hydroxyphenyl)methyl -",O=C(O)c1ccccc1C(c1ccc(O)cc1)c1ccc(O)cc1
B-279,"1-amino-2-methyl-9,10-anthracenedione",Cc1ccc2c(c1N)C(=O)c1ccccc1C2=O
B-280,"1,8-anthraquinonedisulfonic acid",O=C1c2cccc(S(=O)(=O)O)c2C(=O)c2c1cccc2S(=O)(=O)O
B-282,cyclizine,CN1CCN(C(c2ccccc2)c2ccccc2)CC1
B-284,pindone,CC(C)(C)C(=O)C1C(=O)c2ccccc2C1=O
B-287,"4(1h)-quinolinone, 1-methyl-",Cn1ccc(=O)c2ccccc21
B-290,phytic acid,O=P(O)(O)O[C@H]1[C@H](OP(=O)(O)O)[C@@H](OP(=O)(O)O)[C@H](OP(=O)(O)O)[C@@H](OP(=O)(O)O)[C@H]1OP(=O)(O)O
B-292,o-terphenyl,c1ccc(-c2ccccc2-c2ccccc2)cc1
B-293,quininone,C=CC1CN2CCC1CC2C(=O)c1ccnc2ccc(OC)cc12
B-294,"2,6-dihydroxy-anthraquinone",O=C1c2ccc(O)cc2C(=O)c2ccc(O)cc21
B-296,diphenyl phthalate,O=C(Oc1ccccc1)c1ccccc1C(=O)Oc1ccccc1
B-298,didecyl phthalate,CCCCCCCCCCOC(=O)c1ccccc1C(=O)OCCCCCCCCCC
B-299,xanthoxyletin,COc1c2c(cc3oc(=O)ccc13)OC(C)(C)C=C2
B-300,8-chlorotheophylline,Cn1c(=O)c2[nH]c(Cl)nc2n(C)c1=O
B-301,"benzoic acid, 2-(4-chlorobenzoyl)-",O=C(O)c1ccccc1C(=O)c1ccc(Cl)cc1
B-303,3'-methylphthalanilic acid,Cc1cccc(NC(=O)c2ccccc2C(=O)O)c1
B-304,"2,7-naphthalenedisulfonic acid, 1-amino-",Nc1ccc(S(=O)(=O)O)c2cc(S(=O)(=O)O)ccc12
B-305,"1,6-naphthalenedisulfonic acid, 4-amino-",Nc1ccc(S(=O)(=O)O)c2ccc(S(=O)(=O)O)cc12
B-307,diphenylacetonitrile,N#CC(c1ccccc1)c1ccccc1
B-309,8-quinolinecarboxylic acid,O=C(O)c1cccc2cccnc12
B-310,"benzaldehyde, 3,4,5-trimethoxy-",COc1cc(C=O)cc(OC)c1OC
B-311,"benzoic acid, 2-hydroxy-, 3-methylbutyl ester",CC(C)CCOC(=O)c1ccccc1O
B-312,"benzoic acid, 2-hydroxy-, 2-hydroxyethyl ester",O=C(OCCO)c1ccccc1O
B-314,6-chloropurine,Clc1ncnc2nc[nH]c12
B-317,2-methyl-6-chlorophenol,Cc1cccc(Cl)c1O
B-318,"1,2,3-trihydroxybenzene",Oc1cccc(O)c1O
B-320,hexabromobenzene,Brc1c(Br)c(Br)c(Br)c(Br)c1Br
B-321,"1,3,5-trichloroisocyanuric acid",O=c1n(Cl)c(=O)n(Cl)c(=O)n1Cl
B-325,2-acetylthiophene,CC(=O)c1cccs1
B-331,"1,2-benzenedicarboxamide",NC(=O)c1ccccc1C(N)=O
B-334,"benzeneacetic acid, 2-carboxy-",O=C(O)Cc1ccccc1C(=O)O
B-337,"d-glycero-d-gulo-heptonic acid, .gamma.-lactone",O=C1OC(C(O)C(O)CO)C(O)C1O
B-338,chlorothymol,Cc1cc(O)c(C(C)C)cc1Cl
B-345,penicillic acid,C=C(C)C(=O)C(=CC(=O)O)OC
B-346,"d-gluconic acid, .delta.-lactone",O=C1OC(CO)C(O)C(O)C1O
B-347,"4,4-bis(dimethylamino)benzophenone",CN(C)c1ccc(C(=O)c2ccc(N(C)C)cc2)cc1
B-350,quinoxaline,c1ccc2nccnc2c1
B-351,2-naphthylamine,Nc1ccc2ccccc2c1
B-353,methapyrilene,CN(C)CCN(Cc1cccs1)c1ccccn1
B-354,4-phenylcatechol,Oc1ccc(-c2ccccc2)cc1O
B-355,m-terphenyl,c1ccc(-c2cccc(-c3ccccc3)c2)cc1
B-357,"2,3-naphthalenediol",Oc1cc2ccccc2cc1O
B-358,"ethanol, 2-(ethylphenylamino)-",CCN(CCO)c1ccccc1
B-359,"3,6-diaminoacridine",Nc1ccc2cc3ccc(N)cc3nc2c1
B-360,4-acetylbiphenyl,CC(=O)c1ccc(-c2ccccc2)cc1
B-362,"benzaldehyde, 2,5-dimethoxy-",COc1ccc(OC)c(C=O)c1
B-364,2-quinolinecarboxylic acid,O=C(O)c1ccc2ccccc2n1
B-368,"2-chloro-n,n-diallylacetamide",C=CCN(CC=C)C(=O)CCl
B-369,"2,4,5-tb",O=C(O)CCCOc1cc(Cl)c(Cl)cc1Cl
B-370,"1,3-butanedione, 1-phenyl-",CC(=O)CC(=O)c1ccccc1
B-371,"benzoic acid, anhydride",O=C(OC(=O)c1ccccc1)c1ccccc1
B-372,"2,4-d, isopropyl ester",CC(C)OC(=O)COc1ccc(Cl)cc1Cl
B-373,"benzoic acid, 4-amino-, 2-methylpropyl ester",CC(C)COC(=O)c1ccc(N)cc1
B-374,parethoxycaine,CCOc1ccc(C(=O)OCCN(CC)CC)cc1
B-377,"2,4-d, butyl ester",CCCCOC(=O)COc1ccc(Cl)cc1Cl
B-378,mcpb,Cc1cc(Cl)ccc1OCCCC(=O)O
B-379,"2,4-deb",O=C(OCCOc1ccc(Cl)cc1Cl)c1ccccc1
B-380,"2-ethyl-1,3-hexandiol",CCCC(O)C(CC)CO
B-382,triethylene glycol bis(2-ethylbutyrate),CCC(CC)C(=O)OCCOCCOCCOC(=O)C(CC)CC
B-384,"3,4-xylidine",Cc1ccc(N)cc1C
B-387,ethyl oxalate,CCOC(=O)C(=O)OCC
B-389,"2,3-dibromo-1-propanol",OCC(Br)CBr
B-390,"1,2,3-trichloropropane",ClCC(Cl)CCl
B-391,2-amino-1-butanol,CCC(N)CO
B-392,"3-chloro-1,2-propanediol",OCC(O)CCl
B-393,2-butanone oxime,CC/C(C)=N/O
B-398,soman,CC(OP(C)(=O)F)C(C)(C)C
B-400,2-(bis(1-methylethyl)amino)ethanol,CC(C)N(CCO)C(C)C
B-404,"phenol, 2,2'-thiobis 4,6-dichloro-",Oc1c(Cl)cc(Cl)cc1Sc1cc(Cl)cc(Cl)c1O
B-407,"pentanoic acid, 2-methyl-",CCCC(C)C(=O)O
B-408,ethyl lactate,CCOC(=O)C(C)O
B-410,isobutyl isobutyrate,CC(C)COC(=O)C(C)C
B-413,2-hydroxymethylfuran,OCc1ccco1
B-415,"1,2-benzenediol, 4-(1,1-dimethylethyl)-",CC(C)(C)c1ccc(O)c(O)c1
B-420,"benzenesulfonyl chloride, 4-iodo-",O=S(=O)(Cl)c1ccc(I)cc1
B-423,(dichloromethyl)benzene,ClC(Cl)c1ccccc1
B-424,picolinic acid,O=C(O)c1ccccn1
B-425,populin,O=C(OC[C@H]1O[C@@H](Oc2ccccc2CO)[C@H](O)[C@@H](O)[C@@H]1O)c1ccccc1
B-428,"4-oxo-4h-pyran-2,6-dicarboxylic acid",O=C(O)c1cc(=O)cc(C(=O)O)o1
B-432,p-(sec-butyl)phenol,CCC(C)c1ccc(O)cc1
B-434,gamma-terpinene,CC1=CCC(C(C)C)=CC1
B-436,terephthalic acid,O=C(O)c1ccc(C(=O)O)cc1
B-437,2-(diethylamino)-ethanol,CCN(CC)CCO
B-440,4-cyanopyridine,N#Cc1ccncc1
B-441,3-cyanopyridine,N#Cc1cccnc1
B-444,tetrahydropyran-2-methanol,OCC1CCCCO1
B-445,4-ethylmorpholine,CCN1CCOCC1
B-447,cloprop,CC(Oc1cccc(Cl)c1)C(=O)O
B-451,4-hydroxydiphenylmethane,Oc1ccc(Cc2ccccc2)cc1
B-455,"1,3,5-triethylbenzene",CCc1cc(CC)cc(CC)c1
B-456,"methanediamine, n,n,n',n'-tetraethyl-",CCN(CC)CN(CC)CC
B-457,entprol,CC(O)CN(CCN(CC(C)O)CC(C)O)CC(C)O
B-458,triallylamine,C=CCN(CC=C)CC=C
B-461,tri n-butylamine,CCCCN(CCCC)CCCC
B-464,(2-bromoethyl)benzene,BrCCc1ccccc1
B-465,n-methylbenzylamine,CNCc1ccccc1
B-468,4-methylacetanilide,CC(=O)Nc1ccc(C)cc1
B-470,thiacetazone,CC(=O)Nc1ccc(/C=N/NC(N)=S)cc1
B-471,p-toluenesulfonic acid,Cc1ccc(S(=O)(=O)O)cc1
B-472,"2-propenoic acid, 3-(4-methoxyphenyl)-, 2-ethoxy",CCOCCOC(=O)/C=C/c1ccc(OC)cc1
B-473,chlorphenesin,OCC(O)COc1ccc(Cl)cc1
B-476,1-phenyldecane,CCCCCCCCCCc1ccccc1
B-478,"2,5-tetrahydrofurandimethanol",OCC1CCC(CO)O1
B-484,1-hexyn-3-ol,C#CC(O)CCC
B-485,ethyl chloroacetate,CCOC(=O)CCl
B-486,methyl acetoacetate,COC(=O)CC(C)=O
B-487,s-butylacetate,CCC(C)OC(C)=O
B-491,"butanoic acid, 1,2-ethanediyl ester",CCCC(=O)OCCOC(=O)CCC
B-493,"hexanedioic acid, bis(2-methoxyethyl) ester",COCCOC(=O)CCCCC(=O)OCCOC
B-499,3-heptanone,CCCCC(=O)CC
B-501,"2,5-piperazinedione",O=C1CNC(=O)CN1
B-502,"1-propanol, 2-(2-hydroxypropoxy)-",CC(O)COC(C)CO
B-504,3-octanone,CCCCCC(=O)CC
B-506,"decanedioic acid, dimethyl ester",COC(=O)CCCCCCCCC(=O)OC
B-508,"1-propyne, 3-bromo-",C#CCBr
B-510,1-propanethiol,CCCS
B-512,3-chloropropylene,C=CCCl
B-515,allylamine,C=CCN
B-517,"1,2-diaminoethane",NCCN
B-518,allyl alcohol,C=CCO
B-520,ethylene glycol,OCCO
B-521,glyoxal,O=CC=O
B-524,taurine,NCCS(=O)(=O)O
B-525,isethionic acid,O=S(=O)(O)CCO
B-526,"2-methyl-2,4-pentanediol",CC(O)CC(C)(C)O
B-527,sarin,CC(C)OP(C)(=O)F
B-529,tetraethyl pyrophosphate,CCOP(=O)(OCC)OP(=O)(OCC)OCC
B-530,octamethyltrisiloxane,C[Si](C)(C)O[Si](C)(C)O[Si](C)(C)C
B-532,trichlorourethan,NC(=O)OCC(Cl)(Cl)Cl
B-533,4-methoxy-4-methyl-2-pentanone,COC(C)(C)CC(C)=O
B-534,1-bromo-3-methylbutane,CC(C)CCBr
B-536,"1,3-butanediol",CC(O)CCO
B-537,aldol,CC(O)CC=O
B-538,"acetamide, 2-cyano-",N#CCC(N)=O
B-539,butyric acid,CCCC(=O)O
B-542,n-methyl glycine,CNCC(=O)O
B-544,2-dimethylaminoethanol,CN(C)CCO
B-549,acetic anhydride,CC(=O)OC(C)=O
B-550,"2(5h)-furanone, 5-methylene-",C=C1C=CC(=O)O1
B-551,diethyl 3-methyl-5-pyrazolyl phosphate,CCOP(=O)(OCC)Oc1cc(C)[nH]n1
B-552,m-chlorotoluene,Cc1cccc(Cl)c1
B-553,metaldehyde (tetramer),CC1OC(C)OC(C)OC(C)O1
B-554,ethyl isovalerate,CCOC(=O)CC(C)C
B-556,"2,4,6-collidine",Cc1cc(C)nc(C)c1
B-561,4-methyl-2-pentyl acetate,CC(=O)OC(C)CC(C)C
B-563,4-methylpyridine,Cc1ccncc1
B-566,3-methylpyridine,Cc1cccnc1
B-567,n-methylmorpholine,CN1CCOCC1
B-569,"piperazine, 2-methyl-",CC1CNCCN1
B-570,2-methylpyrazine,Cc1cnccn1
B-573,"hexanedioic acid, bis(2-ethoxyethyl) ester",CCOCCOC(=O)CCCCC(=O)OCCOCC
B-574,3-hexyn-2-ol,CCC#CC(C)O
B-575,isobutyl vinyl ether,C=COCC(C)C
B-578,"1,3-dibromopropane",BrCCCBr
B-581,n-butylamine,CCCCN
B-582,ethylene cyanohydrin,N#CCCO
B-585,"ethanol, 2-hydrazino-",NNCCO
B-586,2-methoxyethanol,COCCO
B-593,"acetone, semicarbazone",CC(C)=NNC(N)=O
B-595,diethyl sebacate,CCOC(=O)CCCCCCCCC(=O)OCC
B-597,2-methoxyethyl acetate,COCCOC(C)=O
B-599,"1,4-dichlorobutane",ClCCCCCl
B-601,n-pentylamine,CCCCCN
B-605,1-pentanethiol,CCCCCS
B-607,2-chloroethyl vinyl ether,C=COCCCl
B-608,2-ethoxyethanol,CCOCCO
B-609,piperazine,C1CNCCN1
B-611,morpholine,C1COCCN1
B-615,"acetic acid, 2,2'-oxybis-",O=C(O)COCC(=O)O
B-617,heptanoic acid,CCCCCCC(=O)O
B-618,ethoxyethylacetate,CCOCCOC(C)=O
B-620,decanedioic acid,O=C(O)CCCCCCCCC(=O)O
B-623,diethylenetriamine,NCCNCCN
B-633,diethylene glycol monomethyl ether,COCCOCCO
B-637,diethylene glycol monoethyl ether,CCOCCOCCO
B-638,bis(2-chloroethoxy)methane,ClCCOCOCCCl
B-640,2-butoxyethanol acetate,CCCCOCCOC(C)=O
B-643,"1,2-bis(2-chloroethoxy)ethane",ClCCOCCOCCCl
B-645,diethylene glycol mono-n-butyl ether,CCCCOCCOCCO
B-646,methoxy triethylene glycol,COCCOCCOCCO
B-647,bis (2-ethoxy ethyl)  ether,CCOCCOCCOCC
B-648,ethoxytriethylene glycol,CCOCCOCCOCCO
B-650,"ethanol, 2- 2-(hexyloxy)ethoxy -",CCCCCCOCCOCCO
B-661,dimefox,CN(C)P(=O)(F)N(C)C
B-662,chlorendic acid,O=C(O)C1C(C(=O)O)C2(Cl)C(Cl)=C(Cl)C1(Cl)C2(Cl)Cl
B-663,2-amino-2-methylpropanediol,CC(N)(CO)CO
B-665,"2,2-diethyl-1,3-propanediol",CCC(CC)(CO)CO
B-667,octyldiphenyl phosphate,CCCCCCCCOP(=O)(Oc1ccccc1)Oc1ccccc1
B-668,diphenylmethyl phosphate,COP(=O)(Oc1ccccc1)Oc1ccccc1
B-669,tri-2-chloroethyl phosphate,O=P(OCCCl)(OCCCl)OCCCl
B-670,ethoate methyl,CCNC(=O)CSP(=S)(OC)OC
B-672,hydroxyacetone,CC(=O)CO
B-673,isopropenyl methyl ether,C=C(C)OC
B-674,tetrafluoroethylene,FC(F)=C(F)F
B-675,"1-(hydroxymethyl)-5,5-dimethylhydantoin",CC1(C)C(=O)NC(=O)N1CO
B-676,tetradifon,O=S(=O)(c1ccc(Cl)cc1)c1cc(Cl)c(Cl)cc1Cl
B-678,1-amino-4-hydroxyanthraquinone,Nc1ccc(O)c2c1C(=O)c1ccccc1C2=O
B-679,"1,5-anthraquinonedisulfonic acid",O=C1c2cccc(S(=O)(=O)O)c2C(=O)c2cccc(S(=O)(=O)O)c21
B-680,2-aminoanthraquinone,Nc1ccc2c(c1)C(=O)c1ccccc1C2=O
B-682,bis(methoxyethyl)phthalate,COCCOC(=O)c1ccccc1C(=O)OCCOC
B-684,hydrastine,COc1ccc2c(c1OC)C(=O)OC2C1c2cc3c(cc2CCN1C)OCO3
B-686,"1-naphthalenamine, n-ethyl-",CCNc1cccc2ccccc12
B-687,"1,3-dichloro-5,5-dimethylhydantoin",CC1(C)C(=O)N(Cl)C(=O)N1Cl
B-691,pyridaphenthion,CCOP(=S)(OCC)Oc1ccc(=O)n(-c2ccccc2)n1
B-693,"2-naphthalenesulfonic acid, 4-hydroxy-6-(phenyla",O=S(=O)(O)c1cc(O)c2cc(Nc3ccccc3)ccc2c1
B-694,isolan,Cc1cc(OC(=O)N(C)C)n(C(C)C)n1
B-695,bis (2-hydroxy-3tert-butyl-5-methylphenyl) metha,Cc1cc(Cc2cc(C)cc(C(C)(C)C)c2O)c(O)c(C(C)(C)C)c1
B-696,dimorpholamine,CCCCN(CCN(CCCC)C(=O)N1CCOCC1)C(=O)N1CCOCC1
B-698,"benzenemethanol, 4-chloro-.alpha.-phenyl-",OC(c1ccccc1)c1ccc(Cl)cc1
B-700,"benzoic acid, 2-(methylamino)-",CNc1ccccc1C(=O)O
B-701,bianisidine,Cc1cc(-c2ccc(N)c(C)c2)ccc1N
B-703,"benzaldehyde, 3,4-dimethoxy-",COc1ccc(C=O)cc1OC
B-704,"benzaldehyde, 4-ethoxy-3-methoxy-",CCOc1ccc(C=O)cc1OC
B-705,5-chloro-2-hydroxydiphenylmethane,Oc1ccc(Cl)cc1Cc1ccccc1
B-707,1h-purine,c1ncc2[nH]cnc2n1
B-708,"2,2'-dithiobisbenzothiazole",c1ccc2sc(SSc3nc4ccccc4s3)nc2c1
B-709,pyrethrin i,C=C/C=C\CC1=C(C)[C@@H](OC(=O)[C@@H]2[C@@H](C=C(C)C)C2(C)C)CC1=O
B-710,pyrethrin ii,C=C/C=C\CC1=C(C)[C@@H](OC(=O)[C@@H]2[C@@H](/C=C(\C)C(=O)OC)C2(C)C)CC1=O
B-713,propyl gallate,CCCOC(=O)c1cc(O)c(O)c(O)c1
B-719,2-anilinoethanol,OCCNc1ccccc1
B-724,succinyl peroxide,O=C(O)CCC(=O)OOC(=O)CCC(=O)O
B-726,"3-methylene-7-methyl-1,6-octadiene  (myrcene)",C=CC(=C)CCC=C(C)C
B-728,4-hydroxy-4-methyl-2-pentanone,CC(=O)CC(C)(C)O
B-731,dioctyl adipate,CCCCCCCCOC(=O)CCCCC(=O)OCCCCCCCC
B-732,1-[(2-aminoethyl)amino]-2-propanol,CC(O)CNCCN
B-735,"acetic acid, 2,2'-thiobis-",O=C(O)CSCC(=O)O
B-736,octanal,CCCCCCCC=O
B-737,diethylene glycol monobutyl ether acetate,CCCCOCCOCCOC(C)=O
B-738,n-decane,CCCCCCCCCC
B-740,n-dodecylamine,CCCCCCCCCCCCN
B-744,2-amino-2-methyl-1-propanol,CC(C)(N)CO
B-745,"1,2-dibromotetrafluoroethane",FC(F)(Br)C(F)(F)Br
B-749,sucrose octaacetate,CC(=O)OC[C@H]1O[C@@](COC(C)=O)(O[C@H]2O[C@H](COC(C)=O)[C@@H](OC(C)=O)[C@H](OC(C)=O)[C@H]2OC(C)=O)[C@@H](OC(C)=O)[C@@H]1OC(C)=O
B-750,"cyclohexanol, 1-ethynyl-, carbamate",C#CC1(OC(N)=O)CCCCC1
B-751,dipentaerythritol,OCC(CO)(CO)COCC(CO)(CO)CO
B-752,"tris(2,3-dibromopropyl) phosphate",O=P(OCC(Br)CBr)(OCC(Br)CBr)OCC(Br)CBr
B-753,demeton-s,CCOP(=O)(OCC)SCCSCC
B-754,"5,5-dimethyl-1,3-cyclohexanedione",CC1(C)CC(=O)CC(=O)C1
B-755,oxanamide,CCCC1OC1(CC)C(N)=O
B-756,hydroxyurea,NC(=O)NO
B-757,pyruvic acid,CC(=O)C(=O)O
B-759,trimethadione,CN1C(=O)OC(C)(C)C1=O
B-760,"benzamide, n- (4-aminophenyl)sulfonyl -",Nc1ccc(S(=O)(=O)NC(=O)c2ccccc2)cc1
B-763,"2,5-pyrrolidinedione, 1-bromo-",O=C1CCC(=O)N1Br
B-764,"1-chloro-2,5-pyrrolidinedione",O=C1CCC(=O)N1Cl
B-769,1-hydroxyanthraquinone,O=C1c2ccccc2C(=O)c2c(O)cccc21
B-771,"8-quinolinol,5-chloro-",Oc1ccc(Cl)c2cccnc12
B-773,2-phenylcinchoninic acid,O=C(O)c1cc(-c2ccccc2)nc2ccccc12
B-774,npa (naptalam),O=C(O)c1ccccc1C(=O)Nc1cccc2ccccc12
B-775,"naphthalene-1,3-diol",Oc1cc(O)c2ccccc2c1
B-776,captan,O=C1C2CC=CCC2C(=O)N1SC(Cl)(Cl)Cl
B-777,folpet,O=C1c2ccccc2C(=O)N1SC(Cl)(Cl)Cl
B-778,3-indolebutyric acid,O=C(O)CCCc1c[nH]c2ccccc12
B-780,"phenol, 2,4-dichloro-3,5-dimethyl-",Cc1cc(O)c(Cl)c(C)c1Cl
B-781,"3,5-diiodosalicylic acid",O=C(O)c1cc(I)cc(I)c1O
B-783,"benzoic acid, 2-(acetyloxy)-, phenyl ester",CC(=O)Oc1ccccc1C(=O)Oc1ccccc1
B-785,4-amino-4'-chlorodiphenyl,Nc1ccc(-c2ccc(Cl)cc2)cc1
B-786,"1,3-diphenyl-1-triazene",c1ccc(N=NNc2ccccc2)cc1
B-788,"2,4,5-trimethylaniline",Cc1cc(C)c(N)cc1C
B-792,butyl lactate,CCCCOC(=O)C(C)O
B-793,"benzenesulfonic acid, 3-hydrazino-",NNc1cccc(S(=O)(=O)O)c1
B-794,"benzenesulfonamide, 4-(aminomethyl)-",NCc1ccc(S(N)(=O)=O)cc1
B-798,nitrilotriacetic acid,O=C(O)CN(CC(=O)O)CC(=O)O
B-799,"3,4-dihydroxybenzaldehyde",O=Cc1ccc(O)c(O)c1
B-800,"2-thiophenepropanoic acid, .alpha.-amino-",NC(Cc1cccs1)C(=O)O
B-804,"1,2-ethanediamine, n,n'-bis(phenylmethyl)-",c1ccc(CNCCNCc2ccccc2)cc1
B-808,cyclopentylproprionic acid,O=C(O)CCC1CCCC1
B-810,"butanedioic acid, dibutyl ester",CCCCOC(=O)CCC(=O)OCCCC
B-811,diethyl maleate,CCOC(=O)/C=C\C(=O)OCC
B-812,diethylhexanedioate,CCOC(=O)CCCCC(=O)OCC
B-815,decamethyltetrasiloxane,C[Si](C)(C)O[Si](C)(C)O[Si](C)(C)O[Si](C)(C)C
B-816,dicrotophos,COP(=O)(OC)O/C(C)=C/C(=O)N(C)C
B-817,3-iodopropionic acid,O=C(O)CCI
B-819,malonic acid,O=C(O)CC(=O)O
B-823,"acetamide, n-(2-hydroxyethyl)-",CC(=O)NCCO
B-825,"1,2-hydrazinecarbothioamide",NC(=S)NNC(N)=S
B-829,n-hexyl acetate,CCCCCCOC(C)=O
B-831,"1-hexanamine, n-hexyl-",CCCCCCNCCCCCC
B-832,triethylene glycol butyl ether,CCCCOCCOCCOCCO
B-835,"1,3-dioxolane-4,4-diacetic acid, 5-oxo-",O=C(O)CC1(CC(=O)O)OCOC1=O
B-838,fluoroacetic acid,O=C(O)CF
B-841,dl-allothreonine,CC(O)C(N)C(=O)O
B-846,flumethazide,NS(=O)(=O)c1cc2c(cc1C(F)(F)F)NC=NS2(=O)=O
B-847,thiabendazole,c1ccc2[nH]c(-c3cscn3)nc2c1
B-848,"2,4-des",O=S(=O)(O)OCCOc1ccc(Cl)cc1Cl
B-849,"3,4,5-trihydroxybenzoic acid",O=C(O)c1cc(O)c(O)c(O)c1
B-854,octamethylpyrophosphoramide,CN(C)P(=O)(OP(=O)(N(C)C)N(C)C)N(C)C
B-855,vicine,Nc1nc(=O)c(O[C@@H]2O[C@H](CO)[C@@H](O)[C@H](O)[C@H]2O)c(N)[nH]1
B-856,"1,3-bis(2-chloroet)-1-nitrosourea",O=NN(CCCl)C(=O)NCCCl
B-858,"1,6-dioxaspiro[4,4]nonane",C1COC2(C1)CCCO2
B-861,"indeno(1,2,3-cd)pyrene",c1ccc2c(c1)-c1ccc3ccc4cccc5cc-2c1c3c45
B-862,"7h-dibenzo(c,g)carbazole",c1ccc2c(c1)ccc1[nH]c3ccc4ccccc4c3c12
B-863,benzo(c)phenanthrene,c1ccc2c(c1)ccc1ccc3ccccc3c12
B-864,"benz(a,j)aceanthrylene",c1ccc2c(c1)-c1cccc3cc4c(ccc5ccccc54)c-2c13
B-865,"4,5-methylenephenanthrene",c1cc2c3c(c1)ccc1cccc(c13)C2
B-870,"14h-dibenzo[a,j]phenothiazine",c1ccc2c3c(ccc2c1)Sc1ccc2ccccc2c1N3
B-871,"7h-dibenzo[c,h]phenothiazine",c1ccc2c3c(ccc2c1)Nc1ccc2ccccc2c1S3
B-872,12h-benzo[c]phenothiazine,c1ccc2c(c1)Nc1c(ccc3ccccc13)S2
B-873,7h-benzo[c]phenothiazine,c1ccc2c(c1)Nc1ccc3ccccc3c1S2
B-874,"dibenz(a,h)acridine",c1ccc2c(c1)ccc1nc3c(ccc4ccccc43)cc12
B-876,"1h-1,2,3-triazolo[4,5-d]pyrimidine",c1ncc2n[nH]nc2n1
B-877,"1,4-diazabicyclo(2,2,2)octane  (dabco)",C1CN2CCN1CC2
B-879,iso-oxazole,c1cnoc1
B-883,thionazin,CCOP(=S)(OCC)Oc1cnccn1
B-886,demeton-o,CCOP(=S)(OCC)OCCSCC
B-891,"l-tyrosine, 3,5-dibromo-",N[C@@H](Cc1cc(Br)c(O)c(Br)c1)C(=O)O
B-893,oxydemeton methyl,CCS(=O)CCSP(=O)(OC)OC
B-896,aconitine,CCN1C[C@]2(COC)[C@H](O)C[C@H](OC)[C@]34C1[C@H]([C@H](OC)[C@H]23)[C@]1(OC(C)=O)[C@H]2[C@@H](OC(=O)c3ccccc3)[C@](O)(C[C@H]24)[C@@H](OC)[C@@H]1O
B-897,meparfynol carbamate,C#CC(C)(CC)OC(N)=O
B-901,"1,1,1-trifluoro-2,2-dichloroethane",FC(F)(F)C(Cl)Cl
B-903,2-chlorovinyl diethyl phosphate,CCOP(=O)(O/C=C/Cl)OCC
B-906,isocil,Cc1[nH]c(=O)n(C(C)C)c(=O)c1Br
B-907,mexacarbate,CNC(=O)Oc1cc(C)c(N(C)C)c(C)c1
B-909,5-chlorosalicylic acid,O=C(O)c1cc(Cl)ccc1O
B-910,1-fluoronaphthalene,Fc1cccc2ccccc12
B-911,"acetamide, n-(4-fluoro-2-methylphenyl)-",CC(=O)Nc1ccc(F)cc1C
B-912,"acetamide, n-(2-fluoro-4-methylphenyl)-",CC(=O)Nc1ccc(C)cc1F
B-913,"1,2,4,5-tetrafluorobenzene",Fc1cc(F)c(F)cc1F
B-915,chlorogenic acid,O=C(/C=C/c1ccc(O)c(O)c1)O[C@@H]1C[C@](O)(C(=O)O)C[C@@H](O)[C@H]1O
B-916,leucine,CC(C)CC(N)C(=O)O
B-917,cyclohexyl methylphosphonofluoridate,CP(=O)(F)OC1CCCCC1
B-919,o-fluorobenzyl chloride,Fc1ccccc1CCl
B-920,1-chloro-2-fluorobenzene,Fc1ccccc1Cl
B-921,"benzene, 1-fluoro-4-iodo-",Fc1ccc(I)cc1
B-923,fluoroethane,CCF
B-927,2-fluoroethanol,OCCF
B-928,isopestox,CC(C)NP(=O)(F)NC(C)C
B-930,"1,1,1-trifluoro-2-propanol",CC(O)C(F)(F)F
B-931,"1,1-dichloro-1,2,2,2-tetrafluoroethane",FC(F)(F)C(F)(Cl)Cl
B-932,"acetic acid, difluoro-",O=C(O)C(F)F
B-935,4-fluoro-2-propyl-phenol,CCCc1cc(F)ccc1O
B-938,"benzoic acid, 2-(trifluoromethyl)-",O=C(O)c1ccccc1C(F)(F)F
B-944,iodamide,CC(=O)NCc1c(I)c(NC(C)=O)c(I)c(C(=O)O)c1I
B-946,"benzeneacetic acid, 2,5-dihydroxy-",O=C(O)Cc1cc(O)ccc1O
B-947,1h-purin-2-amine,Nc1ncc2[nH]cnc2n1
B-948,"3-furanol, tetrahydro-",OC1CCOC1
B-950,m-fluorobenzyl chloride,Fc1cccc(CCl)c1
B-951,2-propylpiperidine,CCC[C@H]1CCCCN1
B-952,"ethane, 1,1-difluoro-2-methoxy-",COCC(F)F
B-954,3-aminopyridine,Nc1cccnc1
B-955,n-(aminocarbonyl)glycine,NC(=O)NCC(=O)O
B-956,".beta.-alanine, n-(aminocarbonyl)-",NC(=O)NCCC(=O)O
B-959,quinamine,C=C[C@H]1CN2CC[C@H]1C[C@H]2[C@@]12Nc3ccccc3[C@]1(O)CCO2
B-960,aspidospermine,CC[C@@]12CCCN3CC[C@]4(c5cccc(OC)c5N(C(C)=O)[C@@H]4CC1)[C@H]32
B-961,flurenol,O=C(O)C1(O)c2ccccc2-c2ccccc21
B-964,"1,1'-sulfonylbis(2-chloroethane)",O=S(=O)(CCCl)CCCl
B-965,methylguanidine,CN=C(N)N
B-966,thiazolsulfone,Nc1ccc(S(=O)(=O)c2cnc(N)s2)cc1
B-968,"cyclobutaneacetic acid, 3-acetyl-2,2-dimethyl-",CC(=O)C1CC(CC(=O)O)C1(C)C
B-973,picropodophyllin,COc1cc([C@@H]2c3cc4c(cc3[C@H](O)[C@H]3COC(=O)[C@@H]23)OCO4)cc(OC)c1OC
B-979,aucubin,OCC1=C[C@@H](O)[C@@H]2C=CO[C@@H](O[C@@H]3O[C@H](CO)[C@@H](O)[C@H](O)[C@H]3O)[C@H]12
B-981,"2,4,6-trimethylbenzoic acid",Cc1cc(C)c(C(=O)O)c(C)c1
B-982,"benzoic acid, 2,6-dihydroxy-4-methyl-",Cc1cc(O)c(C(=O)O)c(O)c1
B-987,fervenulin,Cn1c(=O)c2ncnnc2n(C)c1=O
B-990,iridomyrmecin,CC1CCC2C(C)C(=O)OCC12
B-993,caulophylline,CN1C[C@@H]2C[C@@H](C1)c1cccc(=O)n1C2
B-994,lumazine,O=c1[nH]c(=O)c2nccnc2[nH]1
B-995,"1h-pyrrole-3-propanoic acid, 2,5-dihydro-4-methy",CC1=C(CCC(=O)O)C(=O)NC1=O
B-997,"azulene, 1,4-dimethyl-7-(1-methylethyl)-",Cc1ccc(C(C)C)cc2c(C)ccc1-2
B-999,1(2h)-isoquinolinone,O=c1[nH]ccc2ccccc12
B-1000,chrysarobin,Cc1cc(O)c2c(O)c3c(O)cccc3cc2c1
B-1001,leucopterin,Nc1nc(=O)c2[nH]c(=O)c(=O)[nH]c2[nH]1
B-1002,atropic acid,C=C(C(=O)O)c1ccccc1
B-1003,2-amino-1-phenyl-propan-1-ol,C[C@H](N)[C@@H](O)c1ccccc1
B-1006,anabasine,c1cncc([C@@H]2CCCCN2)c1
B-1007,gentisyl alcohol,OCc1cc(O)ccc1O
B-1008,bayer 15080,O=Nc1ccc(NNC(=O)c2ccccc2)cc1
B-1009,salinazid,O=C1C=CC=C/C1=C/NNC(=O)c1ccncc1
B-1011,"2-butenal, 2-methyl-, (e)-",C/C=C(\C)C=O
B-1012,"1,3-dioxolane, 2-methyl-",CC1OCCO1
B-1013,norcamphor,O=C1CC2CCC1C2
B-1014,"3-hydroxy-4-oxo-4h-pyran-2,6-dicarboxylic acid",O=C(O)C1=CC(=O)C(=O)C(=C(O)O)O1
B-1015,"ethanone, 1-(4-hydroxy-3-methoxyphenyl)-",COc1cc(C(C)=O)ccc1O
B-1019,beta-eucaine,CC1CC(OC(=O)c2ccccc2)CC(C)(C)N1
B-1020,"acetic acid, oxo(phenylamino)-",O=C(O)C(=O)Nc1ccccc1
B-1021,n-benzyl-3-chloropropanamide,O=C(CCCl)NCc1ccccc1
B-1022,"2-butenoic acid, 4-[(aminocarbonyl)amino]-4-oxo-",NC(=O)NC(=O)C=CC(=O)O
B-1023,bis(ethylxanthogen),CCOC(=S)SSC(=S)OCC
B-1025,trimethyleneoxide,C1COC1
B-1029,4-aminopyridine,Nc1ccncc1
B-1030,2-aminopyridine,Nc1ccccn1
B-1031,"1,4-dithiane",C1CSCCS1
B-1032,suberic acid,O=C(O)CCCCCCC(=O)O
B-1034,di-2-chloroethyl sulfide,ClCCSCCCl
B-1036,iodine cyanide,N#CI
B-1037,2-bromo-2-methylpropane,CC(C)(C)Br
B-1040,hydrocortisone tebutate,CC(C)(C)CC(=O)OCC(=O)C1(O)CCC2C3CCC4=CC(=O)CCC4(C)C3C(O)CC21C
B-1042,pholcodine,CN1CC[C@]23c4c5ccc(OCCN6CCOCC6)c4O[C@H]2[C@@H](O)C=CC3[C@H]1C5
B-1043,"2,4,6(1h,3h,5h)-pyrimidinetrione, 5-ethyl-5-(1-p",CCC1(N2CCCCC2)C(=O)NC(=O)NC1=O
B-1047,tripropyl phosphate,CCCOP(=O)(OCCC)OCCC
B-1049,1-chloro-2-methylpropene,CC(C)=CCl
B-1050,methallyl alcohol,C=C(C)CO
B-1051,2-butanethiol,CCC(C)S
B-1054,acetoin,CC(=O)C(C)O
B-1057,"benzeneacetic acid, .alpha.-hydroxy-.alpha.-meth",CC(O)(C(=O)O)c1ccccc1
B-1060,methyl malonic acid,CC(C(=O)O)C(=O)O
B-1061,dl-valine,CC(C)C(N)C(=O)O
B-1064,beta-peltatin,COc1cc([C@@H]2c3cc4c(c(O)c3C[C@H]3COC(=O)[C@@H]32)OCO4)cc(OC)c1OC
B-1065,fluorescein,O=C1OC2(c3ccc(O)cc3Oc3cc(O)ccc32)c2ccccc21
B-1066,"6-formyl-2,3-dimethoxybenzoic acid",COc1ccc(C=O)c(C(=O)O)c1OC
B-1067,dioxypyramidon,CC(=O)N(C)N(C(=O)C(=O)N(C)C)c1ccccc1
B-1069,"8-quinolinol, 5,7-dibromo-",Oc1c(Br)cc(Br)c2cccnc12
B-1070,hydroquinine,CCC1CN2CCC1CC2C(O)c1ccnc2ccc(OC)cc12
B-1071,"1,6-naphthalenedisulfonic acid",O=S(=O)(O)c1ccc2c(S(=O)(=O)O)cccc2c1
B-1072,propranolol,CC(C)NCC(O)COc1cccc2ccccc12
B-1073,tryptazan,NC(Cc1[nH]nc2ccccc12)C(=O)O
B-1079,thiophene-2-carboxylic acid,O=C(O)c1cccs1
B-1082,"ethanone, 1-(2,3,4-trihydroxyphenyl)-",CC(=O)c1ccc(O)c(O)c1O
B-1083,trimellitic acid,O=C(O)c1ccc(C(=O)O)c(C(=O)O)c1
B-1085,n-(aminocarbonyl)-2-(1-methylethyl)4-pentenamide,C=CCC(C(=O)NC(N)=O)C(C)C
B-1088,"1,1-diphenylethylene",C=C(c1ccccc1)c1ccccc1
B-1090,"1,2-cycloheptanedione, dioxime",O=NC1=C(NO)CCCCC1
B-1091,"2h-1-benzopyran-2-one, 7-methoxy-",COc1ccc2ccc(=O)oc2c1
B-1095,"2,4-d, ethyl ester",CCOC(=O)COc1ccc(Cl)cc1Cl
B-1096,"1,3-benzenediol, 4-pentyl-",CCCCCc1ccc(O)cc1O
B-1097,isovaleryl diethylamide,CCN(CC)C(=O)CC(C)C
B-1098,dmtt (dazomet),CN1CSC(=S)N(C)C1
B-1099,"2-propanol, 1,3-diiodo-",OC(CI)CI
B-1100,"n,n-dimethylthiourea",CNC(=S)NC
B-1101,"1,1-dimethoxyethane",COC(C)OC
B-1102,butyl malonic acid,CCCCC(C(=O)O)C(=O)O
B-1103,m-cymene,Cc1cccc(C(C)C)c1
B-1104,2-chloro-4-methyl-6-(dimethylamino)pyrimidine,Cc1cc(N(C)C)nc(Cl)n1
B-1105,digallic acid,O=C(O)c1cc(O)c(O)c(OC(=O)c2cc(O)c(O)c(O)c2)c1
B-1106,4-ethylpyridine,CCc1ccncc1
B-1108,"2,6-dibromoquinonechloroimide",O=C1C(Br)=CC(=NCl)C=C1Br
B-1109,"l-tyrosine, n-methyl-",CN[C@@H](Cc1ccc(O)cc1)C(=O)O
B-1110,bis(2-chloroethyl)ethylamine,CCN(CCCl)CCCl
B-1111,butyl cinnamate,CCCCOC(=O)/C=C/c1ccccc1
B-1112,benzyl methyl ether,COCc1ccccc1
B-1113,c.i. disperse black 3,CN(C)c1ccc(N=Nc2ccc(N)cc2)cc1
B-1114,"2-propenoic acid, 3-(2-furanyl)-",O=C(O)/C=C/c1ccco1
B-1117,2-methylpropyl propanoate,CCC(=O)OCC(C)C
B-1118,"cyclopropane, methoxy-",COC1CC1
B-1120,2-bromoethanol,OCCBr
B-1121,ethyl methyl ether,CCOC
B-1122,"1,2-dimethylhydrazine",CNNC
B-1124,t-butyl acetate,CC(=O)OC(C)(C)C
B-1125,dodecamethylcyclohexasiloxane,C[Si]1(C)O[Si](C)(C)O[Si](C)(C)O[Si](C)(C)O[Si](C)(C)O[Si](C)(C)O1
B-1126,decamethylcyclopentasiloxane,C[Si]1(C)O[Si](C)(C)O[Si](C)(C)O[Si](C)(C)O[Si](C)(C)O1
B-1128,"1,1-dichlorobutane",CCCC(Cl)Cl
B-1130,"butanoic acid, 3-amino-",CC(N)CC(=O)O
B-1131,acetoacetic acid,CC(=O)CC(=O)O
B-1132,thioimidodicarbonic diamide,NC(=S)NC(N)=S
B-1133,"2h-pyran-2,4(3h)-dione, 6-methyl-",CC1=CC(=O)CC(=O)O1
B-1134,chlorocyclohexane,ClC1CCCCC1
B-1135,"hexanedioic acid, 2-amino-",NC(CCCC(=O)O)C(=O)O
B-1139,bis(chloromethyl) ether,ClCOCCl
B-1140,cyclopentadiene,C1=CCC=C1
B-1141,"ethanesulfonic acid, 2-[(aminoiminomethyl)amino]",NC(N)=NCCS(=O)(=O)O
B-1145,n-methyl butylcarbamate,CC(C)CCOC(N)=O
B-1150,pentanedinitrile,N#CCCCC#N
B-1152,n1-(4-so2nh2-ph)sulfanilamide,Nc1ccc(S(=O)(=O)Nc2ccc(S(N)(=O)=O)cc2)cc1
B-1153,"2-hydroxypropanoic acid, methyl ester",COC(=O)C(C)O
B-1154,alpha-methylene butyrolactone,C=C1CCOC1=O
B-1157,o-thymotic acid,Cc1ccc(C(C)C)c(O)c1C(=O)O
B-1159,amisometradine,C=C(C)Cn1c(N)cc(=O)n(C)c1=O
B-1160,nebularine,OC[C@H]1O[C@@H](n2cnc3cncnc32)[C@H](O)[C@@H]1O
B-1162,"2,4,6-trichloro-3-methylphenol",Cc1c(Cl)cc(Cl)c(O)c1Cl
B-1164,9-methyl-9-azabicyclo[3.3.1]nonan-3-one,CN1C2CCCC1CC(=O)C2
B-1165,"3-pyridinecarboxylic acid, hydrazide",NNC(=O)c1cccnc1
B-1167,methyl oxalate,COC(=O)C(=O)OC
B-1172,methyldopa,C[C@](N)(Cc1ccc(O)c(O)c1)C(=O)O
B-1179,oxiranemethanol,OCC1CO1
B-1183,2-pyrimidone,O=c1nccc[nH]1
B-1185,1-monobutyrin,CCCC(=O)OCC(O)CO
B-1187,allyl ether,C=CCOCC=C
B-1190,fluoromethyl sulfone,CS(=O)(=O)F
B-1192,"2-propanol, 1-chloro-2-methyl-",CC(C)(O)CCl
B-1194,heroin,CC(=O)Oc1ccc2c3c1O[C@H]1[C@@H](OC(C)=O)C=C[C@H]4[C@@H](C2)N(C)CC[C@@]341
B-1199,3-chloro-2-methylpropene,C=C(C)CCl
B-1201,"2-butanol, 3-chloro-",CC(O)C(C)Cl
B-1203,"2,2,3-trimethylpentane",CCC(C)C(C)(C)C
B-1206,3-methyl-2-pentanol,CCC(C)C(C)O
B-1209,2-methyl-3-pentanone,CCC(=O)C(C)C
B-1210,"propanoic acid, 3-amino-2-hydroxy-",NCC(O)C(=O)O
B-1211,2-bromo-3-methyl-butanoic acid,CC(C)C(Br)C(=O)O
B-1214,"butanoic acid, 3-amino-2-hydroxy-",CC(N)C(O)C(=O)O
B-1215,alpha-peltatin,COc1cc([C@@H]2c3cc4c(c(O)c3C[C@H]3COC(=O)[C@@H]32)OCO4)cc(OC)c1O
B-1216,meconin,COc1ccc2c(c1OC)C(=O)OC2
B-1217,"1h-imidazole-4,5-dicarboxylic acid",O=C(O)c1nc[nH]c1C(=O)O
B-1218,inositol monophosphate,O=P(O)(O)OC1C(O)C(O)C(O)C(O)C1O
B-1219,"benzoic acid, 2-hydroxy-, methoxymethyl ester",COCOC(=O)c1ccccc1O
B-1221,"3,4-piperidinedicarboxylic acid",O=C(O)C1CCNCC1C(=O)O
B-1225,"2,6-diethylaniline",CCc1cccc(CC)c1N
B-1227,3-quinolinol,Oc1cnc2ccccc2c1
B-1230,anatabine,C1=CC[C@@H](c2cccnc2)NC1
B-1231,"2,3'-bipyridine",c1ccc(-c2cccnc2)nc1
B-1232,"8h-purine-8-thione, 1,7-dihydro-",S=c1[nH]c2cncnc2[nH]1
B-1236,allethrin,C=CCC1=C(C)C(OC(=O)C2C(C=C(C)C)C2(C)C)CC1=O
B-1237,"alanine, n-(aminocarbonyl)-",C[C@H](NC(N)=O)C(=O)O
B-1238,"phenol, 3-(1,1-dimethylethyl)-",CC(C)(C)c1cccc(O)c1
B-1240,"1-propene-1,2,3-tricarboxylic acid, (z)-",O=C(O)/C=C(\CC(=O)O)C(=O)O
B-1241,lactitol,OCC(O)C(O)C(OC1OC(CO)C(O)C(O)C1O)C(O)CO
B-1242,melibiose,OCC1OC(OCC2OC(O)C(O)C(O)C2O)C(O)C(O)C1O
B-1244,"1,4-benzenedicarboxylic acid, 2-bromo-",O=C(O)c1ccc(C(=O)O)c(Br)c1
B-1246,4-pyridinemethanol,OCc1ccncc1
B-1247,"2-propanol, 1,3-dichloro-, carbamate",NC(=O)OC(CCl)CCl
B-1248,m-methylbenzyl alcohol,Cc1cccc(CO)c1
B-1249,"3,5-dichlorophenoxyacetic acid",O=C(O)COc1cc(Cl)cc(Cl)c1
B-1250,m-chlorophenoxyacetic acid,O=C(O)COc1cccc(Cl)c1
B-1251,stilbene,C(=C/c1ccccc1)\c1ccccc1
B-1252,"1,4-benzenedimethanol",OCc1ccc(CO)cc1
B-1253,3-methylhexane,CCCC(C)CC
B-1259,n-butyl propionate,CCCCOC(=O)CC
B-1266,"2,2-dimethylhexane",CCCCC(C)(C)C
B-1269,3-methylcyclohexanone,CC1CCCC(=O)C1
B-1271,2-methylhexane,CCCCC(C)C
B-1272,allyl acetate,C=CCOC(C)=O
B-1273,1-chloro-2-butene,C/C=C/CCl
B-1277,chlorofluoromethane,FCCl
B-1280,"acetamide, 2,2,2-tribromo-",NC(=O)C(Br)(Br)Br
B-1282,trichloroacetamide,NC(=O)C(Cl)(Cl)Cl
B-1284,"2,3-dimethyl-3-pentanol",CCC(C)(O)C(C)C
B-1287,"3-hydroxy-2,2-dimethylpropanal",CC(C)(C=O)CO
B-1288,"2-propanol, 1,3-dichloro-2-methyl-",CC(O)(CCl)CCl
B-1290,"1,3-propanediol, 2,2-bis (acetyloxy)methyl -, di",CC(=O)OCC(COC(C)=O)(COC(C)=O)COC(C)=O
B-1292,"4-heptanol, 4-methyl-",CCCC(C)(O)CCC
B-1294,"oxirane, 2-(chloromethyl)-2-methyl-",CC1(CCl)CO1
B-1295,"1,2-dibromo-1-chloroethane",ClC(Br)CBr
B-1297,methyl isopropyl ether,COC(C)C
B-1298,"acetamide, 2,2-dibromo-",NC(=O)C(Br)Br
B-1299,"1,1,2-trichloropropane",CC(Cl)C(Cl)Cl
B-1300,2-chloropropionic acid,CC(Cl)C(=O)O
B-1303,"benzenesulfonic acid, 4-methyl-, 2-methylphenyl",Cc1ccc(S(=O)(=O)Oc2ccccc2C)cc1
B-1304,"ethane, 1,1,1-trichloro-2,2-diethoxy-",CCOC(OCC)C(Cl)(Cl)Cl
B-1307,ethylmalonic acid,CCC(C(=O)O)C(=O)O
B-1309,"benzoic acid, 2,6-dibromo-3,4,5-trihydroxy-",O=C(O)c1c(Br)c(O)c(O)c(O)c1Br
B-1311,proxyphylline,CC(O)Cn1cnc2c1c(=O)n(C)c(=O)n2C
B-1313,rosolic acid,O=C1C=CC(=C(c2ccc(O)cc2)c2ccc(O)cc2)C=C1
B-1314,"benzoic acid, 2-benzoyl-, ethyl ester",CCOC(=O)c1ccccc1C(=O)c1ccccc1
B-1315,2-hydroxyanthraquinone,O=C1c2ccccc2C(=O)c2cc(O)ccc21
B-1316,"benzoic acid, 2-benzoyl-, methyl ester",COC(=O)c1ccccc1C(=O)c1ccccc1
B-1318,1-methyl-2(h)-quinolinone,Cn1c(=O)ccc2ccccc21
B-1319,4-hydroxy-2-methylquinoline,Cc1cc(=O)c2ccccc2[nH]1
B-1320,"1,2,3-tribromobenzene",Brc1cccc(Br)c1Br
B-1324,"propanedioic acid, oxo-, diethyl ester",CCOC(=O)C(=O)C(=O)OCC
B-1327,"benzoic acid, 3-formyl-2-hydroxy-",O=Cc1cccc(C(=O)O)c1O
B-1329,1-methylanthracene,Cc1cccc2cc3ccccc3cc12
B-1333,"1,2-benzenedimethanol",OCc1ccccc1CO
B-1334,"benzoic acid, 2-(hydroxymethyl)-",O=C(O)c1ccccc1CO
B-1338,"nicotinic acid, ethyl ester",CCOC(=O)c1cccnc1
B-1341,ethyl n-methylnitrosocarbamate,CCOC(=O)N(C)N=O
B-1344,3-chloropentane,CCC(Cl)CC
B-1345,1-penten-3-ol,C=CC(O)CC
B-1348,propylpropanedioic acid,CCCC(C(=O)O)C(=O)O
B-1350,"benzoic acid, 5-formyl-2-hydroxy-",O=Cc1ccc(O)c(C(=O)O)c1
B-1351,pentylmalonic acid,CCCCCC(C(=O)O)C(=O)O
B-1352,2-methyl-3-hexanol,CCCC(O)C(C)C
B-1357,"benzenesulfonic acid, 3-(dimethylamino)-",CN(C)c1cccc(S(=O)(=O)O)c1
B-1359,helicin,O=Cc1ccccc1O[C@@H]1O[C@H](CO)[C@@H](O)[C@H](O)[C@H]1O
B-1362,p-cyanobenzoic acid,N#Cc1ccc(C(=O)O)cc1
B-1364,4-dimethylamino benzoic acid,CN(C)c1ccc(C(=O)O)cc1
B-1365,m-hydroxybenzyl alcohol,OCc1cccc(O)c1
B-1366,"acetamide, 2-cyano-n-phenyl-",N#CCC(=O)Nc1ccccc1
B-1367,m-hydroxyphenylacetic acid,O=C(O)Cc1cccc(O)c1
B-1368,"1-pentanamine, n,n-dipentyl-",CCCCCN(CCCCC)CCCCC
B-1369,4-methylphenylisothiocyanate,Cc1ccc(N=C=S)cc1
B-1370,p-methylstyrene,C=Cc1ccc(C)cc1
B-1371,p-hydroxybenzyl alcohol,OCc1ccc(O)cc1
B-1373,"1,4-benzenedicarboxaldehyde",O=Cc1ccc(C=O)cc1
B-1375,"1,2-propylene glycol diacetate",CC(=O)OCC(C)OC(C)=O
B-1376,"decanedioic acid, bis(2-ethoxyethyl) ester",CCOCCOC(=O)CCCCCCCCC(=O)OCCOCC
B-1377,diethyl azelate,CCOC(=O)CCCCCCCC(=O)OCC
B-1379,"1,4-diiodobenzene",Ic1ccc(I)cc1
B-1381,3-nonanol,CCCCCCC(O)CC
B-1383,"ethane, 1,2-diiodo-",ICCI
B-1386,"urea, (1,1-dimethylpropyl)-",CCC(C)(C)NC(N)=O
B-1390,methyl isobutyl ether,COCC(C)C
B-1391,methoxyacetic acid,COCC(=O)O
B-1393,ethyl isopropyl ether,CCOC(C)C
B-1397,"2,4-dihydroxypyridine",O=c1cc[nH]c(O)c1
B-1398,"1,3-benzenedimethanol",OCc1cccc(CO)c1
B-1399,24pyrimidinedione6methyl,Cc1cc(=O)[nH]c(=O)[nH]1
B-1401,"2-propanol, 1,3-bis(3-methylbutoxy)-",CC(C)CCOCC(O)COCCC(C)C
B-1402,"hexanedioic acid, monoethyl ester",CCOC(=O)CCCCC(=O)O
B-1404,2-pentenoic acid,CC/C=C\C(=O)O
B-1407,3-bromopropanol,OCCCBr
B-1409,3-chloro-1-propanol,OCCCCl
B-1410,"ethane, 1-chloro-2-methoxy-",COCCCl
B-1411,5-methyl-2-hexanol,CC(C)CCC(C)O
B-1412,"3-isopentyloxy-propane-1,2-diol",CC(C)CCOCC(O)CO
B-1413,"hexanedioic acid, dimethyl ester",COC(=O)CCCCC(=O)OC
B-1417,"1,3-propanediol, diacetate",CC(=O)OCCCOC(C)=O
B-1421,n-tridecane,CCCCCCCCCCCCC
B-1423,n-pentadecane,CCCCCCCCCCCCCCC
B-1426,hexatriacontane,CCCCCCCCCCCCCCCCCCCCCCCCCCCCCCCCCCCC
B-1429,"acetic acid, dibromo-",O=C(O)C(Br)Br
B-1430,sulfasomizole,Cc1cc(NS(=O)(=O)c2ccc(N)cc2)sn1
B-1433,tetrachlorophthalic acid,O=C(O)c1c(Cl)c(Cl)c(Cl)c(Cl)c1C(=O)O
B-1435,resorufin,O=c1ccc2nc3ccc(O)cc3oc-2c1
B-1436,"4(1h)-pyrimidinone, 2,3-dihydro-5-methyl-2-thiox",Cc1c[nH]c(=S)[nH]c1=O
B-1440,1-cyclohexene-1-carboxylic acid,O=C(O)C1=CCCCC1
B-1441,p-benzoquinone oxime,O=Nc1ccc(O)cc1
B-1442,isopropyl propionate,CCC(=O)OC(C)C
B-1444,ethyl t-butyl ether,CCOC(C)(C)C
B-1445,"4h-1,3,5-dithiazine, dihydro-2,4,6-trimethyl-,",CC1NC(C)SC(C)S1
B-1446,"1,3-diacetylurea",CC(=O)NC(=O)NC(C)=O
B-1447,tridecanoic acid,CCCCCCCCCCCCC(=O)O
B-1449,fluoroacetamide,NC(=O)CF
B-1451,acetyl benzoyl peroxide,CC(=O)OOC(=O)c1ccccc1
B-1452,4-propylphenol,CCCc1ccc(O)cc1
B-1454,"1,3,5-triazin-2(1h)-one, 4,6-diamino-",Nc1nc(=O)nc(N)[nH]1
B-1456,"1,3-dioxalane",C1COCO1
B-1457,5-aminopentanoic acid,NCCCCC(=O)O
B-1458,l-homoserine,N[C@@H](CCO)C(=O)O
B-1459,simetone,CCNc1nc(NCC)nc(OC)n1
B-1460,hexamethylphosphoramide,CN(C)P(=O)(N(C)C)N(C)C
B-1461,"ethanesulfonothioic acid, s-ethyl ester",CCSS(=O)(=O)CC
B-1463,"ethane, 1,2-dibromo-1,2-dichloro-",ClC(Br)C(Cl)Br
B-1464,"acetamide, 2,2-dichloro-",NC(=O)C(Cl)Cl
B-1465,1-nitroso-1-methylurea,CN(N=O)C(N)=O
B-1466,"d-glucose, 2-deoxy-2-[(ethoxycarbonyl)amino]-",CCOC(=O)N[C@@H](C=O)[C@@H](O)[C@H](O)[C@H](O)CO
B-1467,1-buten-3-yne,C#CC=C
B-1468,4-methyl-1-pentene,C=CCC(C)C
B-1472,"2(1h)-pyridinone, 1-methyl-",Cn1ccccc1=O
B-1473,"benzene, iodyl-",O=I(=O)c1ccccc1
B-1474,"benzenamine, n,3-dimethyl-",CNc1cccc(C)c1
B-1476,3-ethyl-5-methylphenol,CCc1cc(C)cc(O)c1
B-1478,4-hydroxypteridine,O=c1nc[nH]c2nccnc12
B-1479,2-pteridinamine,Nc1ncc2nccnc2n1
B-1480,octachlorocyclopentene,ClC1=C(Cl)C(Cl)(Cl)C(Cl)(Cl)C1(Cl)Cl
B-1481,1-methyl uric acid,Cn1c(=O)[nH]c2[nH]c(=O)[nH]c2c1=O
B-1483,"1-ph-3,5-dime-4-nitrosopyrazole",Cc1nn(-c2ccccc2)c(C)c1N=O
B-1484,anthracene-9-carboxylic acid,O=C(O)c1c2ccccc2cc2ccccc12
B-1486,tolyfluanide,Cc1ccc(N(SC(F)(Cl)Cl)S(=O)(=O)N(C)C)cc1
B-1488,"2,4,6-tri(tert-butyl)phenol",CC(C)(C)c1cc(C(C)(C)C)c(O)c(C(C)(C)C)c1
B-1492,hexaethyl tetraphosphate,CCOP(=O)(OCC)OP(=O)(OCC)OP(=O)(OCC)OP(=O)(OCC)OCC
B-1493,n-ethyl-n-nitrosourea,CCN(N=O)C(N)=O
B-1495,"propanedioic acid, heptyl-",CCCCCCCC(C(=O)O)C(=O)O
B-1496,octylmalonic acid,CCCCCCCCC(C(=O)O)C(=O)O
B-1498,1-chloro-2-fluoroethane,FCCCl
B-1501,"2,5-dimethyl-2,4-hexadiene",CC(C)=CC=C(C)C
B-1503,glycidylaldehyde,O=CC1CO1
B-1505,"2-amino-4,6-dimethylpyrimidine",Cc1cc(C)nc(N)n1
B-1506,"quinoline, decahydro-",C1CC[C@@H]2NCCC[C@H]2C1
B-1508,"9,10-dihydrophenanthrene",c1ccc2c(c1)CCc1ccccc1-2
B-1509,"benzoic acid, 2-benzoylhydrazide",O=C(NNC(=O)c1ccccc1)c1ccccc1
B-1511,"phosphoric acid, diethyl propyl ester",CCCOP(=O)(OCC)OCC
B-1512,tributylphosphine oxide,CCCCP(=O)(CCCC)CCCC
B-1513,diethyl glutarate,CCOC(=O)CCCC(=O)OCC
B-1517,"4,4'-oxydi-2-butanol",CC(O)CCOCCC(C)O
B-1518,"1,12-dodecanedicarboxylic acid",O=C(O)CCCCCCCCCCCCC(=O)O
B-1519,"1,3-dioxolane, 2-(1-methylethyl)-",CC(C)C1OCCO1
B-1520,"pyrimidine, 2-(methylthio)-",CSc1ncccn1
B-1521,"2,6-dimethyl-1,3-dioxan-4-ol acetate",CC(=O)OC1CC(C)OC(C)O1
B-1522,"1h-purine-2,6-dione, 3,7-dihydro-1,3,8-trimethyl",Cc1nc2c([nH]1)c(=O)n(C)c(=O)n2C
B-1523,"1h-purine-2,6-dione, 3,7-dihydro-1,3,7,8-tetrame",Cc1nc2c(c(=O)n(C)c(=O)n2C)n1C
B-1524,"l-tyrosine, n-acetyl-, ethyl ester",CCOC(=O)[C@H](Cc1ccc(O)cc1)NC(C)=O
B-1526,"2,4-bis((3-methoxypropyl)amino)-6-(methylthio)-s",COCCCNc1nc(NCCCOC)nc(SC)n1
B-1530,"phosphonic acid, (trichloromethyl)-, diethyl est",CCOP(=O)(OCC)C(Cl)(Cl)Cl
B-1532,allylidenediacetate,C=CC(OC(C)=O)OC(C)=O
B-1533,"acetamide, n,n'-1,2-ethanediylbis-",CC(=O)NCCNC(C)=O
B-1536,"benzenemethanol, 4-bromo-",OCc1ccc(Br)cc1
B-1537,p-chlorobenzyl alcohol,OCc1ccc(Cl)cc1
B-1539,"2,4,6-triethoxy-s-triazine",CCOc1nc(OCC)nc(OCC)n1
B-1541,methacycline,C=C1c2cccc(O)c2C(O)=C2C(=O)[C@]3(O)C(=O)/C(=C(/N)O)C(=O)[C@@H](N(C)C)[C@@H]3[C@@H](O)[C@H]12
B-1542,amidothion,COCCNC(=O)CSP(=S)(OC)OC
B-1543,demeton-s-methyl,CCSCCSP(=O)(OC)OC
B-1545,"hexanedioic acid, 2,3,3-trimethyl-",CC(C(=O)O)C(C)(C)CCC(=O)O
B-1546,n-(hydroxymethyl)acrylamide,C=CC(=O)NCO
B-1547,"butanamide, n,n'-1,2-ethanediylbis-",CCCC(=O)NCCNC(=O)CCC
B-1548,6-undecanone,CCCCCC(=O)CCCCC
B-1551,n-nitrosopyrrolidine,O=NN1CCCC1
B-1552,n-nitrosohexamethyleneimine,O=NN1CCCCCC1
B-1555,2-azacyclo-nonanone,O=C1CCCCCCCN1
B-1556,"2,3-dihydro-1,2-benzisothiazole-1,1-dioxide",O=S1(=O)NCc2ccccc21
B-1558,n-benzyl-n-methylnitrosoamine,CN(Cc1ccccc1)N=O
B-1559,"2h-1-benzopyran-2-one, 4-bromo-",O=c1cc(Br)c2ccccc2o1
B-1560,"2,3,4,5-tetrachloroanisole",COc1cc(Cl)c(Cl)c(Cl)c1Cl
B-1561,p-methylphenoxyacetic acid,Cc1ccc(OCC(=O)O)cc1
B-1563,"benzene, 1,2,3,4-tetrachloro-5,6-dimethoxy-",COc1c(Cl)c(Cl)c(Cl)c(Cl)c1OC
B-1564,cyolane,CCOP(=O)(N=C1SCCS1)OCC
B-1566,"phosphoramidic acid, (4-methyl-1,3-dithiolan-2-y",CCOP(=O)(N=C1SCC(C)S1)OCC
B-1570,methylphosphonic acid,CP(=O)(O)O
B-1571,"n,n-dimethylisopropylamine",CC(C)N(C)C
B-1573,"glycine, n-(ethoxycarbonyl)-, ethyl ester",CCOC(=O)CNC(=O)OCC
B-1574,2-hydroxypropyl acrylate,C=CC(=O)OCC(C)O
B-1575,hydroxymethyl urea,NC(=O)NCO
B-1577,"2,5-dimethyltetrahydrofuran",CC1CCC(C)O1
B-1580,desisopropylatrazine,CCNc1nc(N)nc(Cl)n1
B-1581,azacycloundecan-2-one,O=C1CCCCCCCCCN1
B-1582,desmetryne,CNc1nc(NC(C)C)nc(SC)n1
B-1583,"1h-purine-2,6-dione, 7-butyl-3,7-dihydro-1,3-dim",CCCCn1cnc2c1c(=O)n(C)c(=O)n2C
B-1584,"4h-3,1-benzoxazin-4-one, 2-phenyl",O=c1oc(-c2ccccc2)nc2ccccc12
B-1585,heptachlor epoxide,ClC1=C(Cl)C2(Cl)C3C4OC4C(Cl)C3C1(Cl)C2(Cl)Cl
B-1586,"phosphonic diamide, p-(5-amino-3-phenyl-1h-1,2,4",CN(C)P(=O)(N(C)C)n1nc(-c2ccccc2)nc1N
B-1588,octyl gallate,CCCCCCCCOC(=O)c1cc(O)c(O)c(O)c1
B-1589,dimethylsilanediol,C[Si](C)(O)O
B-1591,glyphosphate,O=C(O)CNCP(=O)(O)O
B-1592,"1,3,4-thiadiazolidine-2,5-dithione",S=c1[nH][nH]c(=S)s1
B-1594,"1h-pyrazol-4-ol, 1-phenyl-",Oc1cnn(-c2ccccc2)c1
B-1595,1-phenylheptane,CCCCCCCc1ccccc1
B-1596,hexyl p-hydroxybenzoate,CCCCCCOC(=O)c1ccc(O)cc1
B-1597,heptyl p-hydroxybenzoate,CCCCCCCOC(=O)c1ccc(O)cc1
B-1598,dichlofluanid,CN(C)S(=O)(=O)N(SC(F)(Cl)Cl)c1ccccc1
B-1599,prednisolone 21-trimethylacetate,CC(C)(C)C(=O)OCC(=O)C1(O)CCC2C3CCC4=CC(=O)C=CC4(C)C3C(O)CC21C
B-1600,dimethoxon,CNC(=O)CSP(=O)(OC)OC
B-1603,"heptanoic acid, 2-amino-, (.+-.)-",CCCCCC(N)C(=O)O
B-1604,n-nitrosodiethanolamine,O=NN(CCO)CCO
B-1605,tri(n-octyl)amine,CCCCCCCCN(CCCCCCCC)CCCCCCCC
B-1606,"urea, (1,1-dimethylethyl)-",CC(C)(C)NC(N)=O
B-1607,"1,3-disiloxanediol, 1,1,3,3-tetramethyl-",C[Si](C)(O)O[Si](C)(C)O
B-1608,"pentanedioic acid, dimethyl ester",COC(=O)CCCC(=O)OC
B-1610,2-heptyne,CC#CCCCC
B-1611,n-undecane,CCCCCCCCCCC
B-1612,"2,4,5-trimethylpyridine",Cc1cc(C)c(C)cn1
B-1614,"pyridine, 2-ethyl-6-methyl-",CCc1cccc(C)n1
B-1615,1-hydroxy-cyclohexanecarboxylic acid,O=C(O)C1(O)CCCCC1
B-1616,"phenol, 4-chloro-2,6-dimethyl-",Cc1cc(Cl)cc(C)c1O
B-1618,"pteridine, 7-chloro-",Clc1cnc2cncnc2n1
B-1620,"1h-pyrazol-5-amine, 3-methyl-1-phenyl-",Cc1cc(N)n(-c2ccccc2)n1
B-1621,p-cyclohexylphenol,Oc1ccc(C2CCCCC2)cc1
B-1624,1-butyl theobromine,CCCCn1c(=O)c2c(ncn2C)n(C)c1=O
B-1625,tolazamide,Cc1ccc(S(=O)(=O)NC(=O)NN2CCCCCC2)cc1
B-1626,peruvoside,COC1C(O)[C@@H](O[C@H]2CC[C@]3(C=O)C4CC[C@]5(C)[C@@H](C6=CC(=O)OC6)CC[C@]5(O)C4CC[C@@H]3C2)OC(C)[C@H]1O
B-1628,"butanedioic acid, 2,3-diethyl-",CCC(C(=O)O)C(CC)C(=O)O
B-1629,3-hydroxy-aspartic acid,N[C@H](C(=O)O)[C@@H](O)C(=O)O
B-1630,"urea, tetraethyl-",CCN(CC)C(=O)N(CC)CC
B-1633,"2,5-dihydroxybenzaldehyde",O=Cc1cc(O)ccc1O
B-1634,tranexamic acid,NCC1CCC(C(=O)O)CC1
B-1635,"2,4-dimethylquinoline",Cc1cc(C)c2ccccc2n1
B-1637,"dl-alanine, n-benzoyl-",CC(NC(=O)c1ccccc1)C(=O)O
B-1638,methyl n-benzoglycine,COC(=O)CNC(=O)c1ccccc1
B-1639,"10h-phenothiazine, 10-methyl-",CN1c2ccccc2Sc2ccccc21
B-1641,"benzoic acid, 4-hydroxy, octyl ester",CCCCCCCCOC(=O)c1ccc(O)cc1
B-1642,galaxolide,CC1COCc2cc3c(cc21)C(C)(C)C(C)C3(C)C
B-1644,2-ethylhexyl diphenyl phosphate,CCCCC(CC)COP(=O)(Oc1ccccc1)Oc1ccccc1
B-1645,"3h-pyrazol-3-one, 4,4'-methylenebis[1,2-dihydro-",Cc1c(Cc2c(C)n(C)n(-c3ccccc3)c2=O)c(=O)n(-c2ccccc2)n1C
B-1650,tetramethyl decynediol,CC(C)C(C)C(C)C(O)C#CC(C)C(C)O
B-1652,aloin,O=C1c2c(O)cccc2[C@@H]([C@@H]2O[C@H](CO)[C@@H](O)[C@H](O)[C@H]2O)c2cc(CO)cc(O)c21
B-1654,trifenmorph,c1ccc(C(c2ccccc2)(c2ccccc2)N2CCOCC2)cc1
B-1657,2-pyridinecarboxamide,NC(=O)c1ccccn1
B-1658,heptadecyl alcohol,CCCCCCCCCCCCCCCCCO
B-1659,"2,6-dimethyl-n-nitrosomorpholine",CC1CN(N=O)CC(C)O1
B-1661,"pyridine, 2,3,6-trimethyl-",Cc1ccc(C)c(C)n1
B-1663,5-indanol,Oc1ccc2c(c1)CCC2
B-1667,"cyclohexanone, 2-(1-cyclohexen-1-yl)-",O=C1CCCCC1C1=CCCCC1
B-1668,2-(acetyloxy)-4-bromo-benzoic acid,CC(=O)Oc1ccc(Br)cc1C(=O)O
B-1671,"n,n-diethyl succinamic acid",CCN(CC)C(=O)CCC(=O)O
B-1673,"urea, (4-methoxyphenyl)-",COc1ccc(NC(N)=O)cc1
B-1675,1-propoxy-2-propanol,CCCOCC(C)O
B-1676,3-penten-2-ol,C/C=C/C(C)O
B-1677,2-methyl-4-chlorophenol,Cc1cc(Cl)ccc1O
B-1678,"4,6-dichloro-o-cresol",Cc1cc(Cl)cc(Cl)c1O
B-1679,"benzamide, 3-(aminosulfonyl)-",NC(=O)c1cccc(S(N)(=O)=O)c1
B-1680,"2-propenoic acid, 3,3-dibromo-",O=C(O)C=C(Br)Br
B-1682,"urea, n,n''-ethylidenebis-",CC(NC(N)=O)NC(N)=O
B-1683,"hydrazinecarboxamide, 2-cyclohexylidene-",NC(=O)NN=C1CCCCC1
B-1684,"2-naphthalenebutanoic acid, .gamma.-oxo-",O=C(O)CCC(=O)c1ccc2ccccc2c1
B-1685,daminozide,CN(C)NC(=O)CCC(=O)O
B-1688,"2,4-pentadienenitrile",C=C/C=C\C#N
B-1690,nereistoxin,CN(C)C1CSSC1
B-1691,malaoxon,CCOC(=O)CC(SP(=O)(OC)OC)C(=O)OCC
B-1692,1-heptanethiol,CCCCCCCS
B-1693,aldicarb sulfoxide,CNC(=O)O/N=C/C(C)(C)S(C)=O
B-1694,aldicarb sulfone,CNC(=O)O/N=C/C(C)(C)S(C)(=O)=O
B-1695,"1,2-dichloro-1,1-difluoroethane",FC(F)(Cl)CCl
B-1697,"1-heptanol, 6-methyl-",CC(C)CCCCCO
B-1698,"1,10-phenanthroline, 3,4,7,8-tetramethyl-",Cc1cnc2c(ccc3c(C)c(C)cnc32)c1C
B-1702,"1(3h)isobenzofuranone-3,3-dimethyl",CC1(C)OC(=O)c2ccccc21
B-1706,bromoxynil octanoate,CCCCCCCC(=O)Oc1c(Br)cc(C#N)cc1Br
B-1707,"2-phenyl-4,5-dichloro-3-pyridazinone",O=c1c(Cl)c(Cl)cnn1-c1ccccc1
B-1709,"3,6-dichloropicolinic acid",O=C(O)c1nc(Cl)ccc1Cl
B-1712,"1,1-dichlorofluoroethane",CC(F)(Cl)Cl
B-1713,"10h-phenothiazine, 2-chloro-7-methoxy-",COc1ccc2c(c1)Sc1ccc(Cl)cc1N2
B-1714,dehydroabietic acid,CC(C)c1ccc2c(c1)CC[C@H]1[C@](C)(C(=O)O)CCC[C@]21C
B-1715,"[1,2,4,5]tetrazino[1,2-a][1,2,4,5]tetrazine, oct",C1NNCN2CNNCN12
B-1716,nicotinanilide,O=C(Nc1ccccc1)c1cccnc1
B-1717,"1,2,3-benzothiadiazol-5-amine",Nc1ccc2snnc2c1
B-1719,"benzenemethanol, 2,4-dichloro-",OCc1ccc(Cl)cc1Cl
B-1722,"3,4-dichlorobenzyl alcohol",OCc1ccc(Cl)c(Cl)c1
B-1725,"1,4-dichloronaphthalene",Clc1ccc(Cl)c2ccccc12
B-1729,"4-heptanol, 3-methyl-",CCCC(O)C(C)CC
B-1730,fluspirilene,O=C1NCN(c2ccccc2)C12CCN(CCCC(c1ccc(F)cc1)c1ccc(F)cc1)CC2
B-1731,undecanedioic acid,O=C(O)CCCCCCCCCC(=O)O
B-1732,dimethyl tetrachloroterephthalate,COC(=O)c1c(Cl)c(Cl)c(C(=O)OC)c(Cl)c1Cl
B-1734,tritac,CC(O)COCc1c(Cl)ccc(Cl)c1Cl
B-1736,"phenol, 4-chloro-3,5-dimethyl-2-(phenylmethyl)-",Cc1cc(O)c(Cc2ccccc2)c(C)c1Cl
B-1737,"ethanediamide, n,n'-bis(2-hydroxyethyl)-",O=C(NCCO)C(=O)NCCO
B-1738,psicofuranine,Nc1ncnc2c1ncn2[C@]1(CO)O[C@H](CO)[C@@H](O)[C@H]1O
B-1739,o-methylphenoxyacetic acid,Cc1ccccc1OCC(=O)O
B-1741,di-tert-butylsulfone,CC(C)(C)S(=O)(=O)C(C)(C)C
B-1742,perchloropropylene,ClC(Cl)=C(Cl)C(Cl)(Cl)Cl
B-1743,"2-furancarboxaldehyde, 5-bromo-",O=Cc1ccc(Br)o1
B-1745,"2-furancarboxylic acid, 5-methyl-",Cc1ccc(C(=O)O)o1
B-1746,"2-furancarboxaldehyde, 5-(methoxymethyl)-",COCc1ccc(C=O)o1
B-1748,picloram,Nc1c(Cl)c(Cl)nc(C(=O)O)c1Cl
B-1750,"2,6-di-t-butyl-p-tolyl methylcarbamate",CNC(=O)Oc1c(C(C)(C)C)cc(C)cc1C(C)(C)C
B-1752,10h-phenothiazin-3-ol,Oc1ccc2c(c1)Sc1ccccc1N2
B-1753,"2,4-d, methyl ester",COC(=O)COc1ccc(Cl)cc1Cl
B-1754,"2,4,5-t, ethyl ester",CCOC(=O)COc1cc(Cl)c(Cl)cc1Cl
B-1755,"2,4-d, octyl ester",CCCCCCCCOC(=O)COc1ccc(Cl)cc1Cl
B-1756,"2,4-d, propyl ester",CCCOC(=O)COc1ccc(Cl)cc1Cl
B-1757,p-meo-b-phenylpropionic acid,COc1ccc(CCC(=O)O)cc1
B-1758,"2,4-d, butoxyethyl ester",CCCCOCCOC(=O)COc1ccc(Cl)cc1Cl
B-1761,benzthiazuron,CNC(=O)Nc1nc2ccccc2s1
B-1763,"1,2-cyclohexanediol, 1-methyl-4-(1-methylethenyl",C=C(C)C1CCC(C)(O)C(O)C1
B-1764,propane-1-thiosulfinic acid s-propyl ester,CCCSS(=O)CCC
B-1765,"1,3-benzenedicarboxylic acid, 2-methoxy-",COc1c(C(=O)O)cccc1C(=O)O
B-1769,"l-valine, n-glycyl-",CC(C)C(NC(=O)CN)C(=O)O
B-1770,"hexanediamide, n,n'-bis(2-hydroxyethyl)-",O=C(CCCCC(=O)NCCO)NCCO
B-1771,"3,4-dichlorobenzyl methylcarbamate",CNC(=O)OCc1ccc(Cl)c(Cl)c1
B-1773,p-bromophenylurea,NC(=O)Nc1ccc(Br)cc1
B-1774,1-bromo-2-ethylbenzene,CCc1ccccc1Br
B-1777,"benzene, 1,2-dichloro-3-methoxy-",COc1cccc(Cl)c1Cl
B-1778,"benzene, 1,3-dichloro-2-methoxy-",COc1c(Cl)cccc1Cl
B-1780,"1h-purine, 6-methyl-",Cc1ncnc2nc[nH]c12
B-1782,"4-imidazolidinone, 3-phenyl-2-thioxo-",O=C1CNC(=S)N1c1ccccc1
B-1783,n-decylamine,CCCCCCCCCCN
B-1784,ethyl b-phenylpropionate,CCOC(=O)CCc1ccccc1
B-1787,methiocarb,CNC(=O)Oc1cc(C)c(SC)c(C)c1
B-1789,"propanamide, 2-hydroxy-",CC(O)C(N)=O
B-1791,diethyl pimelate,CCOC(=O)CCCCCC(=O)OCC
B-1792,diethyl suberate,CCOC(=O)CCCCCCC(=O)OCC
B-1793,"1,2-dichloronaphthalene",Clc1ccc2ccccc2c1Cl
B-1794,"1,8-dichloronaphthalene",Clc1cccc2cccc(Cl)c12
B-1797,"dl-allothreonine, o-methyl-",COC(C)C(N)C(=O)O
B-1799,"phenol, 4,4'-(3-methylbutylidene)bis-",CC(C)CC(c1ccc(O)cc1)c1ccc(O)cc1
B-1801,clorexolone,NS(=O)(=O)c1cc2c(cc1Cl)CN(C1CCCCC1)C2=O
B-1802,"benzene, 1-bromo-3-isothiocyanato-",S=C=Nc1cccc(Br)c1
B-1804,"1,3-benzenediol, 4-cyclohexyl-",Oc1ccc(C2CCCCC2)c(O)c1
B-1805,endosulfan diol,OCC1C(CO)C2(Cl)C(Cl)=C(Cl)C1(Cl)C2(Cl)Cl
B-1806,"benzoic acid, 2-(4-bromobenzoyl)-",O=C(O)c1ccccc1C(=O)c1ccc(Br)cc1
B-1807,4-ethylamino-6-isopropylamino-s-triazin-2-ol,CCNc1nc(=O)nc(NC(C)C)[nH]1
B-1811,dicryl,C=C(C)C(=O)Nc1ccc(Cl)c(Cl)c1
B-1812,bcpc,CCC(C)OC(=O)Nc1cccc(Cl)c1
B-1813,"naphthalene, 2-(2-methylpropoxy)-",CC(C)COc1ccc2ccccc2c1
B-1815,"2,7-dichloronaphthalene",Clc1ccc2ccc(Cl)cc2c1
B-1816,"1h-pyrrole-2-carboxylic acid, 3,5-dimethyl-, eth",CCOC(=O)c1[nH]c(C)cc1C
B-1817,"1,3-benzenedicarboxylic acid, 4-methoxy-",COc1ccc(C(=O)O)cc1C(=O)O
B-1822,4-methyloctane,CCCCC(C)CCC
B-1824,"naphthalene, 1-methoxy-",COc1cccc2ccccc12
B-1825,(+)-fenchol,CC1(C)[C@@H]2CC[C@@](C)(C2)[C@@H]1O
B-1826,"pentane, 3,3-bis(ethylsulfonyl)-",CCC(CC)(S(=O)(=O)CC)S(=O)(=O)CC
B-1827,tetrasul,Clc1ccc(Sc2cc(Cl)c(Cl)cc2Cl)cc1
B-1830,octachloronaphthalene,Clc1c(Cl)c(Cl)c2c(Cl)c(Cl)c(Cl)c(Cl)c2c1Cl
B-1831,m-aminobenzonitrile,N#Cc1cccc(N)c1
B-1832,nonanonitrile,CCCCCCCCC#N
B-1834,2-phenethylisothiocyanate,S=C=NCCc1ccccc1
B-1836,"1h-purine, 8-(trifluoromethyl)-",FC(F)(F)c1nc2ncncc2[nH]1
B-1837,5-phenylpentanoic acid,O=C(O)CCCCc1ccccc1
B-1838,"7h-purine, 2,6-dichloro-7-methyl-",Cn1cnc2nc(Cl)nc(Cl)c21
B-1839,"phosphoric acid,2-chloro-(2,4-dichlorophenyl)vin",COP(=O)(OC)O/C(=C\Cl)c1ccc(Cl)cc1Cl
B-1840,prothoate,CCOP(=S)(OCC)SCC(=O)NC(C)C
B-1841,vamidothion,CNC(=O)CCSCCSP(=O)(OC)OC
B-1842,"1-naphthalenecarboxylic acid, 2-hydroxy-",O=C(O)c1c(O)ccc2ccccc12
B-1845,"trans-cyclohexane-1,2-dicarboxylic acid",O=C(O)C1CCCCC1C(=O)O
B-1846,"2h-purin-2-one, 1,3-dihydro-",O=c1ncc2[nH]cnc2[nH]1
B-1847,"1h-purine-2,6,8(3h)-trione, 7,9-dihydro-1,3,7,9-",Cn1c(=O)c2c(n(C)c1=O)n(C)c(=O)n2C
B-1849,flurenol-butyl,CCCCOC(=O)C1(O)c2ccccc2-c2ccccc21
B-1850,cdea,CCN(CC)C(=O)CCl
B-1851,propyl benzoate,CCCOC(=O)c1ccccc1
B-1852,"benzenemethanol, 5-bromo-2-hydroxy-",OCc1cc(Br)ccc1O
B-1853,"butanedioic acid, (1-methylethyl)-",CC(C)C(CC(=O)O)C(=O)O
B-1855,"1,2,3,5-tetrafluorobenzene",Fc1cc(F)c(F)c(F)c1
B-1859,10-methyl-benz(a)anthracene,Cc1ccc2cc3ccc4ccccc4c3cc2c1
B-1860,9-methylbenz(a)anthracene,Cc1ccc2cc3c(ccc4ccccc43)cc2c1
B-1861,6-methylbenzo(a)pyrene,Cc1c2ccccc2c2ccc3cccc4ccc1c2c43
B-1862,2(3h)-benzoxazolethione,S=c1[nH]c2ccccc2o1
B-1864,1-chloro-3-isothiocyanato-benzene,S=C=Nc1cccc(Cl)c1
B-1865,"1,8-nonadiyne",C#CCCCCCC#C
B-1867,"phosphonic acid, ethyl-, dibutyl ester",CCCCOP(=O)(CC)OCCCC
B-1868,dibutyl methylphosphonate,CCCCOP(C)(=O)OCCCC
B-1869,"phenol, 2-phenoxy-",Oc1ccccc1Oc1ccccc1
B-1870,tri-sec-butanolamine,CCC(O)CN(CC(O)CC)CC(O)CC
B-1871,12-methylbenz(a)anthracene,Cc1c2ccccc2cc2ccc3ccccc3c12
B-1873,glycidyl n-butyl ether,CCCCOCC1CO1
B-1874,"4-methyl-2,6-dichlorophenol",Cc1cc(Cl)c(O)c(Cl)c1
B-1878,oxythioquinox,Cc1ccc2nc3sc(=O)sc3nc2c1
B-1880,o-methoxybenzamide,COc1ccccc1C(N)=O
B-1881,glyphosine,O=C(O)CN(CP(=O)(O)O)CP(=O)(O)O
B-1882,"ethanone, 2-(4-aminophenyl)-1-phenyl-",Nc1ccc(CC(=O)c2ccccc2)cc1
B-1883,"4,4'-dichlorodiphenyl ether",Clc1ccc(Oc2ccc(Cl)cc2)cc1
B-1886,"1,4,5,8-tetraaminoanthraquinone",Nc1ccc(N)c2c1C(=O)c1c(N)ccc(N)c1C2=O
B-1888,"glycine, n-formyl-",O=CNCC(=O)O
B-1889,"ethanone, 1-(4-hydroxyphenyl)-2-phenyl-",O=C(Cc1ccccc1)c1ccc(O)cc1
B-1890,disulfoton sulfone,CCOP(=S)(OCC)SCCS(=O)(=O)CC
B-1891,"benz[a]anthracene, 5-fluoro-7-methyl-",Cc1c2ccccc2cc2c1cc(F)c1ccccc12
B-1892,1-methylbenz(a)anthracene,Cc1cccc2ccc3cc4ccccc4cc3c12
B-1894,dibutyl phenyl phosphate,CCCCOP(=O)(OCCCC)Oc1ccccc1
B-1895,chlorflurecol methyl,COC(=O)C1(O)c2ccccc2-c2ccc(Cl)cc21
B-1898,"benz[a]anthracene, 6-fluoro-7-methyl-",Cc1c2ccccc2cc2c1c(F)cc1ccccc12
B-1899,benz(a)anthracene-7-methyl,Cc1c2ccccc2cc2c1ccc1ccccc12
B-1900,"nonanoic acid, 9-oxo-",O=CCCCCCCCC(=O)O
B-1901,"acetamide, 2,2-dichloro-n-phenyl-",O=C(Nc1ccccc1)C(Cl)Cl
B-1902,"1,3-dioxolane, 2-ethyl-",CCC1OCCO1
B-1903,"ethanediimidamide, n,n''-dihydroxy-",N/C(N=O)=C(\N)NO
B-1906,"guanidine, 2-benzothiazolyl-",NC(N)=Nc1nc2ccccc2s1
B-1907,2-hexenedioic acid,O=C(O)C=CCCC(=O)O
B-1908,phorate sulfoxide,CCOP(=S)(OCC)SCS(=O)CC
B-1909,phorate sulfone,CCOP(=S)(OCC)SCS(=O)(=O)CC
B-1910,etridazole,CCOc1nc(C(Cl)(Cl)Cl)ns1
B-1912,fenthoate,CCOC(=O)C(SP(=S)(OC)OC)c1ccccc1
B-1914,"3,5-pyridinedicarboxylic acid, 2,6-dimethyl-",Cc1nc(C)c(C(=O)O)cc1C(=O)O
B-1916,p-acetoxyacetanilide,CC(=O)Nc1ccc(OC(C)=O)cc1
B-1917,"2,4(1h,3h)-pteridinedione, 1,3,6,7-tetramethyl-",Cc1nc2c(=O)n(C)c(=O)n(C)c2nc1C
B-1921,azinphos ethyl,CCOP(=S)(OCC)SCn1nnc2ccccc2c1=O
B-1924,"1,4-dichloro-2,5-dimethoxybenzene",COc1cc(Cl)c(OC)cc1Cl
B-1925,".beta.-alanine, n-methyl-",CNCCC(=O)O
B-1926,2-chlorodiphenyl ether,Clc1ccccc1Oc1ccccc1
B-1927,"phosphoric acid, butyl diethyl ester",CCCCOP(=O)(OCC)OCC
B-1928,"leucine, ethyl ester",CCOC(=O)[C@@H](N)CC(C)C
B-1929,"n,n'-bis-phenylacetyl-cystine",O=C(Cc1ccccc1)NC(CSSCC(NC(=O)Cc1ccccc1)C(=O)O)C(=O)O
B-1931,"4,5-dichloroveratrole",COc1cc(Cl)c(Cl)cc1OC
B-1932,endothion,COc1coc(CSP(=O)(OC)OC)cc1=O
B-1933,"phosphonic acid, (1-hydroxyethylidene)bis-",CC(O)(P(=O)(O)O)P(=O)(O)O
B-1936,4-oxo-pent-2-enoic acid,CC(=O)C=CC(=O)O
B-1937,"undecanoic acid, 11-bromo-",O=C(O)CCCCCCCCCCBr
B-1938,"butanoic acid, 2-amino-, (.+-.)-",CCC(N)C(=O)O
B-1939,"1-chloro-1,2,2,2-tetrafluoroethane",FC(Cl)C(F)(F)F
B-1942,"cyclopentanecarbonitrile, 2-oxo-",N#CC1CCCC1=O
B-1943,"carbamic acid, diethylthio-, s-ethyl ester",CCSC(=O)N(CC)CC
B-1944,"phosphonic acid, phenyl, di-2-propenyl ester",C=CCOP(=O)(OCC=C)c1ccccc1
B-1945,"phosphinic acid, dibutyl-, butyl ester",CCCCOP(=O)(CCCC)CCCC
B-1946,"3,5-dichloro-2,6-dimethyl-4-pyridinol",Cc1[nH]c(C)c(Cl)c(=O)c1Cl
B-1947,"benzaldehyde, 3-bromo-4-hydroxy-",O=Cc1ccc(O)c(Br)c1
B-1948,"biphenyl, 3,4'-dichloro-",Clc1ccc(-c2cccc(Cl)c2)cc1
B-1949,"2,3-dichlorophenoxyacetic acid",O=C(O)COc1cccc(Cl)c1Cl
B-1950,"propanoic acid, 2-(acetyloxy)-, ethyl ester",CCOC(=O)C(C)OC(C)=O
B-1951,"thiocyanic acid, 4-aminophenyl ester",N#CSc1ccc(N)cc1
B-1952,"1h-purin-2-amine, 6-(trifluoromethyl)-",Nc1nc(C(F)(F)F)c2[nH]cnc2n1
B-1953,ipatone,CCN(CC)c1nc(NC(C)C)nc(OC)n1
B-1954,norazine,CNc1nc(Cl)nc(NC(C)C)n1
B-1956,2-bromo-1-chloropropane,CC(Br)CCl
B-1957,g-32292 (aratone),CNc1nc(NC(C)C)nc(OC)n1
B-1960,"l-leucine, n-methyl-",CN[C@@H](CC(C)C)C(=O)O
B-1962,"1,6-heptadiene",C=CCCCC=C
B-1963,"1,1,3-trimethylcyclohexane",CC1CCCC(C)(C)C1
B-1964,"glycine, n-(2-cyanoethyl)-",N#CCCNCC(=O)O
B-1966,"1-butanone, 1-(4-fluorophenyl)-4-(4-hydroxy-4-ph",O=C(CCCN1CCC(O)(c2ccccc2)CC1)c1ccc(F)cc1
B-1967,"4,4-dimethyl-1-pentanol",CC(C)(C)CCCO
B-1968,"l-asparagine, n2-(aminocarbonyl)-",NC(=O)C[C@H](NC(N)=O)C(=O)O
B-1969,"benzamide, n-(3,4-dichlorophenyl)-n-[(dimethylam",CN(C)C(=O)N(C(=O)c1ccccc1)c1ccc(Cl)c(Cl)c1
B-1970,"urea, chloro-",NC(=O)NCl
B-1972,d-glycero-d-gulo-heptose,O=CC(O)C(O)C(O)C(O)C(O)CO
B-1974,"benzenebutanoic acid, 4-methoxy-¥-oxo-",COc1ccc(C(=O)CCC(=O)O)cc1
B-1975,"butanoic acid, 2-[(aminoiminomethyl)amino]-",CCC(NC=NN)C(=O)O
B-1976,"2,4,6-cycloheptatrien-1-one, 5-bromo-2-hydroxy-",O=c1ccc(Br)ccc1O
B-1977,"1,2,5,6,9,10-hexabromocyclododecane",BrC1CCC(Br)C(Br)CCC(Br)C(Br)CCC1Br
B-1978,"lactic acid, 2-methyl-, isobutyl ester",CC(C)COC(=O)C(C)(C)O
B-1979,"morpholine, 4-(2-hydroxybenzoyl)-",O=C(c1ccccc1O)N1CCOCC1
B-1981,"propane, 1,3-dibromo-2,2-bis(bromomethyl)-",BrCC(CBr)(CBr)CBr
B-1982,tetrapropyl thiopyrophosphorate,CCCOP(=S)(OCCC)OP(=S)(OCCC)OCCC
B-1983,"1,10-phenanthroline, 4,7-dimethyl-",Cc1ccnc2c1ccc1c(C)ccnc12
B-1984,"peroxide, bis(1-oxopropyl)",CCC(=O)OOC(=O)CC
B-1987,2-(p-chlorophenoxy)propionic acid,CC(Oc1ccc(Cl)cc1)C(=O)O
B-1988,dimethylguanidine,CN(C)C(=N)N
B-1989,"1-naphthalenecarboxylic acid, 3,4-dihydro-",O=C(O)C1=CCCc2ccccc21
B-1993,"1-butene, 4-isothiocyanato-",C=CCCN=C=S
B-1995,"2-chloro-4,6-diamino-s-triazine",Nc1nc(N)nc(Cl)n1
B-1996,"propanamide, n,n'-1,2-ethanediylbis-",CCC(=O)NCCNC(=O)CC
B-1997,"o,p'-dde",ClC(Cl)=C(c1ccc(Cl)cc1)c1ccccc1Cl
B-1999,"2-furancarboxylic acid, 4-bromo-",O=C(O)c1cc(Br)co1
B-2001,piperalin,CC1CCCCN1CCCOC(=O)c1ccc(Cl)c(Cl)c1
B-2004,"carbamic acid, diethyl-, ethyl ester",CCOC(=O)N(CC)CC
B-2005,"2,4,6-trihydroxybenzophenone",O=C(c1ccccc1)c1c(O)cc(O)cc1O
B-2006,"di-d-fructofuranose 1,2':2,1'-dianhydride",OC[C@H]1OC2(COC3(CO2)O[C@H](CO)[C@@H](O)[C@@H]3O)[C@@H](O)[C@@H]1O
B-2007,"sulfanilamide, n1-(5-isobutyl-1,3,4-thiadiazol-2",CC(C)Cc1nnc(NS(=O)(=O)c2ccc(N)cc2)s1
B-2008,"2-amino-3,5-dibromo-n-cyclohexyl-n-methylbenzene",CN(Cc1cc(Br)cc(Br)c1N)C1CCCCC1
B-2010,"propanedioic acid, nonyl-",CCCCCCCCCC(C(=O)O)C(=O)O
B-2011,"2-cf3-4,5-dichlorobenzimidazole",FC(F)(F)c1nc2c(Cl)c(Cl)ccc2[nH]1
B-2012,reposal,CCC1(C2=CC3CCC(C2)C3)C(=O)NC(=O)NC1=O
B-2014,"d-gluconic acid, 2-amino-2-deoxy-",NC(C(=O)O)C(O)C(O)C(O)CO
B-2015,"benzeneethanamine, n-(phenylmethyl)-",c1ccc(CCNCc2ccccc2)cc1
B-2016,4-ethylacetanilide,CCc1ccc(NC(C)=O)cc1
B-2018,"spiro[benzofuran-2(3h), 1'-[2]cyclohexene]-3,4'-",COC1=CC(=O)CC(C)C12Oc1cc(OC)cc(OC)c1C2=O
B-2019,"butanal, 3-ethoxy-2-oxo-",CCOC(C)C(=O)C=O
B-2020,chlorophacinone,O=C1c2ccccc2C(=O)C1C(=O)C(c1ccccc1)c1ccc(Cl)cc1
B-2023,7-ethylbenz(a)anthracene,CCc1c2ccccc2cc2c1ccc1ccccc12
B-2024,"1,3-benzenedisulfonamide",NS(=O)(=O)c1cccc(S(N)(=O)=O)c1
B-2026,2-pyridinemethaneamine,NCc1ccccn1
B-2027,4-pyridinemethaneamine,NCc1ccncc1
B-2028,cyanthoate,CCOP(=O)(OCC)SCC(=O)NC(C)(C)C#N
B-2029,parathion-amino,CCOP(=S)(OCC)Oc1ccc(N)cc1
B-2030,fenclorim,Clc1cc(Cl)nc(-c2ccccc2)n1
B-2032,2-[n-(2-Hydroxyethyl)-3-methyl-4-phenyldiazenylanilino]ethanol,Cc1cc(N(CCO)CCO)ccc1N=Nc1ccccc1
B-2033,sulfamethomidine,COc1cc(NS(=O)(=O)c2ccc(N)cc2)nc(C)n1
B-2034,benazolin,O=C(O)Cn1c(=O)sc2cccc(Cl)c21
B-2035,"propanedioic acid, dihydrazide",NNC(=O)CC(=O)NN
B-2039,"d-gluconic acid, hydrazide",NNC(=O)C(O)C(O)C(O)C(O)CO
B-2040,fuberidazole,c1coc(-c2nc3ccccc3[nH]2)c1
B-2041,"10h-phenothiazine, 3-bromo-",Brc1ccc2c(c1)Sc1ccccc1N2
B-2042,"phenothiazine, 3-iodo-",Ic1ccc2c(c1)Sc1ccccc1N2
B-2043,"1,2-bis(2-chloroethylsulfonyl)ethane",O=S(=O)(CCCl)CCS(=O)(=O)CCCl
B-2044,alizarin complexone,O=C(O)CN(CC(=O)O)Cc1cc2c(c(O)c1O)C(=O)c1ccccc1C2=O
B-2045,"benzoic acid, 3-chloro-4-hydroxy-, methyl ester",COC(=O)c1ccc(O)c(Cl)c1
B-2046,"2,2-dimethyl-3-pentanol",CCC(O)C(C)(C)C
B-2048,"propanedioic acid, hexyl-",CCCCCCC(C(=O)O)C(=O)O
B-2049,"2,3,6-trichlorophenoxyacetic acid",O=C(O)COc1c(Cl)ccc(Cl)c1Cl
B-2050,"ethanone, 2-methoxy-1-phenyl-",COCC(=O)c1ccccc1
B-2052,2-buten-1-ol (cis),C/C=C\CO
B-2054,"butanedioic acid, tetraethyl-",CCC(CC)(C(=O)O)C(CC)(CC)C(=O)O
B-2055,"propanoic acid, 3-butoxy-, methyl ester",CCCCOCCC(=O)OC
B-2057,dipropetryne,CCSc1nc(NC(C)C)nc(NC(C)C)n1
B-2060,"propanoic acid, 3-methoxy-, butyl ester",CCCCOC(=O)CCOC
B-2063,"2,4(1h,3h)-pyrimidinedione, 5-ethyl-",CCc1c[nH]c(=O)[nH]c1=O
B-2064,"l-aspartic acid, n-methyl-",CNC(CC(=O)O)C(=O)O
B-2065,"benzoic acid, 2,2'-(1-oxo-1,2-ethanediyl)bis-",O=C(O)c1ccccc1CC(=O)c1ccccc1C(=O)O
B-2067,4-chloroazobenzene,Clc1ccc(N=Nc2ccccc2)cc1
B-2069,"naphtho[2,1-b]furan-2(1)h-one",O=C1Cc2c(ccc3ccccc23)O1
B-2071,decylpropanedioic acid,CCCCCCCCCCC(C(=O)O)C(=O)O
B-2072,"benzenemethanol, 2-hydroxy-5-methyl-",Cc1ccc(O)c(CO)c1
B-2073,"1h-pyrrole-2-carboxylic acid, 4-ethyl-5-formyl-3",CCOC(=O)c1[nH]c(C=O)c(CC)c1C
B-2074,niflumic acid,O=C(O)c1cccnc1Nc1cccc(C(F)(F)F)c1
B-2075,"2-propanone, 1-(2-piperidinyl)-",CC(=O)CC1CCCCN1
B-2077,"3,4-hexanedione, dioxime",CC/C(N=O)=C(/CC)NO
B-2078,"morpholine, 4,4',4''-phosphinylidynetris-",O=P(N1CCOCC1)(N1CCOCC1)N1CCOCC1
B-2079,"benzenesulfonamide, 4-amino-n-(4,5-dimethyl-2-py",Cc1cnc(NS(=O)(=O)c2ccc(N)cc2)nc1C
B-2080,"1,1,3-trimethylcyclopentane",CC1CCC(C)(C)C1
B-2081,"piperazine-2,5-dione, 3-methyl-",CC1NC(=O)CNC1=O
B-2082,n-nitrosomethylvinylamine,C=CN(C)N=O
B-2084,"2,4,6-cycloheptatrien-1-one, 3-bromo-2-hydroxy-",O=c1ccccc(Br)c1O
B-2085,"ethanone, 1-(2-methyloxiranyl)-",CC(=O)C1(C)CO1
B-2086,"glycine, n-[(ethylthio)thioxomethyl]-",CCSC(=S)NCC(=O)O
B-2087,lactulose,OC[C@H]1O[C@@H](O[C@@H]2[C@@H](CO)O[C@](O)(CO)[C@H]2O)[C@H](O)[C@@H](O)[C@H]1O
B-2088,"carbamic acid, diethyl-, methyl ester",CCN(CC)C(=O)OC
B-2089,"1-naphthalenebutanoic acid, .gamma.-oxo-",O=C(O)CCC(=O)c1cccc2ccccc12
B-2092,"phosphonic diamide, p-phenyl-",NP(N)(=O)c1ccccc1
B-2093,"1,3-propanediamine, n-phenyl-",NCCCNc1ccccc1
B-2095,n-phenylphthalamic acid,O=C(O)c1ccccc1C(=O)Nc1ccccc1
B-2099,"serine, o-ethyl-",CCOC[C@H](N)C(=O)O
B-2100,"propanoic acid, 2,2'-dithiobis-",O=C(O)CCSSCCC(=O)O
B-2101,crotononitrile,C/C=C/C#N
B-2103,4-methyl-1-penten-3-ol,C=CC(O)C(C)C
B-2104,2-hexene-4-ol,C/C=C/C(O)CC
B-2105,"benzenepropanoic acid, .alpha.-oxo-.beta.-phenyl",O=C(O)C(=O)C(c1ccccc1)c1ccccc1
B-2107,"phosphinic acid, di-4-morpholinyl-, phenyl ester",O=P(Oc1ccccc1)(N1CCOCC1)N1CCOCC1
B-2108,"propanoic acid, 3-hydroxy-, butyl ester",CCCCOC(=O)CCO
B-2110,"butanedioic acid, 2,2'-thiobis-",O=C(O)CC(SC(CC(=O)O)C(=O)O)C(=O)O
B-2112,"acetamide, 2-chloro-n-(chloroacetyl)-",O=C(CCl)NC(=O)CCl
B-2113,"2-benzothiazolesulfenamide, n,n-dicyclohexyl-",c1ccc2sc(SN(C3CCCCC3)C3CCCCC3)nc2c1
B-2115,"benzoic acid, 2-(acetyloxy)-, 4-(acetylamino)phe",CC(=O)Nc1ccc(OC(=O)c2ccccc2OC(C)=O)cc1
B-2116,"piperidine, 1-(phenylsulfonyl)-",O=S(=O)(c1ccccc1)N1CCCCC1
B-2117,"benzeneacetonitrile, .alpha.-(diethylamino)-",CCN(CC)C(C#N)c1ccccc1
B-2123,"hexanedioic acid, 2,5-dimercapto-",O=C(O)C(S)CCC(S)C(=O)O
B-2125,"ethane, 1,1'-oxybis[2-[(2-chloroethyl)sulfonyl]-",O=S(=O)(CCCl)CCOCCS(=O)(=O)CCCl
B-2126,"1,4-benzenedicarboxylic acid, 2-methoxy-",COc1cc(C(=O)O)ccc1C(=O)O
B-2128,"acetamide, n-(4-chloro-2-methylphenyl)-",CC(=O)Nc1ccc(Cl)cc1C
B-2130,"benzeneacetic acid, -[(sulfooxy)methyl]-, 8-meth",CN1C2CCC1CC(OC(=O)C(COS(=O)(=O)O)c1ccccc1)C2
B-2133,cyclohexylacetic acid,O=C(O)CC1CCCCC1
B-2134,"propanamide, n-hexadecyl-2-hydroxy-",CCCCCCCCCCCCCCCCNC(=O)C(C)O
B-2135,"propanamide, 2-hydroxy-n-pentyl-",CCCCCNC(=O)C(C)O
B-2136,"d-glycero-d-gulo-heptopyranoside, phenyl, á-",OCC(O)C1OC(Oc2ccccc2)C(O)C(O)C1O
B-2138,"3-pyridinecarboxylic acid, decyl ester",CCCCCCCCCCOC(=O)c1cccnc1
B-2139,"dl-leucine, n-formyl-",CC(C)CC(NC=O)C(=O)O
B-2141,"methanesulfonamide, n-(methylsulfonyl)-",CS(=O)(=O)NS(C)(=O)=O
B-2142,"propionic acid, 3-methoxy-, propyl ester",CCCOC(=O)CCOC
B-2143,"1,1,4,4-tetramethoxy-but-2-ene",COC(/C=C\C(OC)OC)OC
B-2144,"1h-pyrrole, 2,3-dihydro-1,5-dimethyl-",CC1=CCCN1C
B-2146,"phosphonothioic  dihydrazide, p-phenyl-",NNP(=S)(NN)c1ccccc1
B-2147,"acetic acid, (3,5-dimethylphenoxy)-",Cc1cc(C)cc(OCC(=O)O)c1
B-2148,"2,8-dichlorodibenzofuran",Clc1ccc2oc3ccc(Cl)cc3c2c1
B-2149,n-hexyl-lactamide,CCCCCCNC(=O)C(C)O
B-2150,2-acetoxy-propionic acid butyl ester,CCCCOC(=O)C(C)OC(C)=O
B-2151,"1h-purine-2,6-dione, 8-ethyl-3,7-dihydro-1,3,7-t",CCc1nc2c(c(=O)n(C)c(=O)n2C)n1C
B-2152,"imidodicarbonimidic diamide, n-2-naphthalenyl-",NC(N)=NC(N)=Nc1ccc2ccccc2c1
B-2153,"(2,5-dioxoimidazolidin-4-yl)acetic acid",O=C(O)CC1NC(=O)NC1=O
B-2155,"carbamothioic acid, s-[2-oxo-2-(phenylamino)ethy",NC(=O)SCC(=O)Nc1ccccc1
B-2156,"butanedioic acid, (diphenylmethylene)-, 1-ethyl",CCOC(=O)C(CC(=O)O)=C(c1ccccc1)c1ccccc1
B-2157,"6h-purin-6-one, 2-chloro-1,7-dihydro-7-methyl-,",Cn1cnc2nc(Cl)nc(NN)c21
B-2158,"4h-pyran-3,5-dicarboxylic acid, 2,6-dimethyl-4-o",CCOC(=O)c1c(C)oc(C)c(C(=O)OCC)c1=O
B-2160,"l-glutamic acid, n,n-bis(2-cyanoethyl)-",N#CCCN(CCC#N)C(CCC(=O)O)C(=O)O
B-2161,"dl-methionine, n,n-bis(2-cyanoethyl)-",CSCCC(C(=O)O)N(CCC#N)CCC#N
B-2162,"propanoic acid, 2-hydroxy-, octyl ester",CCCCCCCCOC(=O)C(C)O
B-2163,"2h-1,4-benzoxazin-3(4h)-one",O=C1COc2ccccc2N1
B-2164,"2-butenedioic acid, 2-propyl-, (e)-",CCC/C(=C\C(=O)O)C(=O)O
B-2165,"1,4-piperazinedicarboxylic acid, diethyl ester",CCOC(=O)N1CCN(C(=O)OCC)CC1
B-2166,"2,6-di-sec-butylphenol",CC[C@@H](C)c1cccc([C@@H](C)CC)c1O
B-2169,6-phenylcaproic acid,O=C(O)CCCCCc1ccccc1
B-2171,"1-cyclopentene-1-carboxylic acid, 2,3,3-trimethy",CC1=C(C(=O)O)CCC1(C)C
B-2172,chlorpyrifos methyl,COP(=S)(OC)Oc1nc(Cl)c(Cl)cc1Cl
B-2174,"cyclopropane, ethoxy-",CCOC1CC1
B-2177,"2-pyrrolidinecarboxamide, 5-oxo-n-phenyl-",O=C1CCC(C(=O)Nc2ccccc2)N1
B-2178,"phenol, 4-(phenylthio)-",Oc1ccc(Sc2ccccc2)cc1
B-2179,"ethane, 1,1'-[oxybis(methyleneoxy)]bis-",CCOCOCOCC
B-2180,"naphtho[1,2-c]furan-1(3h)-one",O=C1OCc2ccc3ccccc3c21
B-2181,"glycine, n-(2-furanylcarbonyl)-",O=C(O)CNC(=O)c1ccco1
B-2182,"5-thiazolecarboxylic acid, 2-[[(4-aminophenyl)su",Nc1ccc(S(=O)(=O)Nc2ncc(C(=O)O)s2)cc1
B-2184,"butanedioic acid, 2,2-diethyl-",CCC(CC)(CC(=O)O)C(=O)O
B-2185,"benzenepropanoic acid, .alpha.,.beta.-dihydroxy-",O=C(O)C(O)C(O)c1ccccc1
B-2186,"hydrocinnamic acid, .alpha.-ethylidene-",CC=C(Cc1ccccc1)C(=O)O
B-2187,"benzoic acid, 4-[(3-pyridinylcarbonyl)amino]-",O=C(O)c1ccc(NC(=O)c2cccnc2)cc1
B-2188,"2-propanone, 1,1-diethoxy-",CCOC(OCC)C(C)=O
B-2190,"1,8,15,22-tetraazacyclooctacosane-2,9,16,23-tetr",O=C1CCCCCNC(=O)CCCCCNC(=O)CCCCCNC(=O)CCCCCN1
B-2191,"isopropyl-4,4'-dichlorobenzilate",CC(C)OC(=O)C(O)(c1ccc(Cl)cc1)c1ccc(Cl)cc1
B-2193,"ethanol, 2-mercapto-, 1-acetate",CC(=O)OCCS
B-2195,"thioperoxydiphosphoric acid, tetramethyl ester",COP(=S)(OC)SSP(=S)(OC)OC
B-2197,"propanoic acid, 3-phosphono-",O=C(O)CCP(=O)(O)O
B-2200,"ethanamine, 2,2'-thiobis[n,n-diethyl-",CCN(CC)CCSCCN(CC)CC
B-2202,5-oxo-3-phenyl-hexanoic acid,CC(=O)CC(CC(=O)O)c1ccccc1
B-2204,"benzenamine, 4,4'-(1,2-ethynediyl)bis-",Nc1ccc(C#Cc2ccc(N)cc2)cc1
B-2205,"benzoic acid, 2-(2-hydroxybenzoyl)-",O=C(O)c1ccccc1C(=O)c1ccccc1O
B-2207,"2-butanol, 1,1,1-trichloro-",CCC(O)C(Cl)(Cl)Cl
B-2209,"1,3-dioxolane, 2-(2-methylpropyl)-",CC(C)CC1OCCO1
B-2210,"2(1h)-azecinone, octahydro-",O=C1CCCCCCCCN1
B-2211,"methanamine, n-chloro-",CNCl
B-2214,"propanoic acid, 2,3-dimercapto-",O=C(O)C(S)CS
B-2216,"2h-azepin-2-one, 1-benzoylhexahydro-",O=C1CCCCCN1C(=O)c1ccccc1
B-2217,c.i. disperse orange 13,O=C1C=CC(=NNc2ccc(N=Nc3ccccc3)c3ccccc23)C=C1
B-2218,"2-bornanecarboxylic acid, 2-amino-",CC1(C)C2CCC1(C)C(N)(C(=O)O)C2
B-2220,"benzenesulfonamide, 3-amino-4-methyl-",Cc1ccc(S(N)(=O)=O)cc1N
B-2221,"lactamide, n-octyl-",CCCCCCCCNC(=O)C(C)O
B-2222,"lactamide, n-decyl-",CCCCCCCCCCNC(=O)C(C)O
B-2223,"propanoic acid, 2-hydroxy-, 1-methyl-2-oxo-2-(2-",C=CCOC(=O)C(C)OC(=O)C(C)O
B-2224,"d-glucitol, 1-deoxy-1-(methylamino)-",CNCC(O)C(O)C(O)C(O)CO
B-2225,"propanoic acid, 2-(acetyloxy)-, methyl ester",COC(=O)C(C)OC(C)=O
B-2226,"glycine, n,n-bis(2-cyanoethyl)-",N#CCCN(CCC#N)CC(=O)O
B-2227,"5-quinoxalinamine, 6,7-dimethoxy-",COc1cc2nccnc2c(N)c1OC
B-2228,"urea, 1-methyl-1-p-tolyl-",Cc1ccc(N(C)C(N)=O)cc1
B-2229,"2,4-dimethyl-1-pentanol",CC(C)CC(C)CO
B-2230,"benzamide, 4-(aminosulfonyl)-",NC(=O)c1ccc(S(N)(=O)=O)cc1
B-2231,"2,4(1h,3h)-pyrimidinedione, 5-methyl-1-(phenylme",Cc1cn(Cc2ccccc2)c(=O)[nH]c1=O
B-2232,"1h-imidazole-4-sulfonic acid, 5-methyl-",Cc1[nH]cnc1S(=O)(=O)O
B-2233,"2,3-quinoxalinedione, 1,4-dihydro-6-methyl-",Cc1ccc2[nH]c(=O)c(=O)[nH]c2c1
B-2235,"9-acridinol, 9,10-dihydro-10-methyl-9-phenyl-",CN1c2ccccc2C(O)(c2ccccc2)c2ccccc21
B-2236,"2-cyclohexene-1,2-dicarboxylic acid, 1-methyl-",CC1(C(=O)O)CCCC=C1C(=O)O
B-2237,"dl-aspartic acid, n,n-bis(2-cyanoethyl)-",N#CCCN(CCC#N)C(CC(=O)O)C(=O)O
B-2238,"1,2-benzenedicarboxamide, n,n,n',n'-tetramethyl-",CN(C)C(=O)c1ccccc1C(=O)N(C)C
B-2240,trichothecin,C/C=C\C(=O)O[C@@H]1C[C@H]2O[C@@H]3C=C(C)C(=O)C[C@]3(C)[C@]1(C)[C@@]21CO1
B-2241,amyl lactate,CCCCCOC(=O)C(C)O
B-2242,cloxyfonac,O=C(O)COc1ccc(Cl)cc1CO
B-2243,allyxycarb [bsi:iso],C=CCN(CC=C)c1c(C)cc(OC(=O)NC)cc1C
B-2244,3-chlorodiphenyl ether,Clc1cccc(Oc2ccccc2)c1
B-2248,"alanine, n-(2-bromo-3-methylbutyryl)-, dl-",CC(NC(=O)C(Br)C(C)C)C(=O)O
B-2249,pentoxifylline,CC(=O)CCCCn1c(=O)c2c(ncn2C)n(C)c1=O
B-2250,"benzoic acid, 4-hydroxy-, pentyl ester",CCCCCOC(=O)c1ccc(O)cc1
B-2252,"1,3-benzodioxole-5-acetaldehyde",O=CCc1ccc2c(c1)OCO2
B-2253,"4-oxo-1,2,3,4-tetrahydro-<2>naphthoic acid",O=C1CC(C(=O)O)Cc2ccccc21
B-2254,eglinazine ethyl,CCNc1nc(Cl)nc(NCC(=O)OCC)n1
B-2255,"l-serine, n-l-seryl-",NC(CO)C(=O)NC(CO)C(=O)O
B-2256,"1,2-cyclopentanedione, dioxime",O=NC1=C(NO)CCC1
B-2257,"2-pyrrolidinone, 5-methyl-1-phenyl-",CC1CCC(=O)N1c1ccccc1
B-2264,"phosphinic acid, mesityl-",Cc1cc(C)c([PH](=O)O)c(C)c1
B-2265,sec-butyl methyl ether,CCC(C)OC
B-2266,"1,3-propanediol, 2-(2-propenyloxy)-",C=CCOC(CO)CO
B-2273,glutamic acid,NC(CCC(=O)O)C(=O)O
B-2274,"2,4'-dichlorodiphenyl ether",Clc1ccc(Oc2ccccc2Cl)cc1
B-2275,"acetamide, n,n'-(phenylmethylene)bis-",CC(=O)NC(NC(C)=O)c1ccccc1
B-2278,"benzene, 1,2,4,5-tetrachloro-3-methoxy-",COc1c(Cl)c(Cl)cc(Cl)c1Cl
B-2280,"nicotinic acid, butyl ester",CCCCOC(=O)c1cccnc1
B-2281,"1,3-propanediol, monobenzoate",O=C(OCCCO)c1ccccc1
B-2285,4-chlorophenyl phenyl ether,Clc1ccc(Oc2ccccc2)cc1
B-2287,"benzene, 1-bromo-2-(1-methylethyl)-",CC(C)c1ccccc1Br
B-2289,"phosphinic acid, dibutyl-, ethyl ester",CCCCP(=O)(CCCC)OCC
B-2291,"4-picoline, 2-chloro-6-methoxy-alpha,alpha,alpha",COc1cc(C(Cl)(Cl)Cl)cc(Cl)n1
B-2292,"acetamide, n-acetyl-n-(4-ethoxyphenyl)-",CCOc1ccc(N(C(C)=O)C(C)=O)cc1
B-2293,"phosphoric acid, dibutyl ethyl ester",CCCCOP(=O)(OCC)OCCCC
B-2294,"phosphoric acid, dibutyl methyl ester",CCCCOP(=O)(OC)OCCCC
B-2295,5-quinolinecarboxylic acid,O=C(O)c1cccc2ncccc12
B-2296,"chloramben, methyl ester",COC(=O)c1cc(Cl)cc(N)c1Cl
B-2297,"2,2,3-trimethyl-3-pentanol",CCC(C)(O)C(C)(C)C
B-2298,"butanediamide, n,n,n',n'-tetramethyl-",CN(C)C(=O)CCC(=O)N(C)C
B-2300,"2,5-piperazinedione, 1,4-bis(hydroxymethyl)-",O=C1CN(CO)C(=O)CN1CO
B-2301,"barbituric acid, 5-ipr",CC(C)C1C(=O)NC(=O)NC1=O
B-2302,"phosphonic acid, 4-morpholinyl-, diphenyl ester",O=P(Oc1ccccc1)(Oc1ccccc1)N1CCOCC1
B-2303,n-methyl-n-nitrosoacetamide,CC(=O)N(C)N=O
B-2304,endrin aldehyde,O=CC1CC2C3C1C1(Cl)C(Cl)(Cl)C3(Cl)C3(Cl)C2C13Cl
B-2307,"4-benzothiazolol, 2-amino-",Nc1nc2c(O)cccc2s1
B-2308,"3-furancarboxylic acid, tetrahydro-3-methyl-2-ox",CC1(C(=O)O)CCOC1=O
B-2309,"1,2-anthracenedicarboxylic acid, 9,10-dihydro-9,",O=C(O)c1ccc2c(c1C(=O)O)C(=O)c1ccccc1C2=O
B-2311,"1,4-dioxane, 2,5-dimethoxy-2,5-dimethyl-",COC1(C)COC(C)(OC)CO1
B-2313,azacyclotetradecan-2-one,O=C1CCCCCCCCCCCCN1
B-2314,"benzenemethanol, 3,4,5-trichloro-",OCc1cc(Cl)c(Cl)c(Cl)c1
B-2316,8-quinazolinol,Oc1cccc2cncnc12
B-2317,butane-1-thiosulfinic acid s-butyl ester,CCCCSS(=O)CCCC
B-2318,phenylethanolamine,NCC(O)c1ccccc1
B-2320,"2-furancarboxamide, n-hydroxy-n-phenyl-",O=C(c1ccco1)N(O)c1ccccc1
B-2323,"nicotinic acid, propyl ester",CCCOC(=O)c1cccnc1
B-2325,"dl-norleucine, n-acetyl-",CCCCC(NC(C)=O)C(=O)O
B-2327,crotoxyphos,COP(=O)(OC)O/C(C)=C/C(=O)OC(C)c1ccccc1
B-2328,"1-naphthalenecarboxylic acid, 2-chloro-",O=C(O)c1c(Cl)ccc2ccccc12
B-2329,pretilchlor,CCCOCCN(C(=O)CCl)c1c(CC)cccc1CC
B-2337,mevinphos,COC(=O)/C=C(\C)OP(=O)(OC)OC
B-2338,"1,1,1-trichloropropane",CCC(Cl)(Cl)Cl
B-2342,"ethanol, 2-(octyloxy)-",CCCCCCCCOCCO
B-2343,"butanenitrile, 2-hydroxy-3-methyl-, (r)-",CC(C)[C@@H](O)C#N
B-2344,"1-butanol, 2-ethyl-, acetate",CCC(CC)COC(C)=O
B-2347,"1,1-cyclopropanedicarboxylic acid, 2-methyl-",CC1CC1(C(=O)O)C(=O)O
B-2348,"butanedioic acid, 2,2-diphenyl-",O=C(O)CC(C(=O)O)(c1ccccc1)c1ccccc1
B-2349,"2,2-dibromo-2-cyanoacetamide",N#CC(Br)(Br)C(N)=O
B-2350,glyburide,COc1ccc(Cl)cc1C(=O)NCCc1ccc(S(=O)(=O)NC(=O)NC2CCCCC2)cc1
B-2351,methamidophos,COP(N)(=O)SC
B-2353,n-isobutylmorpholine,CC(C)CN1CCOCC1
B-2354,"l-tyrosine, n-acetyl-3,5-dibromo-",CC(=O)N[C@@H](Cc1cc(Br)c(O)c(Br)c1)C(=O)O
B-2355,6-quinolinecarboxylic acid,O=C(O)c1ccc2ncccc2c1
B-2356,"3-pyridinecarboxamide, n-cyclohexyl-",O=C(NC1CCCCC1)c1cccnc1
B-2357,3-hydroxycamphor,CC12CCC(C(O)C1=O)C2(C)C
B-2359,"3-octyloxy-propane-1,2-diol",CCCCCCCCOCC(O)CO
B-2360,mcpb-ethyl,CCOC(=O)CCCOc1ccc(Cl)cc1C
B-2362,bromperidol,O=C(CCCN1CCC(O)(c2ccc(Br)cc2)CC1)c1ccc(F)cc1
B-2363,"phenol, 2,3,4,6-tetrachloro-5-methyl-",Cc1c(Cl)c(O)c(Cl)c(Cl)c1Cl
B-2364,"phosphoric acid, ethyl dimethyl ester",CCOP(=O)(OC)OC
B-2365,terbufos sulfoxide,CCOP(=S)(OCC)SCS(=O)C(C)(C)C
B-2368,azadirachtin,C/C=C(\C)C(=O)O[C@H]1C[C@@H](OC(C)=O)[C@@]2(C(=O)OC)CO[C@H]3[C@@H](O)[C@@](C)([C@]45O[C@@]4(C)[C@H]4C[C@@H]5O[C@@H]5OC=C[C@@]54O)[C@H]4[C@]1(CO[C@]4(O)C(=O)OC)[C@@H]32
B-2369,ethephon,O=P(O)(O)CCCl
B-2372,landrin,CNC(=O)Oc1cc(C)cc(C)c1C
B-2375,"o1,o3-diisopropyl-glycerol",CC(C)OCC(O)COC(C)C
B-2377,"propane, 1,2,2,3-tetrachloro-",ClCC(Cl)(Cl)CCl
B-2378,periplocin,COC1C(O)[C@H](O[C@H]2CC[C@]3(C)C4CC[C@]5(C)[C@@H](C6=CC(=O)OC6)CC[C@]5(O)C4CC[C@]3(O)C2)OC(CO[C@@H]2C(O)C[C@@H](O)OC2C)[C@H]1O
B-2379,"1,4-benzenedicarboxamide, n,n,n',n'-tetramethyl-",CN(C)C(=O)c1ccc(C(=O)N(C)C)cc1
B-2380,"3-pyridinecarboxamide, n-2-pyridinyl-",O=C(Nc1ccccn1)c1cccnc1
B-2383,"o-ethyl s,s-dipropyl phosphorodithioate",CCCSP(=O)(OCC)SCCC
B-2384,"8h-purin-8-one, 1,7-dihydro-",O=c1[nH]c2cncnc2[nH]1
B-2385,n-nitrososarcosine,CN(CC(=O)O)N=O
B-2386,"imidodicarbonimidic diamide, n-1-naphthalenyl-",N=C(N)NC(=N)Nc1cccc2ccccc12
B-2387,kitazine,CCOP(=O)(OCC)SCc1ccccc1
B-2388,procion blue mx-r,Nc1c(S(=O)(=O)O)cc(Nc2ccc(S(=O)(=O)O)c(Nc3nc(Cl)nc(Cl)n3)c2)c2c1C(=O)c1ccccc1C2=O
B-2390,"1-butanamine, n-ethyl-",CCCCNCC
B-2391,"2,4(1h,3h)-pteridinedione, 1,3-dimethyl-",Cn1c(=O)c2nccnc2n(C)c1=O
B-2395,pyrazophos,CCOC(=O)c1cn2nc(OP(=S)(OCC)OCC)cc2nc1C
B-2396,"2(1h)-pyridinone, 5-iodo-",O=c1ccc(I)c[nH]1
B-2397,guazatine free base,NC(N)=NCCCCCCCCNCCCCCCCCN=C(N)N
B-2398,2-diethylamino-4-ethylamino-6-methoxy-s-triazi*,CCNc1nc(OC)nc(N(CC)CC)n1
B-2399,"propanoic acid, 2-hydroxy-, 2-butoxy-1-methyl-2-",CCCCOC(=O)C(C)OC(=O)C(C)O
B-2400,"urea, n,n''-methylenebis-",NC(=O)NCNC(N)=O
B-2401,1-amino-2-butanol,CCC(O)CN
B-2402,dechlorane plus,ClC1=C(Cl)C2(Cl)C3CCC4C(CCC3C1(Cl)C2(Cl)Cl)C1(Cl)C(Cl)=C(Cl)C4(Cl)C1(Cl)Cl
B-2403,quinalphos,CCOP(=S)(OCC)Oc1cnc2ccccc2n1
B-2405,"piperidine, 3-propyl-,",CCCC1CCCNC1
B-2406,"2-propanol, 1-chloro-, phosphate (3:1)",CC(CCl)OP(=O)(OC(C)CCl)OC(C)CCl
B-2410,delmadinone acetate,CC(=O)OC1(C(C)=O)CCC2C3C=C(Cl)C4=CC(=O)C=CC4(C)C3CCC21C
B-2412,sec-butylamine,CCC(C)N
B-2413,4-bromo-trans-crotonic acid,O=C(O)/C=C/CBr
B-2414,metiazinic acid,CN1c2ccccc2Sc2ccc(CC(=O)O)cc21
B-2418,"4-pteridinamine, n,n-dimethyl-",CN(C)c1ncnc2nccnc12
B-2419,"propanoic acid, 3-ethoxy-, methyl ester",CCOCCC(=O)OC
B-2420,"propanoic acid, 3-ethoxy-, butyl ester",CCCCOC(=O)CCOCC
B-2421,"propionic acid, 3-ethoxy-, pentyl ester",CCCCCOC(=O)CCOCC
B-2422,"propionic acid, 3-ethoxy-, hexyl ester",CCCCCCOC(=O)CCOCC
B-2423,"propionic acid, 3-propoxy-, methyl ester",CCCOCCC(=O)OC
B-2424,"propanoic acid, 3-propoxy-, propyl ester",CCCOCCC(=O)OCCC
B-2425,"propanoic acid, 3-butoxy-, butyl ester",CCCCOCCC(=O)OCCCC
B-2427,Dibenzo-18-crown-6,c1ccc2c(c1)OCCOCCOc1ccccc1OCCOCCO2
B-2429,fenazaflor,O=C(Oc1ccccc1)n1c(C(F)(F)F)nc2cc(Cl)c(Cl)cc21
B-2431,Valylglycine,CC(C)C(N)C(=O)NCC(=O)O
B-2432,"1,3-benzenedicarboxamide, n,n,n',n'-tetramethyl-",CN(C)C(=O)c1cccc(C(=O)N(C)C)c1
B-2434,ethyl 4-chlorophenoxyacetate,CCOC(=O)COc1ccc(Cl)cc1
B-2435,chlorfenprop methyl,COC(=O)C(Cl)Cc1ccc(Cl)cc1
B-2436,3-(2-methylphenoxy)pyridazine,Cc1ccccc1Oc1cccnn1
B-2437,"1,2,4-triazolidine-3,5-dione, 4-methyl-1-phenyl-",Cn1c(=O)[nH]n(-c2ccccc2)c1=O
B-2438,"benzamide, 2-(2-propenyloxy)-",C=CCOc1ccccc1C(N)=O
B-2441,"2,5-piperazinedione, 3-(1-methylethyl)-",CC(C)C1NC(=O)CNC1=O
B-2443,"3-heptanol, 4-methyl- (van8ci9ci)",CCCC(C)C(O)CC
B-2444,"1,6-dioxaspiro[4,4]nonane, 2,2,7,7-tetramethyl-",CC1(C)CCC2(CCC(C)(C)O2)O1
B-2445,"phenol, 2,2'-sulfonylbis-",O=S(=O)(c1ccccc1O)c1ccccc1O
B-2447,"1,1,2,3,3-pentachloropropane",ClC(Cl)C(Cl)C(Cl)Cl
B-2449,"glutaric acid, 3-hydroxy-3-(phenylcarbamoyl)-",O=C(O)CC(O)(CC(=O)O)C(=O)Nc1ccccc1
B-2450,"benzoic acid, 4-hydroxy-3-iodo-, methyl ester",COC(=O)c1ccc(O)c(I)c1
B-2451,"benzoic acid, 4-hydroxy-3-iodo-, ethyl ester",CCOC(=O)c1ccc(O)c(I)c1
B-2452,"benzoic acid, 4-hydroxy-3-iodo-, propyl ester",CCCOC(=O)c1ccc(O)c(I)c1
B-2453,"benzoic acid, 4-hydroxy-3-iodo-, butyl ester",CCCCOC(=O)c1ccc(O)c(I)c1
B-2461,noxythiolin,CNS#CNCO
B-2462,"propanenitrile, 2-(acetyloxy)-",CC(=O)OC(C)C#N
B-2465,"quinoxaline-1,4-dihydro-2,3-dione",O=c1[nH]c2ccccc2[nH]c1=O
B-2466,"4,4-dimethyloctane",CCCCC(C)(C)CCC
B-2468,"acetic acid, 2,2'-tetrathiobis-",O=C(O)CSSSSCC(=O)O
B-2469,"ethanol, 2-butoxy-, carbamate",CCCCOCCOC(N)=O
B-2470,pentachlorobenzyl alcohol,OCc1c(Cl)c(Cl)c(Cl)c(Cl)c1Cl
B-2474,"phosphonic acid, hexyl-, diethyl ester",CCCCCCP(=O)(OCC)OCC
B-2475,"2-naphthol, 3-(2-imidazolin-2-yl)-",Oc1cc2ccccc2cc1C1=NCCN1
B-2476,"phenol, 2-iodo-4-methyl-",Cc1ccc(O)c(I)c1
B-2477,"2-propenoic acid, 3-[2-(acetyloxy)phenyl]-, (e)-",CC(=O)Oc1ccccc1/C=C/C(=O)O
B-2479,"benzoic acid, 3-chloro-4-hydroxy-, ethyl ester",CCOC(=O)c1ccc(O)c(Cl)c1
B-2480,"l-glutamic acid, n-l-leucyl-",CC(C)C[C@H](N)C(=O)N[C@@H](CCC(=O)O)C(=O)O
B-2481,"butanamide, n-methyl-n-nitroso-",CCCC(=O)N(C)N=O
B-2483,"2-propenamide, 2-chloro-",C=C(Cl)C(N)=O
B-2484,cyclopropyl vinyl ether,C=COC1CC1
B-2485,"hydantoin, 5-methyl-5-(2-piperidinoethyl)-",CC1(CCN2CCCCC2)NC(=O)NC1=O
B-2487,"2-thiazolecarboxylic acid, hydrazide",NNC(=O)c1nccs1
B-2489,"3,4,5-trichloroveratrole",COc1cc(Cl)c(Cl)c(Cl)c1OC
B-2490,4-chloroguaiacol,COc1cc(Cl)ccc1O
B-2491,"benzenesulfonamide, 4-amino-n-1,3,4-thiadiazol-2",Nc1ccc(S(=O)(=O)Nc2nncs2)cc1
B-2492,"2-furanacetic acid, tetrahydro-2-methyl-5-oxo-,",CCOC(=O)CC1(C)CCC(=O)O1
B-2493,"succinic acid, 2-ethyl-3-phenyl-",CCC(C(=O)O)C(C(=O)O)c1ccccc1
B-2494,"benzamide, 2,4-dichloro-n-hydroxy-n-phenyl-",O=C(c1ccc(Cl)cc1Cl)N(O)c1ccccc1
B-2495,"pteridine, 2-(methylthio)-",CSc1ncc2nccnc2n1
B-2496,"barbituric acid, 5-bromo-5-isopropyl-",CC(C)C1(Br)C(=O)NC(=O)NC1=O
B-2497,"1,4-benzenedisulfonamide",NS(=O)(=O)c1ccc(S(N)(=O)=O)cc1
B-2498,"barbituric acid,5,5-dibutyl-",CCCCC1(CCCC)C(=O)NC(=O)NC1=O
B-2499,8-cinnolinol,Oc1cccc2ccnnc12
B-2500,"8-cinnolinol, 4-methyl-",Cc1cnnc2c(O)cccc12
B-2501,5-quinoxalinol,Oc1cccc2nccnc12
B-2502,"1,6-naphthyridin-8-ol",Oc1cncc2cccnc12
B-2503,"glycine, n-[n-(n-carbamoylglycyl)glycyl]-",NC(=O)NCC(=O)NCC(=O)NCC(=O)O
B-2504,"butanoic acid, 2-(ethylamino)-",CCNC(CC)C(=O)O
B-2506,"glycine, n-[n-(aminocarbonyl)glycyl]-",NC(=O)NCC(=O)NCC(=O)O
B-2507,isopropyl t-butyl ether,CC(C)OC(C)(C)C
B-2510,"1,3,5-benzenetricarboxylic acid, 2-methoxy-",COc1c(C(=O)O)cc(C(=O)O)cc1C(=O)O
B-2511,"1(3h)-isobenzofuranone, 3-ethyl-",CCC1OC(=O)c2ccccc21
B-2513,"1,2,4-triazin-3-amine, 5,6-dimethyl-",Cc1nnc(N)nc1C
B-2514,bensultap,CN(C)C(CSS(=O)(=O)c1ccccc1)CSS(=O)(=O)c1ccccc1
B-2515,"butanedinitrile, ethyl-",CCC(C#N)CC#N
B-2516,amicetin,CC1OC(n2ccc(NC(=O)c3ccc(NC(=O)C(C)(N)CO)cc3)nc2=O)CCC1OC1OC(C)C(N(C)C)C(O)C1O
B-2517,"1,2-benzenedicarboxylic acid, mono(2-hydroxyethy",O=C(O)c1ccccc1C(=O)OCCO
B-2521,fentiazac,O=C(O)Cc1sc(-c2ccccc2)nc1-c1ccc(Cl)cc1
B-2522,"1-pentene, 5-isothiocyanato-",C=CCCCN=C=S
B-2524,"benzaldehyde, 4-hydroxy-3-methoxy-2-methyl-",COc1c(O)ccc(C=O)c1C
B-2525,"benzoic acid, 4-amino-, 1-methylethyl ester",CC(C)OC(=O)c1ccc(N)cc1
B-2527,"1-propanamine, 3-(trimethylsilyl)-",C[Si](C)(C)CCCN
B-2529,"benzenemethanol, 4-iodo-",OCc1ccc(I)cc1
B-2530,"1,2-cyclohexanedione, 3-methyl-, dioxime",CC1CCCC(=NO)C1=NO
B-2531,"1,2-cyclohexanedione, 4-methyl-, dioxime",CC1CCC(N=O)=C(NO)C1
B-2532,"1,2-cyclohexanedione, 4-isopropyl-, dioxime",CC(C)C1CCC(=NO)C(=NO)C1
B-2534,"benz(a)anthracene-4,5-dimethylene",Cc1cccc2c1c(C)cc1cc3ccccc3cc12
B-2535,"1,2-cyclodecanedione, dioxime",ON=C1CCCCCCCCC1=NO
B-2536,"2-cyclopenta[c]pyran-4-carboxylic acid, 1-(á-d-g",COC(=O)C1=CO[C@@H](O[C@@H]2O[C@H](CO)[C@@H](O)[C@H](O)[C@H]2O)[C@@H]2[C@@H](C)[C@@H](O)C[C@H]12
B-2538,"ethanesulfinothioic acid, s-ethyl ester",CCSS(=O)CC
B-2539,albuterol,CC(C)(C)NCC(O)c1ccc(O)c(CO)c1
B-2540,"2h-pyran, tetrahydro-2-methoxy-6-methyl-",COC1CCCC(C)O1
B-2541,"2-oxabicyclo[2.2.2]octan-6-one, 1,3,3-trimethyl-",CC12CCC(CC1=O)C(C)(C)O2
B-2542,methabenzthiazuron,CNC(=O)N(C)c1nc2ccccc2s1
B-2543,"3-heptanol, 2-methyl-",CCCCC(O)C(C)C
B-2544,"3-heptanol, 5-methyl-",CCC(C)CC(O)CC
B-2545,ethylisopentylcarbinol,CCC(O)CCC(C)C
B-2547,isoxathion,CCOP(=S)(OCC)Oc1cc(-c2ccccc2)on1
B-2549,"benzenemethanol, 2-bromo-",OCc1ccccc1Br
B-2551,"acetamide, n- 4- (2-pyridinylamino)sulfonyl phen",CC(=O)Nc1ccc(S(=O)(=O)Nc2ccccn2)cc1
B-2552,"2,4-pteridinediamine, 6,7-diethyl-",CCc1nc2nc(N)nc(N)c2nc1CC
B-2553,"pteridine, 2-(methylamino)-",CNc1ncc2nccnc2n1
B-2554,"nicotinamide, n-(6-methoxy-8-quinolyl)-",COc1cc(NC(=O)c2cccnc2)c2ncccc2c1
B-2555,polyoxin b,NC(=O)OC[C@H](O)[C@@H](O)[C@H](N)C(=O)N[C@H](C(=O)O)[C@H]1O[C@@H](n2cc(CO)c(=O)[nH]c2=O)C(O)C1O
B-2556,5-chlorovanillin,COc1cc(C=O)cc(Cl)c1O
B-2557,"1(3h)-isobenzofuranone, 6-bromo-",O=C1OCc2ccc(Br)cc21
B-2558,"3,5-dimethyl-4-heptanol",CCC(C)C(O)C(C)CC
B-2560,"phenol, 2,4-dichloro-6-(phenylmethyl)-",Oc1c(Cl)cc(Cl)cc1Cc1ccccc1
B-2561,"1(3h)-isobenzofuranone, 6-chloro-",O=C1OCc2ccc(Cl)cc21
B-2563,"1-naphthoic acid, 4-ethoxy-",CCOc1ccc(C(=O)O)c2ccccc12
B-2564,"1,2-butanediol, 2-methyl-1-phenyl-",CCC(C)(O)C(O)c1ccccc1
B-2567,"dl-serine, o-methyl-",COC[C@H](N)C(=O)O
B-2568,"4(1h)-pyrimidinone, 5-bromo-",O=c1[nH]cncc1Br
B-2569,"3-pyridinecarbonitrile, 6-chloro-1,2-dihydro-4-h",N#Cc1c(O)[nH]c(Cl)cc1=O
B-2570,"propanoic acid, 3-hydroxy-2-methyl-, 2,3,3a,4,5,",C=C1C(=O)O[C@@H]2/C=C(\CO)CC/C=C(\C)C[C@H](OC(=O)C(C)CO)[C@@H]12
B-2571,ethyl isopropylamine,CCNC(C)C
B-2572,"1,2,3,4-tetrachloronaphthalene",Clc1c(Cl)c(Cl)c2ccccc2c1Cl
B-2573,"benzoic acid, 4-amino-, dodecyl ester",CCCCCCCCCCCCOC(=O)c1ccc(N)cc1
B-2575,"a-(2,2,2-trichloroethyl)styrene",C=C(CC(Cl)(Cl)Cl)c1ccccc1
B-2577,diethyl pentyl phosphate,CCCCCOP(=O)(OCC)OCC
B-2581,"phosphorodithioic acid, s-[2-(ethylsulfonyl)ethy",CCS(=O)(=O)CCSP(=S)(OC)OC
B-2582,tripropylene glycol methyl ether,COCC(C)OCC(C)OCC(C)O
B-2584,"acetamide, n-(4-propoxyphenyl)-",CCCOc1ccc(NC(C)=O)cc1
B-2585,"2-bornanone, 3-(hydroxymethyl)-",CC12CCC(C(CO)C1=O)C2(C)C
B-2586,"urea, 1-methyl-1-o-tolyl-",Cc1ccccc1N(C)C(N)=O
B-2588,"urea, 1-ethyl-1-o-tolyl-",CCN(C(N)=O)c1ccccc1C
B-2589,"5-pyrimidineacetic acid, 1,2,3,4-tetrahydro-2,4-",O=C(O)Cc1c[nH]c(=O)[nH]c1=O
B-2590,"1,2-pentanediol, 1-phenyl-2-propyl-",CCCC(O)(CCC)C(O)c1ccccc1
B-2591,"1,2-hexanediol, 2-butyl-1phenyl-",CCCCC(O)(CCCC)C(O)c1ccccc1
B-2592,"pyridine, 2,3,4,6-tetramethyl-",Cc1cc(C)c(C)c(C)n1
B-2594,chloraniformethane,O=CNC(Nc1ccc(Cl)c(Cl)c1)C(Cl)(Cl)Cl
B-2595,"1,2,4-thiadiazolidine-3,5-dithione",S=c1[nH]sc(=S)[nH]1
B-2597,tonalid,CC(=O)c1cc2c(cc1C)C(C)(C)C(C)CC2(C)C
B-2599,prynachlor,C#CC(C)N(C(=O)CCl)c1ccccc1
B-2600,"2-butanol, 3-chloro-2-methyl-",CC(Cl)C(C)(C)O
B-2602,fosthietan,CCOP(=O)(N=C1SCS1)OCC
B-2603,2-(thiocyanatemethylthio)benzothiazole,N#CSCSc1nc2ccccc2s1
B-2604,"4-heptanol, 2-methyl-",CCCC(O)CC(C)C
B-2606,"2h-1,4-benzoxazin-3(4h)-one, 4-methyl-",CN1C(=O)COc2ccccc21
B-2607,"acetic acid, 1-(3,4-dichlorophenyl)-2,2,2-trichl",CC(=O)OC(c1ccc(Cl)c(Cl)c1)C(Cl)(Cl)Cl
B-2608,di-sec-butanolamine,CCC(O)CNCC(O)CC
B-2611,"1,2,3-thiadiazole-4-carboxylic acid, 5-methyl-",Cc1snnc1C(=O)O
B-2612,biopterin,CC(O)C(O)c1cnc2[nH]c(N)nc(=O)c2n1
B-2613,benzoylprop ethyl,CCOC(=O)C(C)N(C(=O)c1ccccc1)c1ccc(Cl)c(Cl)c1
B-2615,"acetamide, n-(4-ethoxyphenyl)-2-hydroxy-",CCOc1ccc(NC(=O)CO)cc1
B-2616,"acetic acid, bis(2-carboxyphenyl)-",O=C(O)c1ccccc1C(C(=O)O)c1ccccc1C(=O)O
B-2617,"methanesulfonamide, n-phenyl-n-((1,1,2,2-tetrach",CS(=O)(=O)N(SC(Cl)(Cl)C(F)(Cl)Cl)c1ccccc1
B-2619,bendiocarb,CNC(=O)Oc1cccc2c1OC(C)(C)O2
B-2622,dimethamrtryne,CCNc1nc(NC(C)C(C)C)nc(SC)n1
B-2623,cyprazine,CC(C)Nc1nc(Cl)nc(NC2CC2)n1
B-2624,prallethrin,C#CCC1=C(C)C(OC(=O)[C@H]2[C@H](C=C(C)C)C2(C)C)CC1=O
B-2625,"1h-purine-2,6-dione, 7-ethyl-3,7-dihydro-1,3-dim",CCn1cnc2c1c(=O)n(C)c(=O)n2C
B-2628,"1h-purine-2,6-dione, 3,7-dihydro-7-(3-hydroxypro",Cn1c(=O)c2c(ncn2CCCO)n(C)c1=O
B-2631,pirimiphos ethyl,CCOP(=S)(OCC)Oc1cc(C)nc(N(CC)CC)n1
B-2632,heptenophos,COP(=O)(OC)OC1=C(Cl)C2C=CCC12
B-2633,thiophanate-methyl,COC(=O)NC(=S)Nc1ccccc1NC(=S)NC(=O)OC
B-2634,"octanedioic acid, 3,3,6,6-tetramethyl-",CC(C)(CCC(C)(C)CC(=O)O)CC(=O)O
B-2635,n-hexyl nicotinoate,CCCCCCOC(=O)c1cccnc1
B-2636,"phosphonic acid, (1,6-hexanediylbis(nitrilobis(m",O=P(O)(O)CN(CCCCCCN(CP(=O)(O)O)CP(=O)(O)O)CP(=O)(O)O
B-2637,"1h-purin-8-amine, n,n-dimethyl-",CN(C)c1nc2ncncc2[nH]1
B-2638,"pteridine, 2,6,7-trimethyl-",Cc1ncc2nc(C)c(C)nc2n1
B-2640,"5-pyrimidinecarboxylic acid, 1,2,3,4-tetrahydro-",O=C(O)c1c[nH]c(=O)[nH]c1=O
B-2641,pronamide,C#CC(C)(C)NC(=O)c1cc(Cl)cc(Cl)c1
B-2642,triazophos,CCOP(=S)(OCC)Oc1ncn(-c2ccccc2)n1
B-2643,"naphtho[2,3-c]furan-1(3h)-one, 3,3-dimethyl-",CC1(C)OC(=O)c2cc3ccccc3cc21
B-2644,2-methyl-4-bromoacetanilide,CC(=O)Nc1ccc(Br)cc1C
B-2645,"acetamide-2-chloro-n-(2,6-dimethylphenyl)-n-((2-",Cc1cccc(C)c1N(COCC(C)C)C(=O)CCl
B-2647,"hexanedioic acid, 3-butyl-",CCCCC(CCC(=O)O)CC(=O)O
B-2649,"cyclopentaneacetic acid, 3-oxo-2-pentyl-, methyl",CCCCCC1C(=O)CCC1CC(=O)OC
B-2650,"4(1h)-pteridinone, 6,7-diphenyl-",O=c1nc[nH]c2nc(-c3ccccc3)c(-c3ccccc3)nc12
B-2651,"phenol, 2-iodo-6-methyl-",Cc1cccc(I)c1O
B-2652,"2,5-dichlorodiphenyl ether",Clc1ccc(Cl)c(Oc2ccccc2)c1
B-2653,"3,4',5-trichlorodiphenyl ether",Clc1ccc(Oc2cc(Cl)cc(Cl)c2)cc1
B-2654,chlormephos,CCOP(=S)(OCC)SCCl
B-2655,benazolin-ethyl,CCOC(=O)Cn1c(=O)sc2cccc(Cl)c21
B-2658,"2,4-d, isooctyl ester",CCCCC(CC)COC(=O)COc1ccc(Cl)cc1Cl
B-2659,hexene - mixture of isomers,C/C=C/CCC
B-2660,dipropylene glycol,CCC(O)OC(O)CC
B-2661,"benzenesulfonamide, 4-(mannopyranosylamino)-",NS(=O)(=O)c1ccc(NC2O[C@H](CO)[C@@H](O)[C@H](O)[C@@H]2O)cc1
B-2662,mcpa-thioethyl,CCSC(=O)COc1ccc(Cl)cc1C
B-2663,1-<hydroxyimino-(seqtrans)>-1-phenyl-acetone,CC(=O)/C(=N\O)c1ccccc1
B-2664,thiazafluron,CNC(=O)N(C)c1nnc(C(F)(F)F)s1
B-2666,hydroxycinnamic acid,O=C(O)/C=C\c1cccc(O)c1
B-2667,dowanol tpm,COCC(C)OCC(C)OC(C)CO
B-2671,"1,4-naphthalenedione, 2-(methylthio)-",CSC1=CC(=O)c2ccccc2C1=O
B-2675,tirpate,CNC(=O)O/N=C/C1(C)SCC(C)S1
B-2676,cresyl diphenyl phosphate,Cc1ccc(OP(=O)(Oc2ccccc2)Oc2ccccc2)cc1
B-2677,"phosphoric acid, bis(methylphenyl) phenyl ester",Cc1ccc(OP(=O)(Oc2ccccc2)Oc2ccccc2C)cc1
B-2678,"3(2h)-isothiazolone, 2-octyl-",CCCCCCCCn1sccc1=O
B-2679,hexachlorobiphenyl,Clc1ccccc1-c1c(Cl)c(Cl)c(Cl)c(Cl)c1Cl
B-2680,"phosphoric acid, diethyl 2-methylpropyl ester",CCOP(=O)(OCC)OCC(C)C
B-2681,"pentanoic acid, 4-oxo-3-(phenylmethylene)-",CC(=O)C(=Cc1ccccc1)CC(=O)O
B-2683,"4(1h)-pyrimidinone, 5-bromo-2-phenyl-",O=c1nc(-c2ccccc2)[nH]cc1Br
B-2686,"butanoic acid, 1,2-ethanediylbis(oxy-2,1-ethaned",CCCC(=O)OCCOCCOCCOC(=O)CCC
B-2687,"3-pyridinecarboxamide, n-[(phenylamino)carbonyl]",O=C(NC(=O)c1cccnc1)Nc1ccccc1
B-2691,tetradecanol,CCCCCCCCCCC(O)CCC
B-2693,tetrachlorophthalide,O=C1OCc2c(Cl)c(Cl)c(Cl)c(Cl)c21
B-2694,ethychlozate,CCOC(=O)Cc1[nH]nc2ccc(Cl)cc12
B-2695,quinonamid,O=C1C(Cl)=C(NC(=O)C(Cl)Cl)C(=O)c2ccccc21
B-2697,probenazole,C=CCOC1=NS(=O)(=O)c2ccccc21
B-2698,"2-butanone, 3-ethoxy-1,1-dihydroxy-; or kethoxal",CCOC(C)C(=O)C(O)O
B-2699,"1,1'-biphenyl, octabromo-",Brc1ccc(-c2c(Br)c(Br)c(Br)c(Br)c2Br)c(Br)c1Br
B-2700,isopropyl phenyl diphenyl phosphate,CC(C)c1ccccc1OP(=O)(Oc1ccccc1)Oc1ccccc1
B-2701,"2h-purine-2-thione, 1,3-dihydro-",S=c1ncc2[nH]cnc2[nH]1
B-2703,chloromethiuron,Cc1cc(Cl)ccc1NC(=S)N(C)C
B-2704,"2,6-dichlorodiphenyl ether",Clc1cccc(Cl)c1Oc1ccccc1
B-2705,bioresmethrin,CC(C)=CC1C(C(=O)OCc2coc(Cc3ccccc3)c2)C1(C)C
B-2712,benzoximate,CCN(OC(=O)c1ccccc1)C(=O)c1c(OC)ccc(Cl)c1OC
B-2713,atenolol,CC(C)NCC(O)COc1ccc(CC(N)=O)cc1
B-2714,"propanediamide, 2,2-diethyl-",CCC(CC)(C(N)=O)C(N)=O
B-2715,Mecarphon,COC(=O)N(C)C(=O)CSP(C)(=S)OC
B-2717,hexadecanol,CCCCCCCCCCCCC(O)CCC
B-2718,"1-naphthalenecarboxamide, n-hydroxy-n-phenyl-",O=C(c1cccc2ccccc12)N(O)c1ccccc1
B-2719,"benzamide, n-hydroxy-n-1-naphthalenyl-",O=C(c1ccccc1)N(O)c1cccc2ccccc12
B-2721,"acetic acid, [(aminothioxomethyl)thio]-",NC(=S)SCC(=O)O
B-2722,"glycine, n-(dithiocarboxy)-, n-ester with mercap",O=C(O)CNC(=S)SCC(=O)O
B-2723,"benzamide, n-[2-(1h-imidazol-4-yl)ethyl]-",O=C(NCCc1c[nH]cn1)c1ccccc1
B-2724,isodecyl diphenyl phosphate,CC(C)CCCCCCCOP(=O)(Oc1ccccc1)Oc1ccccc1
B-2729,ethidimuron,CCS(=O)(=O)c1nnc(N(C)C(=O)NC)s1
B-2731,"2-furanol, 5-ethyltetrahydro-",CCC1CCC(O)O1
B-2733,"1,6-dioxaspiro[4,4]nonane, 2,7-dimethyl-",CC1CCC2(CCC(C)O2)O1
B-2735,etofenamate,O=C(OCCOCCO)c1ccccc1Nc1cccc(C(F)(F)F)c1
B-2737,zolone,CCOP(=S)(OCC)SCn1c(=O)oc2ccccc21
B-2740,Methacrifos,COC(=O)/C(C)=C/OP(=S)(OC)OC
B-2741,cafaminol,CN(CCO)c1nc2c(c(=O)n(C)c(=O)n2C)n1C
B-2743,"3(2h)-thiazoleacetic acid, 4-methyl-2-thioxo-",Cc1csc(=S)n1CC(=O)O
B-2744,metrizamide,CC(=O)Nc1c(I)c(C(=O)NC2C(O)[C@H](O)C(CO)O[C@@H]2O)c(I)c(N(C)C(C)=O)c1I
B-2746,3-methyl-2-heptanol,CCCCC(C)C(C)O
B-2748,"benzo[a]pyrene, 5-methyl-",Cc1cc2cccc3ccc4c5ccccc5cc1c4c32
B-2749,lyral,CC(C)(O)CCCC1=CCC(C=O)CC1
B-2750,heptachloronaphthalene,Clc1cc(Cl)c2c(Cl)c(Cl)c(Cl)c(Cl)c2c1Cl
B-2751,divicine,NC1=NC(N)C(=O)C(=O)N1
B-2752,"2-furoic acid, 3,4,5-trichloro-",O=C(O)c1oc(Cl)c(Cl)c1Cl
B-2755,"d-glucuronic acid, .gamma.-lactone",O=C[C@H](O)[C@H]1OC(=O)[C@@H](O)[C@H]1O
B-2756,"2-furancarboxylic acid, 3,4-dibromo-",O=C(O)c1occ(Br)c1Br
B-2757,"succinamic acid, 3-amino-2-hydroxy-",NC(=O)C(N)C(O)C(=O)O
B-2758,"2(1h)-pyrimidinone, 4-amino-5-ethyl-",CCc1c[nH]c(=O)nc1N
B-2760,"2,3,3',4,4'-pentachloro-1,1'-biphenyl",Clc1ccc(-c2ccc(Cl)c(Cl)c2Cl)cc1Cl
B-2762,"3,3',4,4',5,5'-pcb",Clc1cc(-c2cc(Cl)c(Cl)c(Cl)c2)cc(Cl)c1Cl
B-2764,m-bromocinnamic acid,O=C(O)/C=C/c1cccc(Br)c1
B-2766,"1,1'-biphenyl, 2,2',3,3',4,4',6,6'-octachloro-",Clc1cc(Cl)c(-c2c(Cl)cc(Cl)c(Cl)c2Cl)c(Cl)c1Cl
B-2767,2-ethylacetanilide,CCc1ccccc1NC(C)=O
B-2770,"3,3',5,5'-tetrachlorobiphenyl",Clc1cc(Cl)cc(-c2cc(Cl)cc(Cl)c2)c1
B-2771,"2,3,5,6-tetrachlorobiphenyl",Clc1cc(Cl)c(Cl)c(-c2ccccc2)c1Cl
B-2774,"ethanone, 1-(3,4,5-trihydroxyphenyl)-",CC(=O)c1cc(O)c(O)c(O)c1
B-2776,"phosphorohydrazidic acid, diphenyl ester",NNP(=O)(Oc1ccccc1)Oc1ccccc1
B-2778,methyl phenylsulfonyl acetate,COC(=O)CS(=O)(=O)c1ccccc1
B-2780,"1,2,3-benzenetricarboxylic acid, 5-bromo-",O=C(O)c1cc(Br)cc(C(=O)O)c1C(=O)O
B-2783,cumylphenyl diphenyl phosphate,CC(C)c1cc(OP(=O)(Oc2ccccc2)Oc2ccccc2)cc(-c2ccccc2)c1
B-2784,"2-propenoic acid, 7-bromo-5-chloro-8-quinolinyl",C=CC(=O)Oc1c(Br)cc(Cl)c2cccnc12
B-2786,dipropylene glycol methyl ether,COC(C)COC(C)CO
B-2787,orbencarb,CCN(CC)C(=O)SCc1ccccc1Cl
B-2788,prothiophos,CCCSP(=S)(OCC)Oc1ccc(Cl)cc1Cl
B-2789,butocarboxim,CNC(=O)O/N=C(/C)C(C)SC
B-2790,butoxycarboxim,CNC(=O)O/N=C(\C)C(C)S(C)(=O)=O
B-2791,heptenophos,COP(=O)(OC)OC1=C(Cl)CC2C=CC12
B-2792,"acetic acid, 2,2',2''-[methylidynetris(thio)]tri",O=C(O)CSC(SCC(=O)O)SCC(=O)O
B-2793,"2,2',3,4,4',5,5'-heptachlorobiphenyl",Clc1cc(Cl)c(-c2cc(Cl)c(Cl)c(Cl)c2Cl)cc1Cl
B-2794,"2,2',3,3',4,4',5-heptachlorobiphenyl",Clc1ccc(-c2cc(Cl)c(Cl)c(Cl)c2Cl)c(Cl)c1Cl
B-2795,"dl-alanine, n-(2-chlorophenyl)-",CC(Nc1ccccc1Cl)C(=O)O
B-2796,tebutam,CC(C)N(Cc1ccccc1)C(=O)C(C)(C)C
B-2797,"butanoic acid, 4-(benzoylamino)-",O=C(O)CCCNC(=O)c1ccccc1
B-2800,sulprofos,CCCSP(=S)(OCC)Oc1ccc(SC)cc1
B-2801,"benzoic acid, 5-chloro-2-hydroxy-4-methyl-",Cc1cc(O)c(C(=O)O)cc1Cl
B-2802,imazalil base,C=CCOC(Cn1ccnc1)c1ccc(Cl)cc1Cl
B-2803,bilanafos,C[C@H](NC(=O)[C@H](C)NC(=O)[C@@H](N)CCP(C)(=O)O)C(=O)O
B-2807,fenbufen,O=C(O)CCC(=O)c1ccc(-c2ccccc2)cc1
B-2809,"benzene, 1,1'-oxybis-, hexabromo deriv.",Brc1cc(Br)c(Oc2cc(Br)cc(Br)c2Br)c(Br)c1
B-2810,phosdiphen,CCOP(=O)(Oc1ccc(Cl)cc1Cl)Oc1ccc(Cl)cc1Cl
B-2811,"2,2',3,4'-tetrachlorobiphenyl",Clc1ccc(-c2cccc(Cl)c2Cl)c(Cl)c1
B-2812,2-methyl-3-hexyne,CCC#CC(C)C
B-2813,isothioate,COP(=S)(OC)SCCSC(C)C
B-2817,tiocarbazil,CCC(C)N(C(=O)SCc1ccccc1)C(C)CC
B-2818,"benzamide, 2-amino-3,5-dichloro-",NC(=O)c1cc(Cl)cc(Cl)c1N
B-2819,ribavirin,NC(=O)c1ncn([C@@H]2O[C@H](CO)[C@@H](O)[C@H]2O)n1
B-2820,labetalol,CC(CCc1ccccc1)NCC(O)c1ccc(O)c(C(N)=O)c1
B-2821,"benzoic acid, 4-amino-, nonyl ester",CCCCCCCCCOC(=O)c1ccc(N)cc1
B-2822,validamycin,OCC1=C[C@H](N[C@H]2C[C@H](CO)[C@@H](O[C@@H]3O[C@H](CO)[C@@H](O)[C@H](O)[C@H]3O)[C@H](O)[C@H]2O)[C@H](O)[C@@H](O)[C@@H]1O
B-2823,metoprolol,COCCc1ccc(OCC(O)CNC(C)C)cc1
B-2824,"benzamide, n-hydroxy-2-iodo-n-phenyl-",O=C(c1ccccc1I)N(O)c1ccccc1
B-2827,"pyrido[3,2-d]pyrimidin-4(1h)-one",O=c1nc[nH]c2cccnc12
B-2828,"2',3,5-trichlorobiphenyl",Clc1cc(Cl)cc(-c2ccccc2Cl)c1
B-2829,"acetamide, 2,2-dichloro-n,n-di-2-propenyl-",C=CCN(CC=C)C(=O)C(Cl)Cl
B-2831,"1,2-bis(2,4,6-tribromophenoxy)ethane",Brc1cc(Br)c(OCCOc2c(Br)cc(Br)cc2Br)c(Br)c1
B-2832,heptachlorodibenzo-p-dioxin,Clc1cc2c(c(Cl)c1Cl)Oc1c(Cl)c(Cl)c(Cl)c(Cl)c1O2
B-2833,etacelasil,COCCO[Si](CCCl)(OCCOC)OCCOC
B-2835,"5-pyrimidinecarboxylic aicd, 1,2,3,4-tetrahydro-",CCOC(=O)c1c[nH]c(=S)[nH]c1=O
B-2836,"d-glutamine, n2-l-leucyl-",CC(C)C[C@H](N)C(=O)N[C@H](CCC(N)=O)C(=O)O
B-2837,biocozamycin,C=C1CCO[C@]2(C(O)C(C)(O)CO)NC(=O)[C@@]1(O)NC2=O
B-2838,"acetic acid, (2-bromo-4,6-dimethylphenoxy)-",Cc1cc(C)c(OCC(=O)O)c(Br)c1
B-2839,etrimfos,CCOc1cc(OP(=S)(OC)OC)nc(CC)n1
B-2840,minoxidil,N=c1nc(N2CCCCC2)cc(N)n1O
B-2842,"2,2',3,4',5',6-pcb",Clc1cc(Cl)c(-c2c(Cl)ccc(Cl)c2Cl)cc1Cl
B-2843,"2,2',3,3',4,6'-hexachlorobiphenyl",Clc1ccc(-c2c(Cl)ccc(Cl)c2Cl)c(Cl)c1Cl
B-2845,"2,2',3,3',4,5,6'-heptachlorobiphenyl",Clc1cc(-c2c(Cl)ccc(Cl)c2Cl)c(Cl)c(Cl)c1Cl
B-2846,"2,3',6-trichlorobiphenyl",Clc1cccc(-c2c(Cl)cccc2Cl)c1
B-2848,"ethane, 1,1-bis(methylsulfonyl)-",CC(S(C)(=O)=O)S(C)(=O)=O
B-2849,"alanine, n-(aminocarbonyl)-2-methyl-",CC(C)(NC(N)=O)C(=O)O
B-2850,"2-propenoic acid, 3-(2-ethoxyphenyl)-, (z)-",CCOc1ccccc1/C=C\C(=O)O
B-2853,Diethatyl-ethyl,CCOC(=O)CN(C(=O)CCl)c1c(CC)cccc1CC
B-2854,propane-2-thiosulfinic acid s-isopropyl ester,CC(C)SS(=O)C(C)C
B-2855,"2,4-pentanediol, 2-methyl-4-(1-naphthalenyl)-",CC(C)(O)CC(C)(O)c1cccc2ccccc12
B-2856,"2,8-dichlorodibenzo-p-dioxin",Clc1ccc2c(c1)Oc1cc(Cl)ccc1O2
B-2857,octachlorodibenzofuran,Clc1c(Cl)c(Cl)c2c(oc3c(Cl)c(Cl)c(Cl)c(Cl)c32)c1Cl
B-2858,3-bromo-2-iodo-acrylic acid,O=C(O)C(I)=CBr
B-2861,"2,2',4,4',6-pentachlorobiphenyl",Clc1ccc(-c2c(Cl)cc(Cl)cc2Cl)c(Cl)c1
B-2862,cyphenothrin,CC(C)=CC1C(C(=O)OC(C#N)c2cccc(Oc3ccccc3)c2)C1(C)C
B-2864,"hexanoic acid, 4-ethyl-5-oxo-",CCC(CCC(=O)O)C(C)=O
B-2865,"acetamide, 2-cyano-n-methyl-n- (methylamino)carb",CNC(=O)N(C)C(=O)CC#N
B-2866,"1,1'-biphenyl, 2,3,3',4,4',5,5'-heptachloro-",Clc1cc(-c2cc(Cl)c(Cl)c(Cl)c2Cl)cc(Cl)c1Cl
B-2867,"acetamide, 2-(acetylamino)-n-phenyl-",CC(=O)NCC(=O)Nc1ccccc1
B-2868,oxadiargyl,C#CCOc1cc(-n2nc(C(C)(C)C)oc2=O)c(Cl)cc1Cl
B-2869,"1h-purine-2,6-dione, 1-ethyl-3,7-dihydro-3,7-dim",CCn1c(=O)c2c(ncn2C)n(C)c1=O
B-2870,ethyl 2-formamido-(phenylvinyl)acrylate,CCOC(=O)C(=CC=Cc1ccccc1)NC=O
B-2871,"tris(1,3-dichloropropyl) phosphate",O=P(OC(Cl)CCCl)(OC(Cl)CCCl)OC(Cl)CCCl
B-2872,"1,1'-biphenyl, 2,2',3,3',4,5',6-heptachloro-",Clc1cc(Cl)c(Cl)c(-c2c(Cl)cc(Cl)c(Cl)c2Cl)c1
B-2873,"2,2',3,3',4,5',6,6'-octachlorobiphenyl",Clc1cc(Cl)c(-c2c(Cl)c(Cl)cc(Cl)c2Cl)c(Cl)c1Cl
B-2877,"2-pteridinamine, n,n-dimethyl-",CN(C)c1ncc2nccnc2n1
B-2880,sparticide,O=C1C(Cl)=C(Cl)C(=O)N1c1ccc(F)cc1
B-2881,"4-methoxy-3,3'-dimethylbenzophenone",COc1ccc(C(=O)c2cccc(C)c2)cc1C
B-2883,metamitron,Cc1nnc(-c2ccccc2)c(=O)n1N
B-2885,"1,1'-biphenyl, 2,3',4',6-tetrachloro-",Clc1ccc(-c2c(Cl)cccc2Cl)cc1Cl
B-2886,"1,1'-biphenyl, 2,2',3,6'-tetrachloro-",Clc1ccccc1-c1c(Cl)ccc(Cl)c1Cl
B-2888,"acetamide, n-(4-ethoxy-2-methylphenyl)-",CCOc1ccc(NC(C)=O)c(C)c1
B-2890,"benzaldehyde, 4-hydroxy-5-methoxy-2-methyl-",COc1cc(C=O)c(C)cc1O
B-2895,kinoprene,C#CCOC(=O)/C=C(C)/C=C/CC(C)CCCC(C)C
B-2896,daimuron,Cc1ccc(NC(=O)NC(C)(C)c2ccccc2)cc1
B-2898,"2,2',3,3',4,4',5,6'-octachlorobiphenyl",Clc1cc(-c2c(Cl)cc(Cl)c(Cl)c2Cl)c(Cl)c(Cl)c1Cl
B-2900,"2-propanol, 1,3-dipropoxy-",CCCOCC(O)COCCC
B-2902,"propanamide, 2-oxo-n-phenyl-",CC(=O)C(=O)Nc1ccccc1
B-2903,"valeric acid, 5-(benzenesulfonyl-methyl-amino)-",CN(CCCCC(=O)O)S(=O)(=O)c1ccccc1
B-2904,"3-pyridinecarboxylic acid, pentyl ester",CCCCCOC(=O)c1cccnc1
B-2906,"2,4(1h,3h)-pteridinedione, 1,6,7-trimethyl-",Cc1nc2c(=O)[nH]c(=O)n(C)c2nc1C
B-2908,ipt (isoprothiolane),CC(C)OC(=O)C(C(=O)OC(C)C)=C1SCCS1
B-2911,terfenadine,CC(C)(C)c1ccc(C(O)CCCN2CCC(C(O)(c3ccccc3)c3ccccc3)CC2)cc1
B-2912,azacyclohexadecan-2-one,O=C1CCCCCCCCCCCCCCN1
B-2913,Vx agent,CCOP(C)(=O)SCCN(C(C)C)C(C)C
B-2914,"hexanamide, n,n'-1,2-ethanediylbis-",CCCCCC(=O)NCCNC(=O)CCCCC
B-2916,"galatitol, 2,3:4,5-dianhydro-1,6-dideoxy-",CC1OC1C1OC1C
B-2917,"1h-indole-2,3-dicarboxamide, 1-methyl-",Cn1c(C(N)=O)c(C(N)=O)c2ccccc21
B-2918,"1,3-benzenedicarboxylic acid, 4-sulfo-",O=C(O)c1ccc(S(=O)(=O)O)c(C(=O)O)c1
B-2919,"1h-pyrazol-5-amine, 3,4-dimethyl-1-phenyl-",Cc1nn(-c2ccccc2)c(N)c1C
B-2921,hexazinone,CN(C)c1nc(=O)n(C2CCCCC2)c(=O)n1C
B-2922,buminafos,CCCCNC1(P(=O)(OCCCC)OCCCC)CCCCC1
B-2923,buthiobate,CCCCSC(=Nc1cccnc1)SCc1ccc(C(C)(C)C)cc1
B-2925,"3-(5-Tert-butyl-1,3,4-thiadiazol-2-yl)-1-(2,2-dimethoxyethyl)-1-methylurea",COC(CN(C)C(=O)Nc1nnc(C(C)(C)C)s1)OC
B-2926,cimetidine,CN=C(NC#N)NCCSCc1nc[nH]c1C
B-2927,cloethocarb,CNC(=O)Oc1ccccc1OC(CCl)OC
B-2928,milbemectin a3,CC1=C[C@H]2C(=O)O[C@H]3CC(C/C=C(\C)C[C@@H](C)/C=C/C=C4\CO[C@H]([C@@H]1O)[C@@]42O)O[C@@]1(CC[C@H](C)C(C)O1)C3
B-2929,milbemectin a4,CCC1O[C@]2(CCC1C)C[C@@H]1C[C@@H](C/C=C(\C)CC(C)/C=C/C=C3\CO[C@@H]4[C@H](O)C(C)=C[C@@H](C(=O)O1)[C@]34O)O2
B-2931,"2,4-dichlorodiphenyl ether",Clc1ccc(Oc2ccccc2)c(Cl)c1
B-2932,"2,2',3,4',5,5'-hexachlorobiphenyl",Clc1cc(Cl)c(Cl)c(-c2cc(Cl)c(Cl)cc2Cl)c1
B-2933,pipemidic acid,CCn1cc(C(=O)O)c(=O)c2cnc(N3CCNCC3)nc21
B-2935,1-(3-Chlorophthalimido)cyclohexanecarboxamide,NC(=O)C1(N2C(=O)c3cccc(Cl)c3C2=O)CCCCC1
B-2936,cyclohexylmercapto-acetic acid,O=C(O)CSC1CCCCC1
B-2937,"5-ethyl-5-methyl-2,4-oxazolidinedione",CCC1(C)OC(=O)NC1=O
B-2938,naproanilide,CC(Oc1ccc2ccccc2c1)C(=O)Nc1ccccc1
B-2940,"2,2',3,4,5-pentachlorobiphenyl",Clc1cccc(-c2ccc(Cl)c(Cl)c2Cl)c1Cl
B-2942,"2,2',3,3',5,6,6'-heptachlorobiphenyl",Clc1ccc(Cl)c(-c2c(Cl)c(Cl)cc(Cl)c2Cl)c1Cl
B-2943,"1,1'-biphenyl, 2,2',3,3',4,6,6'-heptachloro-",Clc1cc(Cl)c(-c2c(Cl)ccc(Cl)c2Cl)c(Cl)c1Cl
B-2944,"2,2',3,3',5,5',6-heptachlorobiphenyl",Clc1cc(Cl)c(Cl)c(-c2c(Cl)c(Cl)cc(Cl)c2Cl)c1
B-2947,"1,1'-biphenyl, 2,2',3,3',4,5',6'-heptachloro-",Clc1ccc(-c2c(Cl)c(Cl)cc(Cl)c2Cl)c(Cl)c1Cl
B-2949,"2,3',4,4',5,5'-hexachlorobiphenyl",Clc1cc(Cl)c(-c2cc(Cl)c(Cl)c(Cl)c2)cc1Cl
B-2950,"1,1'-biphenyl, 2,2',3,3',4,5,6,6'-octachloro-",Clc1ccc(Cl)c(-c2c(Cl)c(Cl)c(Cl)c(Cl)c2Cl)c1Cl
B-2951,"2,2',3,3',4,5,5'-heptachlorobiphenyl",Clc1cc(Cl)c(Cl)c(-c2cc(Cl)c(Cl)c(Cl)c2Cl)c1
B-2952,"2,2',3,3',4,5,5',6'-octachlorobiphenyl",Clc1cc(-c2c(Cl)c(Cl)cc(Cl)c2Cl)c(Cl)c(Cl)c1Cl
B-2953,"1,1'-biphenyl, 2,2',3,4,4',5,5',6-octachloro-",Clc1cc(Cl)c(-c2c(Cl)c(Cl)c(Cl)c(Cl)c2Cl)cc1Cl
B-2954,"2,3,4,5,6,2',3',5',6'-pcb",Clc1cc(Cl)c(Cl)c(-c2c(Cl)c(Cl)c(Cl)c(Cl)c2Cl)c1Cl
B-2955,"2,2',3,3',4,4',5,6-octachlorobiphenyl",Clc1ccc(-c2c(Cl)c(Cl)c(Cl)c(Cl)c2Cl)c(Cl)c1Cl
B-2956,"1,1'-biphenyl, 2,2',3,3',4,4',5,6,6'-nonachloro-",Clc1cc(Cl)c(-c2c(Cl)c(Cl)c(Cl)c(Cl)c2Cl)c(Cl)c1Cl
B-2962,prosulfocarb,CCCN(CCC)C(=O)SCc1ccccc1
B-2965,pyrimethanil,Cc1cc(C)nc(Nc2ccccc2)n1
B-2967,"1,2,3,5-tetrachloronaphthalene",Clc1cc2c(Cl)cccc2c(Cl)c1Cl
B-2968,"1,3,5,7-tetrachloronaphthalene",Clc1cc(Cl)c2cc(Cl)cc(Cl)c2c1
B-2969,ibuproxam,CC(C)Cc1ccc(C(C)C(=O)NO)cc1
B-2972,"24nh2pyrimidine,5(35-meo-4-oetome)benzyl",COCCOc1c(OC)cc(Cc2cnc(N)nc2N)cc1OC
B-2973,"1(3h)-isobenzofuranone, 6-iodo-",O=C1OCc2ccc(I)cc21
B-2974,"2-butenoic acid, 2-chloro-, (z)-",C/C=C(\Cl)C(=O)O
B-2975,cefaclor (panoral),N[C@@H](C(=O)N[C@@H]1C(=O)N2C(C(=O)O)=C(Cl)CS[C@H]12)c1ccccc1
B-2976,"benzamide, n-(2-amino-1,1-dimethyl-2-oxoethyl)-",CC(C)(NC(=O)c1ccccc1)C(N)=O
B-2977,"1,2,3-trichloro-4-methoxybenzene",COc1ccc(Cl)c(Cl)c1Cl
B-2978,empenthrin,C#CC(OC(=O)C1C(C=C(C)C)C1(C)C)/C(C)=C/CC
B-2979,"pentanamide, n,n'-1,2-ethanediylbis-",CCCCC(=O)NCCNC(=O)CCCC
B-2980,chlorethoxyfos,CCOP(=S)(OCC)OC(Cl)C(Cl)(Cl)Cl
B-2981,"2-pyrrolidinone, 1-nitroso-",O=NN1CCCC1=O
B-2983,"1,3-benzenediol, 5-(methylthio)-",CSc1cc(O)cc(O)c1
B-2984,"1,3-benzenediol, 5-(butylthio)-",CCCCSc1cc(O)cc(O)c1
B-2986,bitertanol,CC(C)(C)C(O)C(Oc1ccc(-c2ccccc2)cc1)n1cncn1
B-2987,"2,2',3,4,6-pentachlorobiphenyl",Clc1ccccc1-c1c(Cl)cc(Cl)c(Cl)c1Cl
B-2989,propentofylline,CCCn1cnc2c1c(=O)n(CCCCC(C)=O)c(=O)n2C
B-2990,praziquantel,O=C(C1CCCCC1)N1CC(=O)N2CCc3ccccc3C2C1
B-2992,dimethipin,CC1=C(C)S(=O)(=O)CCS1(=O)=O
B-2993,"2,2',3,4,5-pentachlorobiphenyl",Clc1ccccc1-c1cc(Cl)c(Cl)c(Cl)c1Cl
B-2994,"phosphoric acid, ethyl dipropyl ester",CCCOP(=O)(OCC)OCCC
B-2995,triclopyr,O=C(O)COc1nc(Cl)c(Cl)cc1Cl
B-2997,pyridate,CCCCCCCCSC(=O)Oc1cc(Cl)nnc1-c1ccccc1
B-2998,"3,4-dichlorodiphenyl ether",Clc1ccc(Oc2ccccc2)cc1Cl
B-3000,"2,3,4-trichloro-1,1'-biphenyl",Clc1ccc(-c2ccccc2)c(Cl)c1Cl
B-3001,"1,3,7-trichloronaphthalene",Clc1cc(Cl)c2cc(Cl)ccc2c1
B-3002,"2,3,6-trichloronaphthalene",Clc1ccc2cc(Cl)c(Cl)cc2c1
B-3003,"1,4,6,7-tetrachloronaphthalene",Clc1cc2c(Cl)ccc(Cl)c2cc1Cl
B-3004,mepronil,Cc1ccccc1C(=O)Nc1cccc(OC(C)C)c1
B-3005,isouron,CN(C)C(=O)Nc1cc(C(C)(C)C)on1
B-3006,sufentanil,CCC(=O)N(c1ccccc1)C1(COC)CCN(CCc2cccs2)CC1
B-3007,"2,2',3,4,4',6-hexachlorobiphenyl",Clc1ccc(-c2c(Cl)cc(Cl)c(Cl)c2Cl)c(Cl)c1
B-3008,"2-heptanol, 4-methyl-",CCCC(C)CC(C)O
B-3009,flurprimidol,CC(C)C(O)(c1ccc(OC(F)(F)F)cc1)c1cncnc1
B-3010,"benzenepropanal, .alpha.-oxo-",O=CC(=O)Cc1ccccc1
B-3012,"2,3',4,4',6-pentachlorobiphenyl",Clc1cc(Cl)c(-c2ccc(Cl)c(Cl)c2)c(Cl)c1
B-3013,"1,1'-biphenyl, 2,3',4,5',6-pentachloro-",Clc1cc(Cl)cc(-c2c(Cl)cc(Cl)cc2Cl)c1
B-3014,"1(2h)-pyrimidinecarboxamide, 5-fluoro-3,4-dichlo",O=C(Nc1ccccc1)n1cc(F)c(=O)[nH]c1=O
B-3016,t-butylphenyl diphenyl phosphate,CC(C)(C)c1ccc(OP(=O)(Oc2ccccc2)Oc2ccccc2)cc1
B-3017,tolclofos-methyl,COP(=S)(OC)Oc1c(Cl)cc(C)cc1Cl
B-3018,isomethiozin,CSc1nnc(C(C)(C)C)c(=O)n1/N=C/C(C)C
B-3019,"3,4,5-trichloro-2-methoxyphenol",COc1c(O)cc(Cl)c(Cl)c1Cl
B-3020,"2,3,4,7,8-pentachlorodibenzofuran",Clc1cc2oc3c(Cl)c(Cl)c(Cl)cc3c2cc1Cl
B-3021,"1(3h)-isobenzofuranone, 6-amino-",Nc1ccc2c(c1)C(=O)OC2
B-3022,pyroquilon,O=C1CCc2cccc3c2N1CC3
B-3023,phenisopham,CCN(C(=O)Oc1cccc(NC(=O)OC(C)C)c1)c1ccccc1
B-3024,fluotrimazole,FC(F)(F)c1cccc(C(c2ccccc2)(c2ccccc2)n2cncn2)c1
B-3025,"acetamide, n-[2-(benzoyloxy)ethyl]-n-methyl-",CC(=O)N(C)CCOC(=O)c1ccccc1
B-3026,furalaxyl,COC(=O)C(C)N(C(=O)c1ccco1)c1c(C)cccc1C
B-3030,"benzenamine, 4-methyl-2-[(4-methylphenyl)azo]-",Cc1ccc(N=Nc2cc(C)ccc2N)cc1
B-3031,"2,4(3h,5h)-pyrimidinedione, 6-amino-5,5-diethyl-",CCC1(CC)C(=O)NC(=O)N=C1N
B-3034,"benzenesulfonic acid, 3-amino-2,4,6-tribromo-",Nc1c(Br)cc(Br)c(S(=O)(=O)O)c1Br
B-3035,flamprop,CC(C(=O)O)N(C(=O)c1ccccc1)c1ccc(F)c(Cl)c1
B-3036,ofurace,Cc1cccc(C)c1N(C(=O)CCl)C1CCOC1=O
B-3037,ranimustine,COC1OC(CNC(=O)N(CCCl)N=O)C(O)C(O)C1O
B-3038,"2,4,4'-trichlorodiphenyl ether",Clc1ccc(Oc2ccc(Cl)cc2Cl)cc1
B-3039,"phosphoric acid, dimethyl propyl ester",CCCOP(=O)(OC)OC
B-3041,"biphenyl, 2,2',3,4,4',6'-hexachloro-",Clc1cc(Cl)c(-c2ccc(Cl)c(Cl)c2Cl)c(Cl)c1
B-3042,5-methyl-hex-3-enoic acid,CC(C)C=CCC(=O)O
B-3043,thiodicarb,CS/C(C)=N/OC(=O)N(C)SN(C)C(=O)O/N=C(\C)SC
B-3046,"1,1'-biphenyl, 2,2',4,5',6-pentachloro-",Clc1cc(Cl)c(-c2cc(Cl)ccc2Cl)c(Cl)c1
B-3047,"1,1'-biphenyl, 2,2',4,4',5,6'-hexachloro-",Clc1cc(Cl)c(-c2cc(Cl)c(Cl)cc2Cl)c(Cl)c1
B-3048,"1,1'-biphenyl, 2,2',3,4,4',5,6'-heptachloro-",Clc1cc(Cl)c(-c2cc(Cl)c(Cl)c(Cl)c2Cl)c(Cl)c1
B-3049,"propane, 2,2-bis(methylsulfonyl)-",CC(C)(S(C)(=O)=O)S(C)(=O)=O
B-3050,"2(1h)-pyridinone, 5-iodo-1-methyl-",Cn1cc(I)ccc1=O
B-3051,iopamidol,C[C@H](O)C(=O)Nc1c(I)c(C(=O)NC(CO)CO)c(I)c(C(=O)NC(CO)CO)c1I
B-3053,azaconazol,Clc1ccc(C2(Cn3cncn3)OCCO2)c(Cl)c1
B-3055,"1-[[2-(2,4-dichlorophenyl)-4-ethyl-1,3-dioxolan-",CCC1COC(Cn2cncn2)(c2ccc(Cl)cc2Cl)O1
B-3056,"2,3',4,6-tetrachlorobiphenyl",Clc1cccc(-c2c(Cl)cc(Cl)cc2Cl)c1
B-3057,"1,1'-biphenyl, 2,2',3,4',6'-pentachloro-",Clc1cc(Cl)c(-c2cccc(Cl)c2Cl)c(Cl)c1
B-3058,"phosphorothioic acid, o-(dichloro(methylthio)phe",CCOP(=S)(OCC)Oc1cc(Cl)c(Cl)c(SC)c1
B-3060,"benzeneacetic acid, .alpha.-(ethylthio)-",CCSC(C(=O)O)c1ccccc1
B-3062,1h-imidazole-4-sulfonic acid,O=S(=O)(O)c1c[nH]cn1
B-3063,"glycine, n-[n-(2-bromo-1-oxopropyl)glycyl]-, (.+",CC(Br)C(=O)NCC(=O)NCC(=O)O
B-3065,"thiourea, cyano-",N#CNC(N)=S
B-3066,"2',3,4-trichlorodiphenyl ether",Clc1ccc(Oc2ccccc2Cl)cc1Cl
B-3067,"propanoic acid, 2-(1-oxopropoxy)-, methyl ester",CCC(=O)OC(C)C(=O)OC
B-3068,dimepiperate,CC(C)(SC(=O)N1CCCCC1)c1ccccc1
B-3069,"1h-imidazole, 2-(2-methylpropyl)-",CC(C)Cc1ncc[nH]1
B-3070,tifatol,Cc1ccc(N=c2sccn2C)c(C)c1
B-3071,"carbamimidothioic acid, trimethyl-, methyl ester",CN=C(SC)N(C)C
B-3072,"2,2',3,3',4,6-hexachlorobiphenyl",Clc1cccc(-c2c(Cl)cc(Cl)c(Cl)c2Cl)c1Cl
B-3073,"benzamide, 2,5-dihydroxy-n-(2-hydroxyethyl)-",O=C(NCCO)c1cc(O)ccc1O
B-3074,"1,3,6-naphthalenetrisulfonic acid, 4-amino-",Nc1c(S(=O)(=O)O)cc(S(=O)(=O)O)c2ccc(S(=O)(=O)O)cc12
B-3075,"benzenemethanol, 2,3(or 3,4)-dichloro-, methyl c",CNC(=O)OCc1cccc(Cl)c1Cl
B-3077,"urea, n-butyl-n-phenyl",CCCCN(C(N)=O)c1ccccc1
B-3078,"2,2',4,6-tetrachlorobiphenyl",Clc1cc(Cl)c(-c2ccccc2Cl)c(Cl)c1
B-3080,diclomezine,Cc1c(Cl)cc(-c2ccc(=O)[nH]n2)cc1Cl
B-3082,"benzeneacetonitrile, alpha-((cyanomethoxy)imino)",N#CCO/N=C(\C#N)c1ccccc1
B-3083,"5-pyrimidinemethanol, .alpha.-(2-chlorophenyl)-.",OC(c1ccc(F)cc1)(c1cncnc1)c1ccccc1Cl
B-3084,"3,4,4'-trichlorodiphenyl ether",Clc1ccc(Oc2ccc(Cl)c(Cl)c2)cc1
B-3085,"pentanamide, 2-bromo-2-propyl-",CCCC(Br)(CCC)C(N)=O
B-3088,diofenolan,CC[C@H]1OC[C@@H](COc2ccc(Oc3ccccc3)cc2)O1
B-3089,"1h-purine-2,6-dione, 3,7-dihydro-3,7-dimethyl-1-",CCCn1c(=O)c2c(ncn2C)n(C)c1=O
B-3090,"ethanamine, n,2-dichloro-n-(2-chloroethyl)-",ClCCN(Cl)CCCl
B-3091,cycloprothrin,CCOc1ccc(C2(C(=O)OC(C#N)c3cccc(Oc4ccccc4)c3)CC2(Cl)Cl)cc1
B-3092,"1-piperazinecarboxylic acid, 4,4'-methylenebis-,",CCOC(=O)N1CCN(CN2CCN(C(=O)OCC)CC2)CC1
B-3093,"1(2h)-pyrimidinecarboxamide, n-butyl-5-fluoro-3,",CCCCNC(=O)n1cc(F)c(=O)[nH]c1=O
B-3097,ethiozin,CCSc1nnc(C(C)(C)C)c(=O)n1N
B-3098,triflumuron,O=C(NC(=O)c1ccccc1Cl)Nc1ccc(OC(F)(F)F)cc1
B-3099,"acetamide, 2-(benzoyloxy)-",NC(=O)COC(=O)c1ccccc1
B-3100,"acetamide, 2-(benzoyloxy)-n-ethyl-",CCNC(=O)COC(=O)c1ccccc1
B-3101,"benzoic acid, 2-(diethylamino)-2-oxoethyl ester",CCN(CC)C(=O)COC(=O)c1ccccc1
B-3102,"dl-alanine, n-ethyl-",CCNC(C)C(=O)O
B-3103,"2,4(1h,3h)-pyrimidinedione, 5-aminodihydro-1,3-d",CN1C(=O)C(N)C(=S)N(C)C1=O
B-3105,4(1h)-pteridinethione,S=c1nc[nH]c2nccnc12
B-3110,penconazole,CCCC(Cn1cncn1)c1ccc(Cl)cc1Cl
B-3111,flutolanil,CC(C)Oc1cccc(NC(=O)c2ccccc2C(F)(F)F)c1
B-3113,"3,3',4-trichlorodiphenyl ether",Clc1cccc(Oc2ccc(Cl)c(Cl)c2)c1
B-3114,tralomethrin,CC1(C)[C@H](C(=O)O[C@H](C#N)c2cccc(Oc3ccccc3)c2)[C@@H]1C(Br)C(Br)(Br)Br
B-3115,"pentanamide, n-(aminocarbonyl)-2-bromo-",CCCC(Br)C(=O)NC(N)=O
B-3116,"4-cycloocten-1-amine, n,n-dimethyl-",CN(C)C1CCC=CCCC1
B-3117,methasulfocarb,CNC(=O)Sc1ccc(OS(C)(=O)=O)cc1
B-3118,"cyclopentanecarbonitrile, 1-methyl-2-oxo-",CC1(C#N)CCCC1=O
B-3119,metazachlor,Cc1cccc(C)c1N(Cn1cccn1)C(=O)CCl
B-3120,"urea, (1,1-diethylpropyl)-",CCC(CC)(CC)NC(N)=O
B-3123,hydramethylnon,CC1(C)CN=C(NN=C(/C=C/c2ccc(C(F)(F)F)cc2)/C=C/c2ccc(C(F)(F)F)cc2)NC1
B-3124,"dibenzofuran, 1,2,3,4,6,7,8-heptachloro-",Clc1cc2c(oc3c(Cl)c(Cl)c(Cl)c(Cl)c32)c(Cl)c1Cl
B-3126,"dibenzofuran, 2,3,7,8-tetrabromo-",Brc1cc2oc3cc(Br)c(Br)cc3c2cc1Br
B-3127,prochloraz,CCCN(CCOc1c(Cl)cc(Cl)cc1Cl)C(=O)n1ccnc1
B-3128,"glycine, n-(aminocarbonyl)-n-nitroso-, ethyl est",CCOC(=O)CN(N=O)C(N)=O
B-3129,"2,2',4,5,5'-pentabromobiphenyl",Brc1ccc(Br)c(-c2cc(Br)c(Br)cc2Br)c1
B-3131,"1,7-naphthyridin-8(7h)-one",O=c1[nH]ccc2cccnc12
B-3132,azafenidin,C#CCOc1cc(-n2nc3n(c2=O)CCCC3)c(Cl)cc1Cl
B-3135,forchlorfenuron,O=C(Nc1ccccc1)Nc1ccnc(Cl)c1
B-3136,"2,2',4,6'-tetrachlorobiphenyl",Clc1ccc(-c2c(Cl)cccc2Cl)c(Cl)c1
B-3138,"1,1'-biphenyl, 2,2',3,4',5-pentachloro-",Clc1ccc(-c2cc(Cl)cc(Cl)c2Cl)c(Cl)c1
B-3139,"1,1'-biphenyl, 2,3,3',5',6-pentachloro-",Clc1cc(Cl)cc(-c2c(Cl)ccc(Cl)c2Cl)c1
B-3140,"1,1'-biphenyl, 2,3,4',5,6-pentachloro-",Clc1ccc(-c2c(Cl)c(Cl)cc(Cl)c2Cl)cc1
B-3141,"2,3',4,5,5'-pentachlorobiphenyl",Clc1cc(Cl)cc(-c2cc(Cl)c(Cl)cc2Cl)c1
B-3142,"1,1'-biphenyl, 2,2',3,4,5',6-hexachloro-",Clc1ccc(Cl)c(-c2c(Cl)cc(Cl)c(Cl)c2Cl)c1
B-3143,"2,2',3,4,5,6'-hexachlorobiphenyl",Clc1cc(-c2c(Cl)cccc2Cl)c(Cl)c(Cl)c1Cl
B-3144,"2,2',3,3',4,5,5',6-octachlorobiphenyl",Clc1cc(Cl)c(Cl)c(-c2c(Cl)c(Cl)c(Cl)c(Cl)c2Cl)c1
B-3145,proglinazine ethyl,CCOC(=O)CNc1nc(Cl)nc(NC(C)C)n1
B-3146,"guanidine, n,n'-bis(4-methoxyphenyl)-",COc1ccc(NC(=N)Nc2ccc(OC)cc2)cc1
B-3148,benfuresate,CCS(=O)(=O)Oc1ccc2c(c1)C(C)(C)CO2
B-3149,"acetamide, n-acetyl-2-(benzoyloxy)-",CC(=O)NC(=O)COC(=O)c1ccccc1
B-3151,"2,2',4-trichlorodiphenyl ether",Clc1ccc(Oc2ccccc2Cl)c(Cl)c1
B-3152,buprofezin,CC(C)N1C(=O)N(c2ccccc2)CSC1=NC(C)(C)C
B-3153,fluroxypyr,Nc1c(Cl)c(F)nc(OCC(=O)O)c1Cl
B-3155,"ethanol, 2-bromo-2,2-dichloro-",OCC(Cl)(Cl)Br
B-3156,cyprofuram,O=C1OCCC1N(C(=O)C1CC1)c1cccc(Cl)c1
B-3157,"2,2,4-pentanetricarboxylic acid",CC(CC(C)(C(=O)O)C(=O)O)C(=O)O
B-3158,"2-furancarboxylic acid, 3,4-dichloro-",O=C(O)c1occ(Cl)c1Cl
B-3159,"1,1'-biphenyl, 2,3,3',4',5,5',6-heptachloro-",Clc1cc(Cl)cc(-c2c(Cl)c(Cl)c(Cl)c(Cl)c2Cl)c1
B-3160,haloxyfop-methyl,COC(=O)C(C)Oc1ccc(Oc2ncc(C(F)(F)F)cc2Cl)cc1
B-3163,"benzoic acid, 2-[4,5-dihydro-4-methyl-4-(1-methy",COC(=O)c1cc(C)ccc1C1=NC(C)(C(C)C)C(=O)N1
B-3165,"3-pyridinecarboxylic acid, octyl ester",CCCCCCCCOC(=O)c1cccnc1
B-3168,"2,2'4,5-tetrachlorobiphenyl",Clc1cc(Cl)c(-c2ccccc2Cl)cc1Cl
B-3169,"2,3',4',5-tetrachlorobiphenyl",Clc1ccccc1-c1cc(Cl)c(Cl)c(Cl)c1
B-3170,"2',3,4,5,5'-pentachlorobiphenyl",Clc1ccc(Cl)c(-c2cc(Cl)c(Cl)c(Cl)c2)c1
B-3173,"1,3,2-oxazaphosphepin-2(3h)-amine, n,n-bis(2-chl",O=P1(N(CCCl)CCCl)NCCCCO1
B-3174,"benzenesulfonamide, 4-amino-n-(5-propyl-1,3,4-th",CCCc1nnc(NS(=O)(=O)c2ccc(N)cc2)s1
B-3176,pyrazoxyfen,Cc1nn(C)c(OCC(=O)c2ccccc2)c1C(=O)c1ccc(Cl)cc1Cl
B-3177,benalaxyl,COC(=O)C(C)N(C(=O)Cc1ccccc1)c1c(C)cccc1C
B-3179,"propanediamide, 2-(hydroxyimino)-",NC(=O)C(=NO)C(N)=O
B-3180,"2-propenoic acid, 2,3,3-tribromo-",O=C(O)C(Br)=C(Br)Br
B-3181,"2-propenoic acid, 2,3-dibromo-3-iodo-",O=C(O)C(Br)=C(Br)I
B-3182,"ethanesulfonamide, n-(ethylsulfonyl)-",CCS(=O)(=O)NS(=O)(=O)CC
B-3187,flurazole,O=C(OCc1ccccc1)c1sc(Cl)nc1C(F)(F)F
B-3189,imiprothrin,C#CCN1CC(=O)N(COC(=O)C2C(C=C(C)C)C2(C)C)C1=O
B-3191,"2,3',4,5-tetrachlorobiphenyl",Clc1cccc(-c2cc(Cl)c(Cl)cc2Cl)c1
B-3192,"1,1'-biphenyl, 2,2',3,5,6-pentachloro-",Clc1ccccc1-c1c(Cl)c(Cl)cc(Cl)c1Cl
B-3193,"1,1'-biphenyl, 2,2',3,4,6'-pentachloro-",Clc1ccc(-c2c(Cl)cccc2Cl)c(Cl)c1Cl
B-3194,"propanoic acid, 2-hydroxy-, 2-(hexyloxy)-1-methy",CCCCCCOC(=O)C(C)OC(=O)C(C)O
B-3195,"2-pyrimidinecarboxamide, 4,6-dimethyl-",Cc1cc(C)nc(C(N)=O)n1
B-3196,ketanserin,O=C(c1ccc(F)cc1)C1CCN(CCn2c(=O)[nH]c3ccccc3c2=O)CC1
B-3198,"hydrazinecarboxamide, n-(4-ethoxyphenyl)-",CCOc1ccc(NC(=O)NN)cc1
B-3199,clofentezine,Clc1ccccc1-c1nnc(-c2ccccc2Cl)nn1
B-3200,sulfometuron (ph 5-7),COC(=O)c1ccccc1S(=O)(=O)NC(=O)Nc1nc(C)cc(C)n1
B-3201,"1,1'-biphenyl, 2,3,3',4-tetrachloro-",Clc1cccc(-c2ccc(Cl)c(Cl)c2Cl)c1
B-3202,"1,1'-biphenyl, 2,3,4',5-tetrachloro-",Clc1ccc(-c2cc(Cl)cc(Cl)c2Cl)cc1
B-3203,"1,1'-biphenyl, 2,3,3',5,6-pentachloro-",Clc1cccc(-c2c(Cl)c(Cl)cc(Cl)c2Cl)c1
B-3204,"2,3,4,4',5-pentachlorobiphenyl",Clc1ccc(-c2cc(Cl)c(Cl)c(Cl)c2Cl)cc1
B-3205,"1,1'-biphenyl, 2,3,4,4',6-pentachloro-",Clc1ccc(-c2c(Cl)cc(Cl)c(Cl)c2Cl)cc1
B-3206,"2,3,3',4,4',6-hexachlorobiphenyl",Clc1ccc(-c2c(Cl)cc(Cl)c(Cl)c2Cl)cc1Cl
B-3207,"2,3,3',4',5,6-hexachlorobiphenyl",Clc1ccc(-c2c(Cl)c(Cl)cc(Cl)c2Cl)cc1Cl
B-3208,"1,1'-biphenyl, 2,3,3',4',5',6-hexachloro-",Clc1cc(-c2c(Cl)ccc(Cl)c2Cl)cc(Cl)c1Cl
B-3209,"2,3,3',5,5',6-hexachlorobiphenyl",Clc1cc(Cl)cc(-c2c(Cl)c(Cl)cc(Cl)c2Cl)c1
B-3211,"1,1'-biphenyl, 2,3,3',4,4',5',6-heptachloro-",Clc1cc(-c2c(Cl)cc(Cl)c(Cl)c2Cl)cc(Cl)c1Cl
B-3213,"1,1'-biphenyl, 2,2',3,4,4',5,6,6'-octachloro-",Clc1cc(Cl)c(-c2c(Cl)c(Cl)c(Cl)c(Cl)c2Cl)c(Cl)c1
B-3214,"1,1'-biphenyl, 2,3,3',4,4',5,5',6-octachloro-",Clc1cc(-c2c(Cl)c(Cl)c(Cl)c(Cl)c2Cl)cc(Cl)c1Cl
B-3215,"1,1'-biphenyl, 2,2',3,4',5,6'-heptachloro-",Clc1cc(Cl)c(-c2c(Cl)c(Cl)cc(Cl)c2Cl)c(Cl)c1
B-3216,"2,5-dibromobenzaldehyde",O=Cc1cc(Br)ccc1Br
B-3217,"methanedisulfonic acid, chloro-",O=S(=O)(O)C(Cl)S(=O)(=O)O
B-3218,bromobutide,CC(C)(NC(=O)C(Br)C(C)(C)C)c1ccccc1
B-3219,fenpiclonil,N#Cc1c[nH]cc1-c1cccc(Cl)c1Cl
B-3220,oxabetrinil,N#C/C(=N\OCC1OCCO1)c1ccccc1
B-3221,diclobutrazol isomers,CC(C)(C)C(O)C(Cc1ccc(Cl)cc1Cl)n1cncn1
B-3223,"phosphonic acid, [[4-(2-benzothiazolyl)phenyl]me",CCOP(=O)(Cc1ccc(-c2nc3ccccc3s2)cc1)OCC
B-3224,"4h-imidazol-4-one, 2-amino-1-ethyl-1,5-dihydro-",CCN1CC(=O)N=C1N
B-3225,tecloftalam,O=C(O)c1c(Cl)c(Cl)c(Cl)c(Cl)c1C(=O)Nc1cccc(Cl)c1Cl
B-3226,"methanetrisulfonic acid, chloro-",O=S(=O)(O)C(Cl)(S(=O)(=O)O)S(=O)(=O)O
B-3227,"l-alanine, n-(chloroacetyl)-, ethyl ester",CCOC(=O)[C@H](C)NC(=O)CCl
B-3228,"benzoic acid, 2-(acetyloxy)-, (methylthio)methyl",CSCOC(=O)c1ccccc1OC(C)=O
B-3229,"benzoic acid, 2-(acetyloxy)-, (methylsulfinyl)me",CC(=O)Oc1ccccc1C(=O)OCS(C)=O
B-3230,"benzoic acid, 2-(acetyloxy)-, (methylsulfonyl)me",CC(=O)Oc1ccccc1C(=O)OCS(C)(=O)=O
B-3231,2-(2-chlorophenoxy)propanoic acid,CC(Oc1ccccc1Cl)C(=O)O
B-3232,quizalofop,CC(Oc1ccc(Oc2cnc3cc(Cl)ccc3n2)cc1)C(=O)O
B-3235,"2',3,3',4,5-pentachlorobiphenyl",Clc1cc(-c2cccc(Cl)c2Cl)cc(Cl)c1Cl
B-3237,"glycine, n-(n-l-leucyl-l-alanyl)-",CC(C)C[C@H](N)C(=O)N[C@@H](C)C(=O)NCC(=O)O
B-3238,"carbamic acid, ethylmethyl-, ethyl ester",CCOC(=O)N(C)CC
B-3239,pyraclofos,CCCSP(=O)(OCC)Oc1cnn(-c2ccc(Cl)cc2)c1
B-3242,"2-butanol, 4,4-diethoxy-",CCOC(CC(C)O)OCC
B-3243,"4(1h)-pteridinone, hydrazone",NN=c1nc[nH]c2nccnc12
B-3244,oxadixyl,COCC(=O)N(c1c(C)cccc1C)N1CCOC1=O
B-3245,"3-pyridinecarboxamide, n-hexyl-",CCCCCCNC(=O)c1cccnc1
B-3246,"2,4,6(1h,3h,5h)-pyrimidinetrione, 1-(2,3-dihydro",CCC1(c2ccccc2)C(=O)NC(=O)N(CC(O)CO)C1=O
B-3250,harmony,COC(=O)c1sccc1S(=O)(=O)NC(=O)Nc1nc(C)nc(OC)n1
B-3252,"butanamide, n,n,2-triethyl-",CCC(CC)C(=O)N(CC)CC
B-3254,hexaconazole,CCCCC(O)(Cn1cncn1)c1ccc(Cl)cc1Cl
B-3255,diafenthiuron,CC(C)c1cc(Oc2ccccc2)cc(C(C)C)c1NC(=S)NC(C)(C)C
B-3259,imazethapyr,CCc1cnc(C2=NC(C)(C(C)C)C(=O)N2)c(C(=O)O)c1
B-3260,imazamethabenz (isomer mix),COC(=O)c1ccc(C)cc1C1=NC(C)(C(C)C)C(=O)N1
B-3262,"3-pyridinecarboxamide, n-octyl-",CCCCCCCCNC(=O)c1cccnc1
B-3263,"3-pyridinecarboxamide, n-nonyl-",CCCCCCCCCNC(=O)c1cccnc1
B-3264,"3-pyridinecarboxamide, n-decyl-",CCCCCCCCCCNC(=O)c1cccnc1
B-3265,"3-pyridinecarboxamide, n-undecyl-",CCCCCCCCCCCNC(=O)c1cccnc1
B-3266,"3-pyridinecarboxamide, n-dodecyl-",CCCCCCCCCCCCNC(=O)c1cccnc1
B-3268,triasulfuron,COc1nc(C)nc(NC(=O)NS(=O)(=O)c2ccccc2OCCCl)n1
B-3270,"5,8-quinolinedione, dioxime",ON=C1C=CC(=NO)c2ncccc21
B-3272,inabenfide,O=C(Nc1ccc(Cl)cc1C(O)c1ccccc1)c1ccncc1
B-3273,isoxaben,CCC(C)(CC)c1cc(NC(=O)c2c(OC)cccc2OC)on1
B-3274,"1-butanol, 3-ethoxy-",CCOC(C)CCO
B-3275,bifenthrin,Cc1c(COC(=O)C2C(/C=C(\Cl)C(F)(F)F)C2(C)C)cccc1-c1ccccc1
B-3276,benzofenap,Cc1ccc(C(=O)COc2c(C(=O)c3ccc(Cl)c(C)c3Cl)c(C)nn2C)cc1
B-3277,bensulfuron-methyl (ph7),COC(=O)c1ccccc1CS(=O)(=O)NC(=O)Nc1nc(OC)cc(OC)n1
B-3279,alanycarb,CCOC(=O)CCN(Cc1ccccc1)SN(C)C(=O)O/N=C(/C)SC
B-3280,diflufenican,O=C(Nc1ccc(F)cc1F)c1cccnc1Oc1cccc(C(F)(F)F)c1
B-3281,"2-propenoic acid, 3-bromo-2,3-diiodo-",O=C(O)C(I)=C(Br)I
B-3284,diniconazole,CC(C)(C)C(O)/C(=C\c1ccc(Cl)cc1Cl)n1cncn1
B-3285,phosmethylan,CCCC(=O)N(CSP(=S)(OC)OC)c1ccccc1Cl
B-3287,chlozolinate,CCOC(=O)C1(C)OC(=O)N(c2cc(Cl)cc(Cl)c2)C1=O
B-3288,"ethanol, 2-[(2-amino-9h-purin-9-yl)methoxy]-",Nc1ncc2ncn(COCCO)c2n1
B-3289,clomeprop,Cc1c(Cl)ccc(OC(C)C(=O)Nc2ccccc2)c1Cl
B-3290,"1-pentanesulfinothioic acid, s-pentyl ester",CCCCCSS(=O)CCCCC
B-3291,"pentanal, 5-methoxy-",COCCCCC=O
B-3292,"benzenemethanol, 2,4-dichloro-, propanoate",CCC(=O)OCc1ccc(Cl)cc1Cl
B-3293,flusilazole,C[Si](Cn1cncn1)(c1ccc(F)cc1)c1ccc(F)cc1
B-3295,esprocarb,CCN(C(=O)SCc1ccccc1)C(C)C(C)C
B-3296,primisulfuron-methyl,COC(=O)c1ccccc1S(=O)(=O)NC(=O)Nc1nc(OC(F)F)cc(OC(F)F)n1
B-3297,imibenconazole,Clc1ccc(CSC(Cn2cncn2)=Nc2ccc(Cl)cc2Cl)cc1
B-3298,propisochlor,CCc1cccc(C)c1N(COC(C)C)C(=O)CCl
B-3299,fluazuron,O=C(NC(=O)c1c(F)cccc1F)Nc1ccc(Cl)c(Oc2ncc(C(F)(F)F)cc2Cl)c1
B-3300,"carbamic acid, (3,4-diethoxyphenyl)-, 1-methylet",CCOc1ccc(NC(=O)OC(C)C)cc1OCC
B-3301,haloxyfop-etotyl,CCOCCOC(=O)C(C)Oc1ccc(Oc2ncc(C(F)(F)F)cc2Cl)cc1
B-3302,butenachlor,C/C=C\COCN(C(=O)CCl)c1c(CC)cccc1CC
B-3303,flumiclorac-pentyl,CCCCCOC(=O)COc1cc(N2C(=O)C3=C(CCCC3)C2=O)c(F)cc1Cl
B-3304,dimethenamid,COCC(C)N(C(=O)CCl)c1c(C)csc1C
B-3305,isoxapyrifop,CC(Oc1ccc(Oc2ncc(Cl)cc2Cl)cc1)C(=O)N1CCCO1
B-3306,cinmethylin,Cc1ccccc1COC1CC2(C(C)C)CCC1(C)O2
B-3307,fluxofenim,FC(F)(F)/C(=N/OCC1OCCO1)c1ccc(Cl)cc1
B-3308,"acrylic acid, 2,3-dibromo-3-chloro-",O=C(O)C(Br)=C(Cl)Br
B-3309,"acrylic acid, 3,3-dibromo-2-chloro-",O=C(O)C(Cl)=C(Br)Br
B-3313,"purine-2,8(3h,9h)-dione, 3-methyl-",Cn1c(=O)ncc2[nH]c(=O)[nH]c21
B-3315,(+)(r)-6-hydroxy-4-methyl-caproaldehyde,C[C@@H](CCO)CCC=O
B-3316,"2(3h)-pteridinone, 3-methyl-",Cn1cc2nccnc2nc1=O
B-3317,"5-isobenzofurancarbonitrile, 1,3-dihydro-3-oxo-",N#Cc1ccc2c(c1)C(=O)OC2
B-3318,"1-propanol, 2,2-bis(ethylsulfonyl)-",CCS(=O)(=O)C(C)(CO)S(=O)(=O)CC
B-3319,"benzaldehyde, 2-amino-4-hydroxy-3-methoxy-",COc1c(O)ccc(C=O)c1N
B-3321,"glutamic acid, n-(2-cyanoethyl)-",N#CCCN[C@@H](CCC(=O)O)C(=O)O
B-3322,"barbituric acid, 5-acetonyl-5-ethyl-",CCC1(CC(C)=O)C(=O)NC(=O)NC1=O
B-3323,"nonanoic acid, 2,3-dihydroxy-",CCCCCCC(O)C(O)C(=O)O
B-3324,quinmerac,Cc1cnc2c(C(=O)O)c(Cl)ccc2c1
B-3326,"2-pteridinol, 6,7-diethyl-",CCc1nc2cnc(O)nc2nc1CC
B-3327,"propanoic acid, 2-(cyclohexyloxy)-2-methyl-",CC(C)(OC1CCCCC1)C(=O)O
B-3328,"hydrocinnamic acid, .beta.-methoxy-",COC(CC(=O)O)c1ccccc1
B-3330,"malonamide, 2,2-dihydroxy-n,n'diphenyl-",O=C(Nc1ccccc1)C(O)(O)C(=O)Nc1ccccc1
B-3331,"barbituric acid, 5-(2-butenyl)-1,5-dimethyl-",CC=CCC1(C)C(=O)NC(=O)N(C)C1=O
B-3332,2-hydroxy-but-3-enoic acid ethyl ester,C=CC(O)C(=O)OCC
B-3333,"pyran, 2,2'-oxybis[tetrahydro-6-methyl-",CC1CCCC(OC2CCCC(C)O2)O1
B-3334,"phosphoric acid, methyl dipropyl ester",CCCOP(=O)(OC)OCCC
B-3335,"pyrimido[5,4-d]pyrimidine-2,4,8(3h)-trione, 1,7-",Cn1cnc2c(=O)n(C)c(=O)n(C)c2c1=O
B-3337,12-butyl-benz[a]anthracene,CCCCc1c2ccccc2cc2ccc3ccccc3c12
B-3338,"butanoic acid, 2,2-dibromo-",CCC(Br)(Br)C(=O)O
B-3339,pyrazosulfuron-ethyl,CCOC(=O)c1cnn(C)c1S(=O)(=O)NC(=O)Nc1nc(OC)cc(OC)n1
B-3340,"glycine, n-[n-(2-naphthalenylsulfonyl)glycyl]-",O=C(O)CNC(=O)CNS(=O)(=O)c1ccc2ccccc2c1
B-3341,cyproconazole,CC(C1CC1)C(O)(Cn1cncn1)c1ccc(Cl)cc1
B-3343,cinosulfuron,COCCOc1ccccc1S(=O)(=O)NC(=O)Nc1nc(OC)nc(OC)n1
B-3344,cadusafos,CCOP(=O)(SC(C)CC)SC(C)CC
B-3345,"acetic acid, (cyclopentyloxy)-",O=C(O)COC1CCCC1
B-3346,tebupirimfos,CCOP(=S)(Oc1cnc(C(C)(C)C)nc1)OC(C)C
B-3347,pyridaben,CC(C)(C)c1ccc(CSc2cnn(C(C)(C)C)c(=O)c2Cl)cc1
B-3348,thenylchlor,COc1ccsc1CN(C(=O)CCl)c1c(C)cccc1C
B-3349,flurtamone,CNC1=C(c2cccc(C(F)(F)F)c2)C(=O)C(c2ccccc2)O1
B-3350,"propanamide, 2-hydroxy-n-tetradecyl-",CCCCCCCCCCCCCCNC(=O)C(C)O
B-3351,methyl (1-phenylsulfonyl) cyclopropane carboxyla,COC(=O)C1(S(=O)(=O)c2ccccc2)CC1
B-3352,dka-24,C=CCNC(=O)CN(CC=C)C(=O)C(Cl)Cl
B-3354,dithiopyr,CSC(=O)c1c(C(F)F)nc(C(F)(F)F)c(C(=O)SC)c1CC(C)C
B-3355,"1,2,4-thiadiazol-5-amine, 3-methoxy-",COc1nsc(N)n1
B-3356,"1,2,4-thiadiazole, 5-amino-3-ethoxy-",CCOc1nsc(N)n1
B-3357,"1-propanol, 2,3-dimercapto-, 1-acetate",CC(=O)OCC(S)CS
B-3358,"hexanamide, 2-ethylidene-",CC=C(CCCC)C(N)=O
B-3359,"pyrazinamide, n-2-pyrimidinyl-",O=C(Nc1ncccn1)c1cnccn1
B-3361,"3-pyridinecarboxylic acid, nonyl ester",CCCCCCCCCOC(=O)c1cccnc1
B-3362,fosthiazate,CCOP(=O)(SC(C)CC)N1CCSC1=O
B-3363,flumetsulam,Cc1ccn2nc(S(=O)(=O)Nc3c(F)cccc3F)nc2n1
B-3364,"pyrazinamide, n-(4-methyl-2-pyrimidinyl)-",Cc1ccnc(NC(=O)c2cnccn2)n1
B-3365,sulcotrione,CS(=O)(=O)c1ccc(C(=O)C2C(=O)CCCC2=O)c(Cl)c1
B-3368,"butanal, 3-hydroxy-2-methyl-",CC(O)C(C)C=O
B-3369,"8-quinazolinol, 4-methyl-",Cc1ncnc2c(O)cccc12
B-3370,"7(8h)-pteridinone, 6,8-dimethyl-",Cc1nc2cncnc2n(C)c1=O
B-3372,"2,6-piperidinedicarboxamide",NC(=O)C1CCCC(C(N)=O)N1
B-3373,"1,2-cyclohexanedione, 4-tert-pentyl-, dioxime",CCC(C)(C)C1CCC(=NO)C(=NO)C1
B-3374,"8-quinazolinol, 4-propyl-",CCCc1ncnc2c(O)cccc12
B-3376,"3-pyridinecarboxylic acid, heptyl ester",CCCCCCCOC(=O)c1cccnc1
B-3378,halosulfuron-methyl,COC(=O)c1c(Cl)nn(C)c1S(=O)(=O)NC(=O)Nc1nc(OC)cc(OC)n1
B-3379,"quinoline, 5-acetamido-8-ethoxy-",CCOc1ccc(NC(C)=O)c2cccnc12
B-3380,"phosphoric acid, dibutyl 4-ethoxybutyl ester",CCCCOP(=O)(OCCCC)OCCCCOCC
B-3381,acrinathrin,CC1(C)[C@H](C(=O)O[C@H](C#N)c2cccc(Oc3ccccc3)c2)[C@@H]1/C=C\C(=O)OC(C(F)(F)F)C(F)(F)F
B-3382,tribenuron-methyl,COC(=O)c1ccccc1S(=O)(=O)NC(=O)N(C)c1nc(C)nc(OC)n1
B-3383,"butanoic acid, 2,2,4-trichloro-",O=C(O)C(Cl)(Cl)CCCl
B-3386,"undecanoic acid, 11-[(6-aminohexyl)amino]-",NCCCCCCNCCCCCCCCCCC(=O)O
B-3387,pefurazoate,C=CCCCOC(=O)C(CC)N(Cc1ccco1)C(=O)n1ccnc1
B-3390,"2(1h)-pteridinone, 1-methyl-",Cn1c(=O)ncc2nccnc21
B-3391,"hexanamide, n-(aminocarbonyl)-2-ethylidene-",C/C=C(/CCCC)C(=O)NC(N)=O
B-3392,"butane, 2-chloro-3-methoxy-",COC(C)C(C)Cl
B-3393,"phthalide, 4-bromo-6,7-dimethoxy-",COc1cc(Br)c2c(c1OC)C(=O)OC2
B-3394,"4-pteridinol, 6,7-diethyl-",CCc1nc2ncnc(O)c2nc1CC
B-3395,fenchlorazole-ethyl,CCOC(=O)c1nc(C(Cl)(Cl)Cl)n(-c2ccc(Cl)cc2Cl)n1
B-3396,flumioxazin,C#CCN1C(=O)COc2cc(F)c(N3C(=O)C4=C(CCCC4)C3=O)cc21
B-3397,"hexanedioic acid, 2,2-diphenyl-",O=C(O)CCCC(C(=O)O)(c1ccccc1)c1ccccc1
B-3398,Imazapic,Cc1cnc(C2=NC(C)(C(C)C)C(=O)N2)c(C(=O)O)c1
B-3399,"2-benzofurancarboxylic acid, 3-methoxy-",COc1c(C(=O)O)oc2ccccc12
B-3401,silafluofen,CCOc1ccc([Si](C)(C)CCCc2ccc(F)c(Oc3ccccc3)c2)cc1
B-3403,pyrimidifen,CCOCCc1ccc(OCCNc2ncnc(CC)c2Cl)c(C)c1C
B-3404,"valeric acid, 4-(benzamido)-",CC(CCC(=O)O)NC(=O)c1ccccc1
B-3406,"acetamide, 2-(benzoyloxy)-n-methyl-",CNC(=O)COC(=O)c1ccccc1
B-3407,"acetamide, 2-(benzoyloxy)-n-propyl-",CCCNC(=O)COC(=O)c1ccccc1
B-3408,"acetamide, 2-(benzoyloxy)-n-(1,1-dimethylethyl)-",CC(C)(C)NC(=O)COC(=O)c1ccccc1
B-3409,"acetamide, 2-[[(benzoyloxy)acetyl]amino]-",NC(=O)CNC(=O)COC(=O)c1ccccc1
B-3410,"acetamide, 2-(benzoyloxy)-n,n-dimethyl-",CN(C)C(=O)COC(=O)c1ccccc1
B-3411,"acetamide, 2-(benzoyloxy)-n,n-dipropyl-",CCCN(CCC)C(=O)COC(=O)c1ccccc1
B-3412,"acetamide, 2-(benzoyloxy)-n,n-dibutyl-",CCCCN(CCCC)C(=O)COC(=O)c1ccccc1
B-3413,"acetamide, 2-(benzoyloxy)-n,n-bis(2-propenyl)-",C=CCN(CC=C)C(=O)COC(=O)c1ccccc1
B-3414,"glycine, n-[(benzoyloxy)acetyl]-n-methyl-",CN(CC(=O)O)C(=O)COC(=O)c1ccccc1
B-3415,"piperidine, 1-[(benzoyloxy)acetyl]-",O=C(OCC(=O)N1CCCCC1)c1ccccc1
B-3416,"morpholine, 4-[(benzoyloxy)acetyl]-",O=C(OCC(=O)N1CCOCC1)c1ccccc1
B-3417,"butanoic acid, 2-(formylamino)-",CCC(NC=O)C(=O)O
B-3418,tebuconazole,CC(C)(C)C(O)(CCc1ccc(Cl)cc1)Cn1cncn1
B-3419,"benzenesulfonamide, 4-[(2-hydroxyethyl)thio]-",NS(=O)(=O)c1ccc(SCCO)cc1
B-3420,"benzenesulfonamide, 4-[(3-hydroxypropyl)thio]-",NS(=O)(=O)c1ccc(SCCCO)cc1
B-3421,"benzenesulfonamide, 4-[(5-hydroxypentyl)thio]-",NS(=O)(=O)c1ccc(SCCCCCO)cc1
B-3422,"hexanedioic acid, 2,5-dihydroxy-2,5-dimethyl-",CC(O)(CCC(C)(O)C(=O)O)C(=O)O
B-3423,"4-pyrimidinamine, 5-ethyl-2,6-dipropyl-",CCCc1nc(N)c(CC)c(CCC)n1
B-3424,diflufenzopyr,C/C(=N\NC(=O)Nc1cc(F)cc(F)c1)c1ncccc1C(=O)O
B-3425,"benzoic acid, o-phthalidyl-",O=C(O)c1ccccc1C1OC(=O)c2ccccc21
B-3426,azacyclononadecan-2-one,O=C1CCCCCCCCCCCCCCCCCN1
B-3428,propaquizafop,CC(C)=NOCCOC(=O)C(C)Oc1ccc(Oc2cnc3cc(Cl)ccc3n2)cc1
B-3429,fenpyroximate,Cc1nn(C)c(Oc2ccccc2)c1/C=N/OCc1ccc(C(=O)OC(C)(C)C)cc1
B-3430,halfenprox,CC(C)(COCc1cccc(Oc2ccccc2)c1)c1ccc(OC(F)(F)Br)cc1
B-3431,triazamate,CCOC(=O)CSc1nc(C(C)(C)C)nn1C(=O)N(C)C
B-3432,halofenozide,CC(C)(C)N(NC(=O)c1ccc(Cl)cc1)C(=O)c1ccccc1
B-3433,tebufenozide,CCc1ccc(C(=O)NN(C(=O)c2cc(C)cc(C)c2)C(C)(C)C)cc1
B-3434,cyclanilide,O=C(O)C1CC1C(=O)Nc1ccc(Cl)cc1Cl
B-3435,fenoxaprop-p,CC(Oc1ccc(Oc2nc3ccc(Cl)cc3o2)cc1)C(=O)O
B-3436,imazamox,COCc1cnc(C2=NC(C)(C(C)C)C(=O)N2)c(C(=O)O)c1
B-3437,fenbuconazole,N#CC(CCc1ccc(Cl)cc1)(Cn1cncn1)c1ccccc1
B-3438,"2-oxetanone, 3-ethyl-4-methyl-, (3s-trans)-",CC[C@@H]1C(=O)O[C@H]1C
B-3439,"azetidine, 1-[benzoyloxy(acetyl)]-",O=C(OCC(=O)N1CCC1)c1ccccc1
B-3440,"1h-azepine, hexahydro-1-[(benzoyloxy)acetyl]-",O=C(OCC(=O)N1CCCCCC1)c1ccccc1
B-3441,"4-piperidinol, 1-[(benzoyloxy)acetyl]-",O=C(OCC(=O)N1CCC(O)CC1)c1ccccc1
B-3444,"propanamide, 3-(benzoyloxy)-n,n-dimethyl-",CN(C)C(=O)CCOC(=O)c1ccccc1
B-3445,"butanamide, 4-(benzoyloxy)-n,n-dimethyl-",CN(C)C(=O)CCCOC(=O)c1ccccc1
B-3446,"acetamide, n-acetyl-2-(benzoyloxy)-n-methyl-",CC(=O)N(C)C(=O)COC(=O)c1ccccc1
B-3447,"acetamide, 2-(benzoyloxy)-n-(1-methylethyl)-",CC(C)NC(=O)COC(=O)c1ccccc1
B-3448,"acetamide, 2-(benzoyloxy)-n-butyl-",CCCCNC(=O)COC(=O)c1ccccc1
B-3449,"acetamide, 2-(benzoyloxy)-n-hexyl-",CCCCCCNC(=O)COC(=O)c1ccccc1
B-3450,"propanamide, 2-[[(benzoyloxy)acetyl]amino]-",CC(NC(=O)COC(=O)c1ccccc1)C(N)=O
B-3451,bromuconazole,Clc1ccc(C2(Cn3cncn3)CC(Br)CO2)c(Cl)c1
B-3452,novaluron,O=C(NC(=O)c1c(F)cccc1F)Nc1ccc(OC(F)(F)C(F)OC(F)(F)F)c(Cl)c1
B-3453,sec-butyl ethylamine,CCNC(C)CC
B-3454,"dl-lysine, n2-benzoyl-",NCCCCC(NC(=O)c1ccccc1)C(=O)O
B-3455,fluthiacet-methyl,COC(=O)CSc1cc(N=c2sc(=O)n3n2CCCC3)c(F)cc1Cl
B-3457,thiazopyr,COC(=O)c1c(C(F)F)nc(C(F)(F)F)c(C2=NCCS2)c1CC(C)C
B-3458,Spiroxamine,CCCN(CC)CC1COC2(CCC(C(C)(C)C)CC2)O1
B-3460,"1(3h)-isobenzofuranone, 6-amino-3-methyl-",CC1OC(=O)c2cc(N)ccc21
B-3462,"2-thiophenesulfonamide, 4-(4-methoxybenzoyl)-",COc1ccc(C(=O)c2csc(S(N)(=O)=O)c2)cc1
B-3463,"2-thiophenesulfonamide, 4-(4-hydroxybenzoyl)-",NS(=O)(=O)c1cc(C(=O)c2ccc(O)cc2)cs1
B-3464,"2-furansulfonamide, 4-(4-methoxybenzoyl)-",COc1ccc(C(=O)c2coc(S(N)(=O)=O)c2)cc1
B-3465,"2-thiophenesulfonamide, 4-(4-methylbenzoyl)-",Cc1ccc(C(=O)c2csc(S(N)(=O)=O)c2)cc1
B-3466,flupoxam,NC(=O)c1nc(-c2ccccc2)n(-c2ccc(Cl)c(COCC(F)(F)C(F)(F)F)c2)n1
B-3467,tebufenpyrad,CCc1nn(C)c(C(=O)NCc2ccc(C(C)(C)C)cc2)c1Cl
B-3469,quizalofop-p-tefuryl,CC(Oc1ccc(Oc2cnc3cc(Cl)ccc3n2)cc1)C(=O)OCC1CCCO1
B-3470,fipronil,N#Cc1nn(-c2c(Cl)cc(C(F)(F)F)cc2Cl)c(N)c1S(=O)C(F)(F)F
B-3471,azimsulfuron,COc1cc(OC)nc(NC(=O)NS(=O)(=O)c2c(-c3nnn(C)n3)cnn2C)n1
B-3473,fenazaquin,CC(C)(C)c1ccc(CCOc2ncnc3ccccc23)cc1
B-3474,"3-p-anisidino-propane-1,2-diol",COc1ccc(NCC(O)CO)cc1
B-3476,furilazole,CC1(C)OC(c2ccco2)CN1C(=O)C(Cl)Cl
B-3477,Cyhalofop-butyl,CCCCOC(=O)C(C)Oc1ccc(Oc2ccc(C#N)cc2F)cc1
B-3478,imazosulfuron,COc1cc(OC)nc(NC(=O)NS(=O)(=O)c2c(Cl)nc3ccccn23)n1
B-3479,"l-asparagine, n2-(chloroacetyl)-",NC(=O)C[C@H](NC(=O)CCl)C(=O)O
B-3480,rimsulfuron,CCS(=O)(=O)c1cccnc1S(=O)(=O)NC(=O)Nc1nc(OC)cc(OC)n1
B-3481,pymetrozine,CC1=NNC(=O)N(/N=C/c2cccnc2)C1
B-3482,"hexanal, 5-hydroxy-, (r)-",C[C@@H](O)CCCC=O
B-3484,"quinoline, 5,7-dichloro-4-(4-fluorophenoxy)-",Fc1ccc(Oc2ccnc3cc(Cl)cc(Cl)c23)cc1
B-3485,metconazole,CC1(C)CCC(Cc2ccc(Cl)cc2)C1(O)Cn1cncn1
B-3486,ipconazole,CC(C)C1CCC(Cc2ccc(Cl)cc2)C1(O)Cn1cncn1
B-3487,cafenstrole,CCN(CC)C(=O)n1cnc(S(=O)(=O)c2c(C)cc(C)cc2C)n1
B-3488,"2-butenamide, n-(4-hydroxyphenyl)-",CC=CC(=O)Nc1ccc(O)cc1
B-3489,"butanamide, n-(aminocarbonyl)-2-cyano-2-ethyl-",CCC(C#N)(CC)C(=O)NC(N)=O
B-3490,ethoxysulfuron,CCOc1ccccc1OS(=O)(=O)NC(=O)Nc1nc(OC)cc(OC)n1
B-3491,carfentrazone-ethyl,CCOC(=O)C(Cl)Cc1cc(-n2nc(C)n(C(F)F)c2=O)c(F)cc1Cl
B-3492,clofencet,CCc1c(C(=O)O)c(=O)cnn1-c1ccc(Cl)cc1
B-3493,"4-Chlorophenyl-2-(1H-1,2,4-triazol-yl)cycloheptanol",OC1(c2ccc(Cl)cc2)CCCCCC1n1cncn1
B-3494,pyraflufen-ethyl,CCOC(=O)COc1cc(-c2nn(C)c(OC(F)F)c2Cl)c(F)cc1Cl
B-3495,thifluzamide,Cc1nc(C(F)(F)F)c(C(=O)Nc2c(Br)cc(OC(F)(F)F)cc2Br)s1
B-3496,fludioxonil,N#Cc1c[nH]cc1-c1cccc2c1OC(F)(F)O2
B-3497,famoxadone,CC1(c2ccc(Oc3ccccc3)cc2)OC(=O)N(Nc2ccccc2)C1=O
B-3498,azoxystrobin,CO/C=C(/C(=O)OC)c1ccccc1Oc1cc(Oc2ccccc2C#N)ncn1
B-3499,Metominostrobin,CNC(=O)/C(=N\OC)c1ccccc1Oc1ccccc1
B-3500,Acibenzolar-s-methyl,CSC(=O)c1cccc2nnsc12
B-3501,acetamiprid,CC(=NC#N)N(C)Cc1ccc(Cl)nc1
B-3502,mefenpyr-diethyl,CCOC(=O)C1=NN(c2ccc(Cl)cc2Cl)C(C)(C(=O)OCC)C1
B-3503,"benzenesulfonamide, 4-[(4-hydroxybutyl)thio]-",NS(=O)(=O)c1ccc(SCCCCO)cc1
B-3504,"benzenesulfonamide, 4-(3-hydroxypropyl)-",NS(=O)(=O)c1ccc(CCCO)cc1
B-3505,"benzenesulfonamide, 4-(4-hydroxybutyl)-",NS(=O)(=O)c1ccc(CCCCO)cc1
B-3506,"benzenesulfonamide, 4-(5-hydroxypentyl)-",NS(=O)(=O)c1ccc(CCCCCO)cc1
B-3507,triflusulfuron-methyl,Cc1cccc(C(=O)O)c1S(=O)(=O)NC(=O)Nc1nc(OCC(F)(F)F)nc(N(C)C)n1
B-3509,fluquinconazole,O=c1c2cc(F)ccc2nc(-n2cncn2)n1-c1ccc(Cl)cc1Cl
B-3510,cyclosulfamuron,COc1cc(OC)nc(NC(=O)NS(=O)(=O)Nc2ccccc2C(=O)C2CC2)n1
B-3512,metosulam,COc1cc(OC)n2nc(S(=O)(=O)Nc3c(Cl)ccc(C)c3Cl)nc2n1
B-3513,isoxaflutole,CS(=O)(=O)c1cc(C(F)(F)F)ccc1C(=O)c1cnoc1C1CC1
B-3514,sulfosulfuron,CCS(=O)(=O)c1nc2ccccn2c1S(=O)(=O)NC(=O)Nc1nc(OC)cc(OC)n1
B-3515,fluthiamide,CC(C)N(C(=O)COc1nnc(C(F)(F)F)s1)c1ccc(F)cc1
B-3517,oxasulfuron,Cc1cc(C)nc(NC(=O)NS(=O)(=O)c2ccccc2C(=O)OC2COC2)n1
B-3518,methyl (1-(4-methyl)phenylsulfonyl) cyclopropane,COC(=O)C1(S(=O)(=O)c2ccc(C)cc2)CC1
B-3519,ethyl (1-(4-methyl)phenylsulfonyl) cyclopropane,CCOC(=O)C1(S(=O)(=O)c2ccc(C)cc2)CC1
B-3520,isopropyl (1-(4-methyl)phenylsulfonyl) cycloprop,Cc1ccc(S(=O)(=O)C2(C(=O)OC(C)C)CC2)cc1
B-3521,methyl (1-(4-chloro)phenylsulfonyl) cyclopropane,COC(=O)C1(S(=O)(=O)c2ccc(Cl)cc2)CC1
B-3522,isopropyl (1-(4-chloro)phenylsulfonyl) cycloprop,CC(C)OC(=O)C1(S(=O)(=O)c2ccc(Cl)cc2)CC1
B-3523,tert-butyl (1-(4-chloro)phenylsulfonyl) cyclopro,CC(C)(C)OC(=O)C1(S(=O)(=O)c2ccc(Cl)cc2)CC1
B-3524,methyl (1-(4-bromo)phenylsulfonyl) cyclopropane,COC(=O)C1(S(=O)(=O)c2ccc(Br)cc2)CC1
B-3528,cloransulam,CCOc1nc(F)cc2nc(S(=O)(=O)Nc3c(Cl)cccc3C(=O)OC)nn12
B-3529,Bifenazate,COc1ccc(-c2ccccc2)cc1NNC(=O)OC(C)C
B-3530,etoxazole,CCOc1cc(C(C)(C)C)ccc1C1COC(c2c(F)cccc2F)=N1
B-3531,fentrazamide,CCN(C(=O)n1nnn(-c2ccccc2Cl)c1=O)C1CCCCC1
B-3535,me (1-(4-bromo)phenylsulfonyl) cyclobutane carbo,COC(=O)C1(S(=O)(=O)c2ccc(Br)cc2)CCC1
B-3536,me (1-(4-bromo)phenylsulfonyl) cyclopentane carb,COC(=O)C1(S(=O)(=O)c2ccc(Br)cc2)CCCC1
B-3537,me (1-(4-bromo)phenylsulfonyl) cyclohexane carbo,COC(=O)C1(S(=O)(=O)c2ccc(Br)cc2)CCCCC1
B-3538,me (1-(4-chloro)phenylsulfonyl) cyclobutane carb,COC(=O)C1(S(=O)(=O)c2ccc(Cl)cc2)CCC1
B-3539,isopropyl (1-(4-chloro)phenylsulfonyl) cyclopent,CC(C)OC(=O)C1(S(=O)(=O)c2ccc(Cl)cc2)CCCC1
B-3540,ethyl (1-(4-methyl)phenylsulfonyl) cyclobutane c,CCOC(=O)C1(S(=O)(=O)c2ccc(C)cc2)CCC1
B-3541,methyl (1-phenylsulfonyl) cyclobutane carboxylat,COC(=O)C1(S(=O)(=O)c2ccccc2)CCC1
B-3542,methyl (1-phenylsulfonyl) cyclopentane carboxyla,COC(=O)C1(S(=O)(=O)c2ccccc2)CCCC1
B-3544,Brofluthrinate,CC(C)C(C(=O)OC(C#N)c1cccc(Oc2ccc(Br)cc2)c1)c1ccc(OC(F)F)cc1
B-3545,Methoxyfenozide,COc1cccc(C(=O)NN(C(=O)c2cc(C)cc(C)c2)C(C)(C)C)c1C
B-3546,isopropazol,CC(C)OC(=O)c1cc(-c2nn(C)c(C(F)(F)F)c2Br)c(F)cc1Cl
B-3547,ethyl 2-formamido-(furan-3-yl)acrylate,CCOC(=O)C(=Cc1ccoc1)NC=O
B-3562,"2,2-dimethylpropane",CC(C)(C)C
B-3564,"dibenz(a,h)anthracene",c1ccc2c(c1)ccc1cc3c(ccc4ccccc43)cc12
B-3565,3-methylcholanthrene,Cc1ccc2cc3c(ccc4ccccc43)c3c2c1CC3
B-3566,benz(a)anthracene,c1ccc2cc3c(ccc4ccccc43)cc2c1
B-3580,"dibenzo[a,c]anthracene",c1ccc2cc3c4ccccc4c4ccccc4c3cc2c1
B-3583,"dibenzo[a,j]anthracene",c1ccc2c(c1)ccc1cc3ccc4ccccc4c3cc12
B-3594,ethylanthracene,CCc1ccc2cc3ccccc3cc2c1
B-3615,m-diethylbenzene,CCc1cccc(CC)c1
B-3617,ethynyl benzene,C#Cc1ccccc1
B-3621,p-tolyltoluene,Cc1ccc(-c2ccc(C)cc2)cc1
B-3625,octylbenzene,CCCCCCCCc1ccccc1
B-3649,p-fluorobenzyl chloride,Fc1ccc(CCl)cc1
B-3655,m-bromotoluene,Cc1cccc(Br)c1
B-3658,m-chlorofluorobenzene,Fc1cccc(Cl)c1
B-3665,trimethylamine,CN(C)C
B-3686,"3,5-dichloroaniline",Nc1cc(Cl)cc(Cl)c1
B-3690,o-ethylphenol,CCc1ccccc1O
B-3693,"2,6-dimethoxyphenol",COc1cccc(OC)c1O
B-3711,p-methoxyphenol,COc1ccc(O)cc1
B-3716,m-bromophenol,Oc1cccc(Br)c1
B-3718,"2,4-dibromophenol",Oc1ccc(Br)cc1Br
B-3721,benzilic acid,O=C(O)C(O)(c1ccccc1)c1ccccc1
B-3723,chloroacetic acid,O=C(O)CCl
B-3724,isobutyricacid,CC(C)C(=O)O
B-3726,a-bromobutyric acid,CCC(Br)C(=O)O
B-3727,naphthaleneacetic acid,O=C(O)Cc1cccc2ccccc12
B-3728,indole-3-acetic acid,O=C(O)Cc1c[nH]c2ccccc12
B-3729,2-ethylbutyric acid,CCC(CC)C(=O)O
B-3731,2-methyl-4-chlorophenoxyacetic acid,Cc1cc(Cl)ccc1OCC(=O)O
B-3737,pimelic acid,O=C(O)CCCCCC(=O)O
B-3739,undecanoic acid,CCCCCCCCCCC(=O)O
B-3742,phenoxyacetic acid,O=C(O)COc1ccccc1
B-3743,p-chlorophenoxyacetic acid,O=C(O)COc1ccc(Cl)cc1
B-3747,2-ethylhexanoic acid,CCCCC(CC)C(=O)O
B-3750,tetradecanoic acid,CCCCCCCCCCCCCC(=O)O
B-3751,"3,4-dichlorophenoxyacetic acid",O=C(O)COc1ccc(Cl)c(Cl)c1
B-3752,o-chlorophenoxyacetic acid,O=C(O)COc1ccccc1Cl
B-3754,"cinnamic acid, p-methoxy-",COc1ccc(/C=C/C(=O)O)cc1
B-3757,"3,5-dichlorobenzoic acid",O=C(O)c1cc(Cl)cc(Cl)c1
B-3758,"3,4-dichlorobenzoic acid",O=C(O)c1ccc(Cl)c(Cl)c1
B-3762,1-napthoic acid,O=C(O)c1cccc2ccccc12
B-3763,thiophene-3-carboxylic acid,O=C(O)c1ccsc1
B-3764,2-furoic acid,O=C(O)c1ccco1
B-3765,2-iodobenzoic acid,O=C(O)c1ccccc1I
B-3766,2-naphthoic acid,O=C(O)c1ccc2ccccc2c1
B-3768,m-toluic acid,Cc1cccc(C(=O)O)c1
B-3771,p-methoxybenzoic acid,COc1ccc(C(=O)O)cc1
B-3772,o-toluic acid,Cc1ccccc1C(=O)O
B-3776,m-fluorobenzoic acid,O=C(O)c1cccc(F)c1
B-3777,p-fluorobenzoic acid,O=C(O)c1ccc(F)cc1
B-3778,m-chlorobenzoic acid,O=C(O)c1cccc(Cl)c1
B-3779,cumic acid,CC(C)c1ccc(C(=O)O)cc1
B-3782,m-bromobenzoic acid,O=C(O)c1cccc(Br)c1
B-3783,p-bromobenzoic acid,O=C(O)c1ccc(Br)cc1
B-3784,3-iodobenzoic acid,O=C(O)c1cccc(I)c1
B-3785,4-iodobenzoic acid,O=C(O)c1ccc(I)cc1
B-3801,3-phenylpropanol,OCCCc1ccccc1
B-3810,p-methyl benzyl alcohol,Cc1ccc(CO)cc1
B-3813,4-methylcyclohexanol,CC1CCC(O)CC1
B-3818,"2,6-dichlorobenzyl alcohol",OCc1c(Cl)cccc1Cl
B-3837,dichlorofluoromethane,FC(Cl)Cl
B-3839,trifluoromethane,FC(F)F
B-3840,trichlorofluoromethane,FC(Cl)(Cl)Cl
B-3849,bromocyclohexane,BrC1CCCCC1
B-3885,ethyl methacrylate,C=C(C)C(=O)OCC
B-3886,"methacrylic acid, i-butyl ester",C=C(C)C(=O)OCC(C)C
B-3890,"n-methylcarbamic acid, et ester",CCOC(=O)NC
B-3901,diethyl succinate,CCOC(=O)CCC(=O)OCC
B-3906,butyl benzoate,CCCCOC(=O)c1ccccc1
B-3907,benzyl acetate,CC(=O)OCc1ccccc1
B-3911,acetoacetic ester,CCOC(=O)CC(C)=O
B-3914,di-i-propyl phthalate,CC(C)OC(=O)c1ccccc1C(=O)OC(C)C
B-3916,"ethanol, 2-bromo-, acetate",CC(=O)OCCBr
B-3927,5-methyl-2-hexanone,CC(=O)CCC(C)C
B-3938,"b,b,b-trichloro-t-butanol",CC(C)(O)C(Cl)(Cl)Cl
B-3939,"2,2,2-trichloroethanol",OCC(Cl)(Cl)Cl
B-3943,butyronitrile,CCCC#N
B-3946,"2,6-dichlorobenzonitrile",N#Cc1c(Cl)cccc1Cl
B-3953,cycloheptatriene,C1=CC=CCC=C1
B-3964,benzo(b)thiophene,c1ccc2sccc2c1
B-3966,pyrrole,c1cc[nH]c1
B-3974,2-methylfuran,Cc1ccco1
B-3976,2-methylbenaimidazole,Cc1nc2ccccc2[nH]1
B-3977,2-methylthiobenzothiazole,CSc1nc2ccccc2s1
B-3978,3-methylthiophene,Cc1ccsc1
B-3979,2-ethylthiophene,CCc1cccs1
B-3981,ethylenethiourea,S=C1NCCN1
B-3983,"1,1-difluoroethene",C=C(F)F
B-3984,hexachlorocyclopentadiene,ClC1=C(Cl)C(Cl)(Cl)C(Cl)=C1Cl
B-3987,3-bromo-1-propene,C=CCBr
B-3992,4-bromo-1-butene,C=CCCBr
B-4003,1-isothiocyanonaphthalene,S=C=Nc1cccc2ccccc12
B-4010,"2,3,6-trimethylnaphthalene",Cc1ccc2cc(C)c(C)cc2c1
B-4014,1-naphthalenemethanol,OCc1cccc2ccccc12
B-4016,dibenzo-p-dioxin,c1ccc2c(c1)Oc1ccccc1O2
B-4017,1-chlorodibenzo-p-dioxin,Clc1cccc2c1Oc1ccccc1O2
B-4018,2-chlorodibenzo-p-dioxin,Clc1ccc2c(c1)Oc1ccccc1O2
B-4035,acrylamide,C=CC(N)=O
B-4037,butyramide,CCCC(N)=O
B-4050,2-hexyloxyethanol,CCCCCCOCCO
B-4051,"1,2-dibutyoxyethane",CCCCOCCOCCCC
B-4058,ethrane [haloether],FC(F)OC(F)(F)C(F)Cl
B-4059,isoflurane,FC(F)OC(Cl)C(F)(F)F
B-4060,n-nitrosodiethylamine,CCN(CC)N=O
B-4061,diphenylnitrosamine,O=NN(c1ccccc1)c1ccccc1
B-4063,2-nitroso-1-naphthol,O=Nc1ccc2ccccc2c1O
B-4064,di-i-propylnitrosoamine,CC(C)N(N=O)C(C)C
B-4065,n-nitrosodipropylamine,CCCN(CCC)N=O
B-4066,n-nitrosodibutylamine,CCCCN(CCCC)N=O
B-4067,n-nitrosoethyl-n-butylamine,CCCCN(CC)N=O
B-4068,n-nitroso-n-methylbutylamine,CCCCN(C)N=O
B-4069,n-methyl-n-nitrosoethamine,CCN(C)N=O
B-4071,4-bromobiphenyl,Brc1ccc(-c2ccccc2)cc1
B-4073,"3,3'-dichlorobiphenyl",Clc1cccc(-c2cccc(Cl)c2)c1
B-4086,"2,3-dichlorobiphenyl",Clc1cccc(-c2ccccc2)c1Cl
B-4089,"2,3'-pcb",Clc1cccc(-c2ccccc2Cl)c1
B-4090,"2',3,4,4',5'-pcb",Clc1ccc(-c2cc(Cl)c(Cl)cc2Cl)cc1Cl
B-4091,"2,3',4,4'-tetrachlorobiphenyl",Clc1ccc(-c2ccc(Cl)c(Cl)c2)c(Cl)c1
B-4093,"2,4,4',5-pcb",Clc1ccc(-c2cc(Cl)c(Cl)cc2Cl)cc1
B-4094,"2,3,4,4'-pcb",Clc1ccc(-c2ccc(Cl)c(Cl)c2Cl)cc1
B-4096,"2,4-dichlorobiphenyl",Clc1ccc(-c2ccccc2)c(Cl)c1
B-4099,"2,5-dichlorobiphenyl",Clc1ccc(Cl)c(-c2ccccc2)c1
B-4102,"2,2',3,4,4',5'-hexachlorobiphenyl",Clc1cc(Cl)c(-c2ccc(Cl)c(Cl)c2Cl)cc1Cl
B-4106,hexabromobiphenyl,Brc1ccc(-c2ccc(Br)c(Br)c2Br)c(Br)c1Br
B-4108,"2,2',4-trichlorobiphenyl",Clc1ccc(-c2ccccc2Cl)c(Cl)c1
B-4109,"2,4,5,2',5'-pcb",Clc1ccc(Cl)c(-c2cc(Cl)c(Cl)cc2Cl)c1
B-4110,"2,2',3,5',6-pcb",Clc1ccc(Cl)c(-c2c(Cl)ccc(Cl)c2Cl)c1
B-4111,"2,2',4,4',5-pentachlorobiphenyl",Clc1ccc(-c2cc(Cl)c(Cl)cc2Cl)c(Cl)c1
B-4113,"2,3,3',4',6-pentachlorobiphenyl",Clc1ccc(-c2c(Cl)ccc(Cl)c2Cl)cc1Cl
B-4115,"2,2',3,3',6,6'-hexachlorobiphenyl",Clc1ccc(Cl)c(-c2c(Cl)ccc(Cl)c2Cl)c1Cl
B-4116,"2,2',6-pcb",Clc1ccccc1-c1c(Cl)cccc1Cl
B-4118,"2,2',3'-pcb",Clc1ccccc1-c1cccc(Cl)c1Cl
B-4121,"2',3,4-trichlorobiphenyl",Clc1ccc(-c2ccccc2Cl)cc1Cl
B-4122,"3,4,4'-trichlorobiphenyl",Clc1ccc(-c2ccc(Cl)c(Cl)c2)cc1
B-4127,"2,2',3,4-tetrachlorobiphenyl",Clc1ccccc1-c1ccc(Cl)c(Cl)c1Cl
B-4128,"2,2',3,5,5'-pentachlorobiphenyl",Clc1ccc(Cl)c(-c2cc(Cl)cc(Cl)c2Cl)c1
B-4129,"2,2',3,3',5,6'-hexachlorobiphenyl",Clc1cc(Cl)c(Cl)c(-c2c(Cl)ccc(Cl)c2Cl)c1
B-4130,"2,2',3,3',4,5-hexachlorobiphenyl",Clc1cccc(-c2cc(Cl)c(Cl)c(Cl)c2Cl)c1Cl
B-4140,formanilide,O=CNc1ccccc1
B-4141,phenylisothiocyanate,S=C=Nc1ccccc1
B-4144,2-chloroacetanilide,CC(=O)Nc1ccccc1Cl
B-4145,3-methylacetanilide,CC(=O)Nc1cccc(C)c1
B-4147,benzylisothiocyanate,S=C=NCc1ccccc1
B-4149,"2,6-dichlorobenzamide",NC(=O)c1c(Cl)cccc1Cl
B-4151,n-(ethylaminomethyl)benzamide,CCNCNC(=O)c1ccccc1
B-4152,phenylpropylmethylamine,CNCC(C)c1ccccc1
B-4153,n-nitrosopiperidine,O=NN1CCCCC1
B-4156,imipramine,CN(C)CCCN1c2ccccc2CCc2ccccc21
B-4164,trimethyl phosphate,COP(=O)(OC)OC
B-4165,diisopropyl methylphosphonate,CC(C)OP(C)(=O)OC(C)C
B-4170,benzenesulfonamide,NS(=O)(=O)c1ccccc1
B-4171,m-methylbenzenesulfonamide,Cc1cccc(S(N)(=O)=O)c1
B-4172,cyclophosphamide,O=P1(N(CCCl)CCCl)NCCCO1
B-4176,dimethoate,CNC(=O)CSP(=S)(OC)OC
B-4184,"2,4-dichlorophenoxyacetic acid",O=C(O)COc1ccc(Cl)cc1Cl
B-4186,dichlofenthion,CCOP(=S)(OCC)Oc1ccc(Cl)cc1Cl
B-4189,"dcip  (2,2'-oxybis-1-chloropropane)",CC(CCl)OC(C)CCl
B-4195,isopropyl phenyl carbamate,CC(C)OC(=O)Nc1ccccc1
B-4201,dmpa,COP(=S)(NC(C)C)Oc1ccc(Cl)cc1Cl
B-4202,crufomate,CNP(=O)(OC)Oc1ccc(C(C)(C)C)cc1Cl
B-4208,chlorfenvinphos,CCOP(=O)(OCC)O/C(=C\Cl)c1ccc(Cl)cc1Cl
B-4211,o-butyl carbamate,CCCCOC(N)=O
B-4212,o-methyl carbamate,COC(N)=O
B-4213,o-propylcarbamate,CCCOC(N)=O
B-4217,carbophenothion-methyl,COP(=S)(OC)SCSc1ccc(Cl)cc1
B-4219,n-methyl-m-tolylcarbamate,CNC(=O)Oc1cccc(C)c1
B-4225,molinate,CCSC(=O)N1CCCCCC1
B-4226,solan,CCCC(C)C(=O)Nc1ccc(C)c(Cl)c1
B-4229,3-i-pr-5-mephenyl-n-me carbamate,CNC(=O)Oc1cc(C)cc(C(C)C)c1
B-4231,cyanophos,COP(=S)(OC)Oc1ccc(C#N)cc1
B-4233,metobromuron,CON(C)C(=O)Nc1ccc(Br)cc1
B-4238,salithion,COP1(=S)OCc2ccccc2O1
B-4239,bromophos ethyl,CCOP(=S)(OCC)Oc1cc(Cl)c(Br)cc1Cl
B-4240,monalide,CCCC(C)(C)C(=O)Nc1ccc(Cl)cc1
B-4241,propaphos,CCCOP(=O)(OCCC)Oc1ccc(SC)cc1
B-4242,cyanofenphos,CCOP(=S)(Oc1ccc(C#N)cc1)c1ccccc1
B-4246,edifenphos,CCOP(=O)(Sc1ccccc1)Sc1ccccc1
B-4249,leptophos,COP(=S)(Oc1cc(Cl)c(Br)cc1Cl)c1ccccc1
B-4250,fenamiphos,CCOP(=O)(NC(C)C)Oc1ccc(SC)c(C)c1
B-4253,iprobenfos,CC(C)OP(=O)(OC(C)C)SCc1ccccc1
B-4254,thiobencarb,CCN(CC)C(=O)SCc1ccc(Cl)cc1
B-4260,propylamine,CCCN
B-4262,acetaldehyde,CC=O
B-4265,n-nitrosodimethylamine,CN(C)N=O
B-4273,"2,5-dimethylpyridine",Cc1ccc(C)nc1
B-4276,2-vinylpyridine,C=Cc1ccccn1
B-4277,4-vinylpyridine,C=Cc1ccncc1
B-4278,"2,2-bipyridine",c1ccc(-c2ccccn2)nc1
B-4279,"4,4'-dipyridyl",c1cc(-c2ccncc2)ccn1
B-4282,benzo(f)quinoline,c1ccc2c(c1)ccc1ncccc12
B-4286,phthalazine,c1ccc2cnncc2c1
B-4298,"3,3'-dichlorobenzidine",Nc1ccc(-c2ccc(N)c(Cl)c2)cc1Cl
B-4301,"1,4-benzenediamine",Nc1ccc(N)cc1
B-4303,"3,3'-dimethoxybenzidine",COc1cc(-c2ccc(N)c(OC)c2)ccc1N
B-4304,p-methylsulfonyltoluene,Cc1ccc(S(C)(=O)=O)cc1
B-4307,"n,n-diethylformamide",CCN(C=O)CC
B-4308,"l-tryptophan, n-acetyl, ethyl ester",CCOC(=O)[C@H](Cc1c[nH]c2ccccc12)N(C)C=O
B-4309,"ethenesulfonamide, n-phenyl-",C=CS(=O)(=O)Nc1ccccc1
B-4310,"benzenamine, n-hydroxy-4-methyl-",Cc1ccc(NO)cc1
B-4311,phenylhydroxylamine,ONc1ccccc1
B-4312,disulfoton sulfoxide,CCOP(=S)(OCC)SCCS(=O)CC
B-4313,phorate sulfoxide,CCOP(=O)(OCC)SCS(=O)CC
B-4314,"phosphorodithioic acid, s-[2-(et-so)et] o,o-dime",CCS(=O)CCSP(=S)(OC)OC
B-4315,"1,1'-sulfinylbis(2-chloroethane)",O=S(CCCl)CCCl
B-4316,aphidan,CCS(=O)CSP(=S)(OC(C)C)OC(C)C
B-4317,terbufos sulfone,CCOP(=S)(OCC)SCS(=O)(=O)C(C)(C)C
B-4318,diethyl sulfone,CCS(=O)(=O)CC
B-4319,"ethane, [(iodomethyl)sulfonyl]-",CCS(=O)(=O)CI
B-4320,ethyl benzenesulfonate,CCOS(=O)(=O)c1ccccc1
B-4321,methyl benzenesulfonate,COS(=O)(=O)c1ccccc1
B-4322,pyrazolynate,Cc1ccc(S(=O)(=O)Oc2c(C(=O)c3ccc(Cl)cc3Cl)c(C)nn2C)cc1
B-4323,"benzenamine, 4-[(4-chlorophenyl)sulfonyl]-",Nc1ccc(S(=O)(=O)c2ccc(Cl)cc2)cc1
B-4324,"benzoic acid, 5-amino-2-sulfanilyl-",Nc1ccc(N)c(S(=O)(=O)c2ccccc2C(=O)O)c1
B-4326,"acetamide, n-[4-[(4-aminophenyl)sulfonyl]phenyl]-",CC(=O)Nc1ccc(S(=O)(=O)c2ccc(N)cc2)cc1
B-4327,"carbamic acid, sulfamoyl-, 2-ethylbutyl ester",CCC(CC)COC(=O)NS(N)(=O)=O
B-4328,"carbamic acid, sulfamoyl-, butyl ester",CCCCOC(=O)NS(N)(=O)=O
B-4329,"carbamic acid, sulfamoyl-, 2-ethylhexyl ester",CCCCC(CC)COC(=O)NS(N)(=O)=O
B-4330,bentazone,CC(C)N1C(=O)c2ccccc2NS1(=O)=O
B-4331,"1,3-benzodioxole-5-acetic acid, .alpha.-oxo-",O=C(O)C(=O)c1ccc2c(c1)OCO2
B-4332,"phenanthrene-9,10-dione",O=C1C(=O)c2ccccc2-c2ccccc21
B-4333,"1,3-benzenedicarboxylic acid, 2-(carboxycarbonyl)-",O=C(O)C(=O)c1c(C(=O)O)cccc1C(=O)O
B-4335,"3-pyrazoline-5-thione, 1,3-dimethyl-2-phenyl-",Cc1cc(=S)n(C)n1-c1ccccc1
B-4336,"S-(1,2-Dichlorovinyl)-L-cysteine",N[C@@H](CS/C(Cl)=C/Cl)C(=O)O
B-4337,"2-propanone, 1-(4,5-dihydro-2-thiazolyl)-",CC(=O)CC1=NCCS1
B-4338,"methanamine, 1-(trimethylsilyl)-",C[Si](C)(C)CN
B-4339,"ethanamine, 2-(trimethylsilyl)-",C[Si](C)(C)CCN
B-4341,tetraethylsilane,CC[Si](CC)(CC)CC
B-4342,"(2,4-dimethylphenyl)phosphonic acid",Cc1ccc(P(=O)(O)O)c(C)c1
B-4345,"phosphonic acid, 1-naphthalenyl-",O=P(O)(O)c1cccc2ccccc12
B-4348,furathiocarb,CCCCOC(=O)N(C)SN(C)C(=O)Oc1cccc2c1OC(C)(C)C2
B-4350,carbosulfan,CCCCN(CCCC)SN(C)C(=O)Oc1cccc2c1OC(C)(C)C2
B-4354,formaldehyde,C=O
B-4355,diacetylene,C#CC#C
B-4357,2(3h)-thiophenone,O=C1CC=CS1
B-4359,dimethylsulfate,COS(=O)(=O)OC
B-4360,"1-phenylpropane-1,2-dione",CC(=O)C(=O)c1ccccc1
B-4361,"2,3-butanedione",CC(=O)C(C)=O
B-4362,"pentane-2,3-dione",CCC(=O)C(C)=O
B-4363,hexanebis(thioic) acid,O=C(S)CCCCC(=O)S
B-4365,"propanoic acid,2-[(meo-carbonyl)oxy]-, me ester",COC(=O)OC(C)C(=O)OC
B-4367,chlorphoxim,CCOP(=S)(OCC)O/N=C(\C#N)c1ccccc1Cl
B-4368,chlorthiamid,NC(=S)c1c(Cl)cccc1Cl
B-4369,"thiocyanic acid, 2-oxopropyl ester",CC(=O)CSC#N
B-4370,"thiocyanic acid, 1,2,3-propanetriyl ester",N#CSCC(CSC#N)SC#N
B-4371,"benzenesulfonic acid, pentabromo-",O=S(=O)(O)c1c(Br)c(Br)c(Br)c(Br)c1Br
B-4375,carbon dioxide,O=C=O
B-4377,pyributicarb,COc1cccc(N(C)C(=S)Oc2cccc(C(C)(C)C)c2)n1
B-4378,endosulfan sulfate,O=S1(=O)OCC2C(CO1)C1(Cl)C(Cl)=C(Cl)C2(Cl)C1(Cl)Cl
B-4379,propargite,C#CCOS(=O)OC1CCCCC1Oc1ccc(C(C)(C)C)cc1
B-4382,"1,3,2-dioxathiolane, 2-oxide",O=S1OCCO1
B-4383,sulfotepp,CCOP(=S)(OCC)OP(=S)(OCC)OCC
B-4384,3-pyridinecarbothioic acid,OC(=S)c1cccnc1
B-4386,"propanoic acid, 2-[(ethoxythioxomethyl)thio]-",CCOC(=S)SC(C)C(=O)O
B-4395,"2,4,6-tribromophenol",Oc1c(Br)cc(Br)cc1Br
B-4396,"2,4,6-trichloroaniline",Nc1c(Cl)cc(Cl)cc1Cl
B-4400,tropic acid,O=C(O)C(CO)c1ccccc1
B-4401,diphenic acid,O=C(O)c1ccccc1-c1ccccc1C(=O)O
B-4402,o-hydroxybenzyl alcohol,OCc1ccccc1O
B-4405,chlorotrifluoromethane,FC(F)(F)Cl
B-4410,alpha-glucose pentaacetate,CC(=O)OC[C@@H](OC(C)=O)[C@@H](OC(C)=O)[C@H](OC(C)=O)[C@H](C=O)OC(C)=O
B-4411,4-aminoacetophenone,CC(=O)c1ccc(N)cc1
B-4419,3-hydroxy-5-methylisoxazole,Cc1cc(=O)[nH]o1
B-4420,1-napthylthiourea,NC(=S)Nc1cccc2ccccc12
B-4423,"2,3,7,8-tetrachlorodibenzo-p-dioxin",Clc1cc2c(cc1Cl)Oc1cc(Cl)c(Cl)cc1O2
B-4424,"1,2,3,4,6,7,8,9-octachlorodibenzo-p-dioxin",Clc1c(Cl)c(Cl)c2c(c1Cl)Oc1c(Cl)c(Cl)c(Cl)c(Cl)c1O2
B-4426,"1,3,6,8-tetrachlorodibenzo-p-dioxin",Clc1cc(Cl)c2c(c1)Oc1c(Cl)cc(Cl)cc1O2
B-4427,"2,7-dichlorodibenzo-p-dioxin",Clc1ccc2c(c1)Oc1ccc(Cl)cc1O2
B-4428,"1,2,3,4,7,8-hexachlorodibenzo-p-dioxin",Clc1cc2c(cc1Cl)Oc1c(Cl)c(Cl)c(Cl)c(Cl)c1O2
B-4430,"1,2,3,4,7-pentachlorodibenzo-p-dioxin",Clc1ccc2c(c1)Oc1c(Cl)c(Cl)c(Cl)c(Cl)c1O2
B-4431,"2,3,7,8-tetrachlorodibenzofuran",Clc1cc2oc3cc(Cl)c(Cl)cc3c2cc1Cl
B-4432,"1,2,3,7-tetrachlorodibenzodioxin",Clc1ccc2c(c1)Oc1cc(Cl)c(Cl)c(Cl)c1O2
B-4435,"2,2',3,3',6-pentachlorobiphenyl",Clc1cccc(-c2c(Cl)ccc(Cl)c2Cl)c1Cl
B-4440,benzoyl peroxide,O=C(OOC(=O)c1ccccc1)c1ccccc1
B-4441,n4-acetylsulfanilamide,CC(=O)Nc1ccc(S(N)(=O)=O)cc1
B-4447,creatinine,CN1CC(=O)N=C1N
B-4453,maleic hydrazide,O=c1ccc(=O)[nH][nH]1
B-4455,"2,6-dimethyl-4-pyrimidinamine",Cc1cc(N)nc(C)n1
B-4458,haloperidol,O=C(CCCN1CCC(O)(c2ccc(Cl)cc2)CC1)c1ccc(F)cc1
B-4464,perphenazine,OCCN1CCN(CCCN2c3ccccc3Sc3ccc(Cl)cc32)CC1
B-4465,promazine,CN(C)CCCN1c2ccccc2Sc2ccccc21
B-4470,promethazine,CC(CN1c2ccccc2Sc2ccccc21)N(C)C
B-4474,fluphenazine,OCCN1CCN(CCCN2c3ccccc3Sc3ccc(C(F)(F)F)cc32)CC1
B-4476,sulfathiozole,Nc1ccc(S(=O)(=O)Nc2nccs2)cc1
B-4486,trifluorperazine,CN1CCN(CCCN2c3ccccc3Sc3ccc(C(F)(F)F)cc32)CC1
B-4487,sulfadimethoxine,COc1cc(NS(=O)(=O)c2ccc(N)cc2)nc(OC)n1
B-4488,griseofulvin,COc1cc(OC)c2c(c1Cl)O[C@]1(C2=O)C(OC)CC(=O)C[C@H]1C
B-4492,sulfamethiazole,Cc1nnc(NS(=O)(=O)c2ccc(N)cc2)s1
B-4496,carbutamide,CCCCNC(=O)NS(=O)(=O)c1ccc(N)cc1
B-4501,sulfaphenazole,Nc1ccc(S(=O)(=O)Nc2ccnn2-c2ccccc2)cc1
B-4503,sulfaperine,Cc1cnc(NS(=O)(=O)c2ccc(N)cc2)nc1
B-4504,sulfameter,COc1cnc(NS(=O)(=O)c2ccc(N)cc2)nc1
B-4505,tolcyclamide,Cc1ccc(S(=O)(=O)NC(=O)NC2CCCCC2)cc1
B-4506,sulfamethoxazole,Cc1cc(NS(=O)(=O)c2ccc(N)cc2)no1
B-4507,trimethoprim,COc1cc(Cc2cnc(N)nc2N)cc(OC)c1OC
B-4532,p-aminosalicylic acid,Nc1ccc(C(=O)O)c(O)c1
B-4534,3-aminobenzoic acid,Nc1cccc(C(=O)O)c1
B-4536,"3,4-dihydroxybenzoic acid",O=C(O)c1ccc(O)c(O)c1
B-4539,4-hydroxy-3-methoxybenzoic acid,COc1cc(C(=O)O)ccc1O
B-4540,"3-amino-2,5-dichlorobenzoic acid",Nc1cc(Cl)cc(C(=O)O)c1Cl
B-4541,4-aminobenzoic acid,Nc1ccc(C(=O)O)cc1
B-4542,"2,6-dihydroxybenzoic acid",O=C(O)c1c(O)cccc1O
B-4548,p-hydroxy butyl benzoate,CCCCOC(=O)c1ccc(O)cc1
B-4550,methyl salicylate,COC(=O)c1ccccc1O
B-4552,phenyl-4-aminosalicylate,Nc1ccc(C(=O)Oc2ccccc2)c(O)c1
B-4553,methyl p-aminobenzoate,COC(=O)c1ccc(N)cc1
B-4554,"benzoic acid, 4-amino-,pentyl ester",CCCCCOC(=O)c1ccc(N)cc1
B-4555,"benzoic acid,4-amino-,heptyl ester",CCCCCCCOC(=O)c1ccc(N)cc1
B-4556,"benzoic acid,4-amino,octyl ester",CCCCCCCCOC(=O)c1ccc(N)cc1
B-4561,paraldehyde,CC1OC(C)OC(C)O1
B-4562,diethoxymethane,CCOCOCC
B-4601,3-hydroxypyridine,Oc1cccnc1
B-4605,anilazine,Clc1nc(Cl)nc(Nc2ccccc2Cl)n1
B-4614,desethylatrazine,CC(C)Nc1nc(N)nc(Cl)n1
B-4618,2-bromopyridine,Brc1ccccn1
B-4620,cycloleucine,NC1(C(=O)O)CCCC1
B-4622,dl-phenylalanine,NC(Cc1ccccc1)C(=O)O
B-4631,isophthalic acid,O=C(O)c1cccc(C(=O)O)c1
B-4633,"2,4-pyridinedicarboxylic acid",O=C(O)c1ccnc(C(=O)O)c1
B-4634,"2,5-pyridinedicarboxylic acid",O=C(O)c1ccc(C(=O)O)nc1
B-4635,"2,6-pyridinedicarboxylic acid",O=C(O)c1cccc(C(=O)O)n1
B-4636,"3,4-pyridinedicarboxylic acid",O=C(O)c1ccncc1C(=O)O
B-4637,"3,5-pyridinedicarboxylic acid",O=C(O)c1cncc(C(=O)O)c1
B-4638,nicotinic acid,O=C(O)c1cccnc1
B-4640,"1-octanesulfonamide, n-(octylsulfonyl)-",CCCCCCCCS(=O)(=O)NS(=O)(=O)CCCCCCCC
B-4642,bromoacetamide,NC(=O)CBr
B-4643,"butanamide, 2-chloro-2-ethyl-",CCC(Cl)(CC)C(N)=O
B-4645,"propanamide, 2,3-dichloro-",NC(=O)C(Cl)CCl
B-4646,n-methylacetanilide,CC(=O)N(C)c1ccccc1
B-4650,acetochlor,CCOCN(C(=O)CCl)c1c(C)cccc1CC
C-9,glycine,NCC(=O)O
C-20,isobutyl  carbamate,CC(C)COC(N)=O
C-21,(-)-carveol;  5-isopropenyl-2-methyl-2-cyclohexen-1-ol,C=C(C)C1CC=C(C)C(O)C1
C-23,tert-butyl  carbamate,CC(C)(C)OC(N)=O
C-45,glutaric  acid;  pentanedioic  acid,O=C(O)CCCC(=O)O
C-48,succinic  acid;  butanedioic acid,O=C(O)CCC(=O)O
C-54,"adipic  acid; 1,6-hexanedioic acid",O=C(O)CCCCC(=O)O
C-59,dl-malic acid;  dl-2-hydroxybutanedioic acid;  hydroxysuccinic acid,O=C(O)CC(O)C(=O)O
C-69,"methyprylon;  3,3-diethyl-5-methyl-2,4-piperidinedione",CCC1(CC)C(=O)NCC(C)C1=O
C-72,l(+)-arginine,N=C(N)NCCCC(N)C(=O)O
C-81,"1,3-phenylenediamine;  1,3-diaminobenzene",Nc1cccc(N)c1
C-88,1-cyclohexyl-3-decylurea,CCCCCCCCCCNC(=O)NC1CCCCC1
C-91,4-ethylphenol,CCc1ccc(O)cc1
C-112,3-hydroxybenzaldehyde,O=Cc1cccc(O)c1
C-122,"phloroglucinol;  1,3,5-benzenetriol;  1,3,5-trihydroxybenzene",Oc1cc(O)cc(O)c1
C-124,5-ethyl-5-propylbarbituric  acid,CCCC1(CC)C(=O)NC(=O)NC1=O
C-137,4-methylbenzoic acid,Cc1ccc(C(=O)O)cc1
C-144,5-methyl-5-(3-methyl-2-butenyl)barbituric  acid,CC(C)=CCC1(C)C(=O)NC(=O)NC1=O
C-145,benzyl  carbamate,NC(=O)OCc1ccccc1
C-146,methidathion,COc1nn(CSP(=S)(OC)OC)c(=O)s1
C-152,2-fluorobenzoic  acid,O=C(O)c1ccccc1F
C-158,anthranilic  acid;  2-aminobenzoic  acid,Nc1ccccc1C(=O)O
C-161,3-hydroxybenzoic acid,O=C(O)c1cccc(O)c1
C-163,5-ethyl-5-pentylbarbituric acid;  5-amyl-5-ethylbarbituric  acid,CCCCCC1(CC)C(=O)NC(=O)NC1=O
C-169,cymoxanil,CCNC(=O)NC(=O)/C(C#N)=N/OC
C-177,pentyl 4-(3-cyclohexylureido)butanoate;  4-(3-cyclohexylureido)butanoic acid pentyl ester,CCCCCOC(=O)CCCNC(=O)NC1CCCCC1
C-179,prostaglandin f2alpha;  dinoprost,CCCCCC(O)/C=C/C1C(O)CC(O)C1C/C=C/CCCC(=O)O
C-183,"5,5-(spirocyclohexyl)thiobarbituric  acid;  5,5-spiropentamethylene-2-thiobarbituric acid",O=C1NC(=S)NC(=O)C12CCCCC2
C-188,hexethal;  5-ethyl-5-hexylbarbituric acid,CCCCCCC1(CC)C(=O)NC(=O)NC1=O
C-192,1-adamantan-1'-yl-3-decylurea,CCCCCCCCCCNC(=O)NC12CC3CC(CC(C3)C1)C2
C-206,3-acetylaminophenol;  3-hydroxyacetanilide,CC(=O)Nc1cccc(O)c1
C-207,5-ethyl-5-heptylbarbituric  acid,CCCCCCCC1(CC)C(=O)NC(=O)NC1=O
C-209,3-anisic  acid;  3-methoxybenzoic  acid,COc1cccc(C(=O)O)c1
C-212,2-acetylaminophenol;  2-hydroxyacetanilide,CC(=O)Nc1ccccc1O
C-217,2-anisic  acid;  2-methoxybenzoic  acid,COc1ccccc1C(=O)O
C-222,5-methylsalicylic  acid,Cc1ccc(O)c(C(=O)O)c1
C-226,5-ethyl-5-octylbarbituric  acid,CCCCCCCCC1(CC)C(=O)NC(=O)NC1=O
C-236,5-ethylbarbituric acid,CCC1C(=O)NC(=O)NC1=O
C-239,5-aminosalicylic  acid;  mesalamine;  mesalazine,Nc1ccc(O)c(C(=O)O)c1
C-242,3-cyanophenyl  isothiocyanate; 3-isothiocyanatobenzonitrile,N#Cc1cccc(N=C=S)c1
C-244,methyl  4-methoxybenzoate,COC(=O)c1ccc(OC)cc1
C-246,5-ethyl-5-nonylbarbituric acid,CCCCCCCCCC1(CC)C(=O)NC(=O)NC1=O
C-247,methyl 4-(3-adamantan-1-ylureido)butanoate; 4-(3-adamantan-1-ylureido)butanoic acid methyl ester,COC(=O)CCCNC(=O)NC12CC3CC(CC(C3)C1)C2
C-251,"2,5-dihydroxybenzoic   acid;  gentisic  acid",O=C(O)c1cc(O)ccc1O
C-254,5-tert-butyl-5-(3-methylbut-2-enyl)barbituric  acid,CC(C)=CCC1(C(C)(C)C)C(=O)NC(=O)NC1=O
C-256,4-acetamidobenzaldehyde; 4-acetylaminobenzaldehyde,CC(=O)Nc1ccc(C=O)cc1
C-261,heptabarbital;  5-(1-cyclohepten-1-yl)-5-ethylbarbituric acid,CCC1(C2=CCCCCC2)C(=O)NC(=O)NC1=O
C-265,propylparaben;  propyl 4-hydroxybenzoate,CCCOC(=O)c1ccc(O)cc1
C-266,"spiro-5,5-decamethylenebarbituric acid",O=C1NC(=O)C2(CCCCCCCCCC2)C(=O)N1
C-267,"4-isothiocyanato-n,n-dimethylaniline",CN(C)c1ccc(N=C=S)cc1
C-277,2-(phenylhydrazono)malononitrile,N#CC(C#N)=NNc1ccccc1
C-281,prostaglandin e1;  alprostadil,CCCCCC(O)/C=C/C1C(O)CC(=O)C1CCCCCCC(=O)O
C-283,pentafluorophenol,Oc1c(F)c(F)c(F)c(F)c1F
C-286,2-bromobenzoic acid,O=C(O)c1ccccc1Br
C-290,"spiro-5,5-undecamethylenebarbituric acid",O=C1NC(=O)C2(CCCCCCCCCCC2)C(=O)N1
C-303,5-ethyl-5-(2-ethyl-1-cyclohexyliden-1-yl)barbituric  acid,CCC1=C(C2(CC)C(=O)NC(=O)NC2=O)CCCC1
C-310,hippuric  acid;  n-benzoylglycine,O=C(O)CNC(=O)c1ccccc1
C-322,4-isothiocyanatobenzoic acid,O=C(O)c1ccc(N=C=S)cc1
C-327,baclofen;  4-amino-3-(4-chlorophenyl)butanoic acid,NCC(CC(=O)O)c1ccc(Cl)cc1
C-328,3-isothiocyanatobenzoic acid,O=C(O)c1cccc(N=C=S)c1
C-334,4-[3-(adamantan-1-yl)ureido]butanoic acid pentyl ester;  pentyl  4-[3'-(adamantan-1''-yl)ureido]butanoate,CCCCCOC(=O)CCCNC(=O)NC12CC3CC(CC(C3)C1)C2
C-359,5-bromosalicylic acid,O=C(O)c1cc(Br)ccc1O
C-384,4-iodophenyl  isothiocyanate;  4-isothiocyanatoiodobenzene,S=C=Nc1ccc(I)cc1
C-406,triforine,O=CNC(N1CCN(C(NC=O)C(Cl)(Cl)Cl)CC1)C(Cl)(Cl)Cl
C-416,"4-(2,4-dichlorophenoxy)butanoic  acid;  2,4-db",O=C(O)CCCOc1ccc(Cl)cc1Cl
C-422,alclofenac,C=CCOc1ccc(CC(=O)O)cc1Cl
C-423,"1,4,5-trimethylnaphthalene",Cc1ccc(C)c2c(C)cccc12
C-429,"1,5-dihydroxynaphthalene;  1,5-naphthalenediol",Oc1cccc2c(O)cccc12
C-430,hydralazine;  1-hydrazinophthalazine,NNc1nncc2ccccc12
C-431,"dicamba;  2-methoxy-3,6-dichlorobenzoic acid",COc1c(Cl)ccc(Cl)c1C(=O)O
C-438,"busulfan;  busulphan;  1,4-di(methylsulfonyloxy)butane",CS(=O)(=O)OCCCCOS(C)(=O)=O
C-442,"chlorfenac; 2,3,6-trichlorophenylacetic  acid",O=C(O)Cc1c(Cl)ccc(Cl)c1Cl
C-444,procyclidine,OC(CCN1CCCC1)(c1ccccc1)C1CCCCC1
C-463,trihexyphenidyl,OC(CCN1CCCCC1)(c1ccccc1)C1CCCCC1
C-468,"2,3-dichloronaphthalene",Clc1cc2ccccc2cc1Cl
C-471,"1,7-dichloronaphthalene",Clc1ccc2cccc(Cl)c2c1
C-477,"1,5-dichloronaphthalene",Clc1cccc2c(Cl)cccc12
C-483,2-naphthyl  isothiocyanate; 2-isothiocyanatonaphthalene,S=C=Nc1ccc2ccccc2c1
C-492,"2,4,5-trichlorophenoxyacetic  acid",O=C(O)COc1cc(Cl)c(Cl)cc1Cl
C-494,"2,3,4-trichlorophenoxyacetic  acid",O=C(O)COc1ccc(Cl)c(Cl)c1Cl
C-523,sulfacetamide;  n1-(acetyl)sulfanilamide,CC(=O)NS(=O)(=O)c1ccc(N)cc1
C-531,2-naphthoxyacetic acid,O=C(O)COc1ccc2ccccc2c1
C-545,mephobarbital;  1-methylphenobarbital;  5-ethyl-1-methyl-5-phenylbarbituric  acid,CCC1(c2ccccc2)C(=O)NC(=O)N(C)C1=O
C-552,bupivacaine,CCCCN1CCCCC1C(=O)Nc1c(C)cccc1C
C-554,metoclopramide,CCN(CC)CCNC(=O)c1cc(Cl)c(N)cc1OC
C-556,melphalan,NC(Cc1ccc(N(CCCl)CCCl)cc1)C(=O)O
C-557,asulam;  n1-(methoxycarbonyl)sulfanilamide;  asulox,COC(=O)NS(=O)(=O)c1ccc(N)cc1
C-562,acyclovir;  acv,Nc1nc2c(ncn2COCCO)c(=O)[nH]1
C-564,mestranol,C#CC1(O)CCC2C3CCc4cc(OC)ccc4C3CCC21C
C-571,methyl 2-(4-chlorophenylsulfonyl)acetate;  2-(4-chlorophenylsulfonyl)acetic acid methyl ester,COC(=O)CS(=O)(=O)c1ccc(Cl)cc1
C-583,n-phenylanthranilic  acid;  fenamic  acid,O=C(O)c1ccccc1Nc1ccccc1
C-589,"2',3'-dideoxyinosine;  didanosine",O=c1[nH]cnc2c1ncn2C1CCC(CO)O1
C-596,phenazine;  dibenzopyrazine,c1ccc2nc3ccccc3nc2c1
C-600,"thidiazuron; 1-(1,2,3-thiadiazol-5-yl)-3-phenylurea",O=C(Nc1ccccc1)Nc1cnns1
C-604,tolbutamide,CCCCNC(=O)NS(=O)(=O)c1ccc(C)cc1
C-605,cyprodinil;  4-cyclopropyl-6-methyl-2-phenylaminopyrimidine,Cc1cc(C2CC2)nc(Nc2ccccc2)n1
C-606,methyl 1-(phenylsulfonyl)cyclohexane-1-carboxylate; 1-(phenylsulfonyl)cyclohexanecarboxylic acid methyl ester,COC(=O)C1(S(=O)(=O)c2ccccc2)CCCCC1
C-617,ganciclovir,Nc1nc2c(ncn2COC(CO)CO)c(=O)[nH]1
C-618,"2,3-dimethyl-2,3-dihydro-1h-imidazo[5,1b]quinazolin-9-one; 2,3-dimethylimidazoquinazolone",CC1c2nc3ccccc3c(=O)n2CN1C
C-619,"2,4,4'-trichlorobiphenyl",Clc1ccc(-c2ccc(Cl)cc2Cl)cc1
C-621,isopropyl  2-(4-chlorophenylsulfonyl)acetate; 2-(4-chlorophenylsulfonyl)acetic acid isopropyl ester,CC(C)OC(=O)CS(=O)(=O)c1ccc(Cl)cc1
C-626,1-(4-methylphenylsulfonyl)cyclobutanecarboxylic acid isopropyl ester,Cc1ccc(S(=O)(=O)C2(C(=O)OC(C)C)CCC2)cc1
C-638,methyl 2-(4-bromobenzenesulfonyl)acetate;  2-(4-bromobenzenesulfonyl)acetic acid methyl ester,COC(=O)CS(=O)(=O)c1ccc(Br)cc1
C-641,"2,4,6-trichlorobiphenyl",Clc1cc(Cl)c(-c2ccccc2)c(Cl)c1
C-643,"4-hydroxy-5,6-dihydro-4h-2-sulfamoylthieno[2,3-b]thiopyran",NS(=O)(=O)c1cc2c(s1)SCCC2O
C-644,1-(4-methylphenylsulfonyl)cyclohexanecarboxylic acid methyl ester,COC(=O)C1(S(=O)(=O)c2ccc(C)cc2)CCCCC1
C-645,methazolamide,CC(=O)N=c1sc(S(N)(=O)=O)nn1C
C-648,"2,3,6-trichlorobiphenyl",Clc1ccc(Cl)c(-c2ccccc2)c1Cl
C-661,pelrinone,Cc1nc(=O)c(C#N)c(NCc2cccnc2)[nH]1
C-665,adenosine,Nc1ncnc2c1ncn2C1OC(CO)C(O)C1O
C-666,flurbiprofen,CC(C(=O)O)c1ccc(-c2ccccc2)c(F)c1
C-670,1-(4-methylphenylsulfonyl)cyclopentanecarboxylic acid isopropyl ester,Cc1ccc(S(=O)(=O)C2(C(=O)OC(C)C)CCCC2)cc1
C-682,albendazole,CCCSc1ccc2[nH]c(NC(=O)OC)nc2c1
C-684,"3-methyl-2-propyl-2,3-dihydro-1h-imidazo[5,1b]quinazolin-9-one; 2-propyl-3-methylimidazoquinazolone",CCCN1Cn2c(nc3ccccc3c2=O)C1C
C-685,myclobutanil,CCCCC(C#N)(Cn1cncn1)c1ccc(Cl)cc1
C-687,hydromorphone;  dihydromorphinone,CN1CCC23c4c5ccc(O)c4OC2C(=O)CCC3C1C5
C-688,"5,6-dihydro-2-sulfamoylthieno[2,3-b]thiopyran-4-one",NS(=O)(=O)c1cc2c(s1)SCCC2=O
C-689,"5,6-dihydro-2-sulfamoylthieno[3,2-b]thiopyran-7-one",NS(=O)(=O)c1cc2c(s1)C(=O)CCS2
C-690,"7-hydroxy-6,7-dihydro-5h-2-sulfamoylthieno[3,2-b]thiopyran",NS(=O)(=O)c1cc2c(s1)C(O)CCS2
C-692,1-(4-methylphenylsulfonyl)cyclohexanecarboxylic acid isopropyl ester,Cc1ccc(S(=O)(=O)C2(C(=O)OC(C)C)CCCCC2)cc1
C-695,2-amino-1-naphthalenesulfonic acid; tobias acid,Nc1ccc2ccccc2c1S(=O)(=O)O
C-696,tolmetin;  2-[1-methyl-2-(4-methylbenzoyl)pyrrol-5-yl]acetic  acid,Cc1ccc(C(=O)c2ccc(CC(=O)O)n2C)cc1
C-702,"3,4,4',5-tetrachlorobiphenyl",Clc1ccc(-c2cc(Cl)c(Cl)c(Cl)c2)cc1
C-708,"diflunisal;  1-carboxy-2-hydroxy-2',4'-difluorobiphenyl",O=C(O)c1cc(-c2ccc(F)cc2F)ccc1O
C-715,"2,2',4,4'-tetrachlorobiphenyl",Clc1ccc(-c2ccc(Cl)cc2Cl)c(Cl)c1
C-721,"2,2',5,5'-tetrachlorobiphenyl",Clc1ccc(Cl)c(-c2cc(Cl)ccc2Cl)c1
C-724,"2,3,4,5-tetrachlorobiphenyl",Clc1cc(-c2ccccc2)c(Cl)c(Cl)c1Cl
C-727,maprotiline,CNCCCC12CCC(c3ccccc31)c1ccccc12
C-736,diazoxide,CC1=Nc2ccc(Cl)cc2S(=O)(=O)N1
C-745,pentabromophenol,Oc1c(Br)c(Br)c(Br)c(Br)c1Br
C-747,5'-pivaloyl-idoxuridine; 5'-pivaloyl-5-iodo-2'-deoxyuridine; 5'-pivaloyl-idu,CC(C)(C)C(=O)OCC1OC(n2cc(I)c(=O)[nH]c2=O)CC1O
C-749,suprofen;  2-[4-(2-thienylcarbonyl)phenyl]propanoic acid,CC(C(=O)O)c1ccc(C(=O)c2cccs2)cc1
C-751,medazepam,CN1CCN=C(c2ccccc2)c2cc(Cl)ccc21
C-753,carbamazepine,NC(=O)N1c2ccccc2C=Cc2ccccc21
C-757,flufenamic  acid,O=C(O)c1ccccc1Nc1cccc(C(F)(F)F)c1
C-762,1-(4-chlorophenylsulfonyl)cycloheptanecarboxylic acid isopropyl ester,CC(C)OC(=O)C1(S(=O)(=O)c2ccc(Cl)cc2)CCCCCC1
C-763,trimipramine,CC(CN(C)C)CN1c2ccccc2CCc2ccccc21
C-764,"4-hydroxy-7-oxo-4,5,6,7-tetrahydro-2-sulfamoylthieno[2,3-b]thiopyran",NS(=O)(=O)c1cc2c(s1)S(=O)CCC2O
C-766,5'-butanoyl-idoxuridine; 5'-butanoyl-5-iodo-2'-deoxyuridine; 5'-butanoyl-idu,CCCC(=O)OCC1OC(n2cc(I)c(=O)[nH]c2=O)CC1O
C-770,5'-isobutanoyl-idoxuridine; 5'-isobutanoyl-5-iodo-2'-deoxyuridine; 5'-isobutanoyl-idu,CC(C)C(=O)OCC1OC(n2cc(I)c(=O)[nH]c2=O)CC1O
C-771,fentanyl,CCC(=O)N(c1ccccc1)C1CCN(CCc2ccccc2)CC1
C-772,testosterone  benzoate,CC12CCC(=O)C=C1CCC1C2CCC2(C)C(OC(=O)c3ccccc3)CCC12
C-776,n-(4-chlorophenyl)benzenesulfonamide,O=S(=O)(Nc1ccc(Cl)cc1)c1ccccc1
C-779,testosterone  phenylpropionate,CC12CCC(=O)C=C1CCC1C2CCC2(C)C(OC(=O)CCc3ccccc3)CCC12
C-786,testosterone  phenylbutyrate,CC12CCC(=O)C=C1CCC1C2CCC2(C)C(OC(=O)CCCc3ccccc3)CCC12
C-787,5'-pentanoyl-idoxuridine; 5'-pentanoyl-5-iodo-2'-deoxyuridine; 5'-pentanoyl-idu,CCCCC(=O)OCC1OC(n2cc(I)c(=O)[nH]c2=O)CC1O
C-788,"3,3',4,4',5-pentachlorobiphenyl",Clc1ccc(-c2cc(Cl)c(Cl)c(Cl)c2)cc1Cl
C-790,n-(2-chlorophenyl)benzenesulfonamide,O=S(=O)(Nc1ccccc1Cl)c1ccccc1
C-791,sulpiride,CCN1CCCC1CNC(=O)c1cc(S(N)(=O)=O)ccc1OC
C-794,"2',3,4,4',5-pentachlorobiphenyl",Clc1ccc(-c2cc(Cl)c(Cl)c(Cl)c2)c(Cl)c1
C-796,testosterone  phenylacetate,CC12CCC(=O)C=C1CCC1C2CCC2(C)C(OC(=O)Cc3ccccc3)CCC12
C-798,fenclofenac,O=C(O)Cc1ccccc1Oc1ccc(Cl)cc1Cl
C-805,2-chloro-3-phenylsulfonamidopyridine,O=S(=O)(Nc1cccnc1Cl)c1ccccc1
C-808,3-chloro-2-phenylsulfonamidopyridine,O=S(=O)(Nc1ncccc1Cl)c1ccccc1
C-810,mitomycin c,COC12C(COC(N)=O)C3=C(C(=O)C(C)=C(N)C3=O)N1CC1NC12
C-814,"2,3-dichlorodibenzodioxin",Clc1cc2c(cc1Cl)Oc1ccccc1O2
C-817,quinidine,C=CC1CN2CCC1C(C(O)c1ccnc3ccc(OC)cc13)C2
C-818,"2,2',3,4,5'-pentachlorobiphenyl",Clc1ccc(Cl)c(-c2ccc(Cl)c(Cl)c2Cl)c1
C-819,"7,7-dioxo-4,5,6,7-tetrahydro-2-sulfamoylthieno[2,3-b]thiopyran",NS(=O)(=O)c1cc2c(s1)S(=O)(=O)CCC2
C-824,buparvaquone,CC(C)(C)C1CCC(CC2=C(O)C(=O)c3ccccc3C2=O)CC1
C-833,n1-(4-ethylphenyl)sulfanilamide;  1-sulfanilamido-4-ethylbenzene,CCc1ccc(NS(=O)(=O)c2ccc(N)cc2)cc1
C-839,n1-(4-chlorophenyl)sulfanilamide,Nc1ccc(S(=O)(=O)Nc2ccc(Cl)cc2)cc1
C-843,n1-(4-methoxyphenyl)sulfanilamide;  4-methoxysulfabenzene,COc1ccc(NS(=O)(=O)c2ccc(N)cc2)cc1
C-844,n1-(4-cyanophenyl)sulfanilamide;  4-cyanosulfabenzene,N#Cc1ccc(NS(=O)(=O)c2ccc(N)cc2)cc1
C-848,disopyramide,CC(C)N(CCC(C(N)=O)(c1ccccc1)c1ccccn1)C(C)C
C-850,"5,5-diphenylbarbituric  acid",O=C1NC(=O)C(c2ccccc2)(c2ccccc2)C(=O)N1
C-857,sulfamethoxypyridazine;  3-sulfa-6-methoxypyridazine,COc1ccc(NS(=O)(=O)c2ccc(N)cc2)nn1
C-864,n1-(3-chloro-4-methylphenyl)sulfanilamide;  3-chloro-4-methylsulfabenzene,Cc1ccc(NS(=O)(=O)c2ccc(N)cc2)cc1Cl
C-865,n1-(4-chloro-2-methylphenyl)sulfanilamide;  4-chloro-2-methylsulfabenzene,Cc1cc(Cl)ccc1NS(=O)(=O)c1ccc(N)cc1
C-868,"n-(2,3-dichlorophenyl)benzenesulfonamide",O=S(=O)(Nc1cccc(Cl)c1Cl)c1ccccc1
C-869,n1-(4-chlorophenyl)-2-methylsulfanilamide; 4-chloro-1-(4-amino-2-methylphenylsulfonamido)benzene,Cc1cc(N)ccc1S(=O)(=O)Nc1ccc(Cl)cc1
C-870,"sulfisomidine;  2,6-dimethyl-4-sulfapyrimidine",Cc1cc(NS(=O)(=O)c2ccc(N)cc2)nc(C)n1
C-874,"2,3,3',4,4',5'-hexachlorobiphenyl",Clc1cc(-c2ccc(Cl)c(Cl)c2Cl)cc(Cl)c1Cl
C-875,n1-(5-chloro-2-methylphenyl)sulfanilamide;  5-chloro-2-methylsulfabenzene,Cc1ccc(Cl)cc1NS(=O)(=O)c1ccc(N)cc1
C-877,n1-(2-chloro-4-methylphenyl)sulfanilamide;  2-chloro-4-methylsulfabenzene,Cc1ccc(NS(=O)(=O)c2ccc(N)cc2)c(Cl)c1
C-891,n1-(2-chlorophenyl)-2-methylsulfanilamide; 2-chloro-1-(4-amino-2-methylphenylsulfonamido)benzene,Cc1cc(N)ccc1S(=O)(=O)Nc1ccccc1Cl
C-901,"1,5-bis(butanoyloxymethyl)allopurinol",CCCC(=O)OCn1cnc2c(cnn2COC(=O)CCC)c1=O
C-911,sulfacytine;  1-ethyl-4-sulfapyrimidine-2-one,CCn1ccc(NS(=O)(=O)c2ccc(N)cc2)nc1=O
C-920,4-chloro-n1-(2-chlorophenyl)sulfanilamide,Nc1ccc(S(=O)(=O)Nc2ccc(Cl)cc2)c(Cl)c1
C-921,"n1-(2,5-dichlorophenyl)sulfanilamide",Nc1ccc(S(=O)(=O)Nc2cc(Cl)ccc2Cl)cc1
C-922,"n1-(2,3-dichlorophenyl)sulfanilamide",Nc1ccc(S(=O)(=O)Nc2cccc(Cl)c2Cl)cc1
C-923,pefloxacin,CCn1cc(C(=O)O)c(=O)c2cc(F)c(N3CCN(C)CC3)cc21
C-925,"2-hydroxy-n-(3,5-dimethyl-4-isoxazolyl)-1,4-naphthoquinone-4-imine",Cc1noc(C)c1N=C1C=C(O)C(=O)c2ccccc21
C-926,"7-hydroxy-4-oxo-4,5,6,7-tetrahydro-2-sulfamoylthieno[3,2-b]thiopyran",NS(=O)(=O)c1cc2c(s1)C(O)CCS2=O
C-929,2-chloro-n1-(2-chlorophenyl)sulfanilamide,Nc1ccc(S(=O)(=O)Nc2ccccc2Cl)c(Cl)c1
C-932,n1-(3-chloro-2-methoxyphenyl)sulfanilamide; 1-sulfanilamido-3-chloro-2-methoxybenzene; 1-sulfa-3-chloro-2-methoxybenzene,COc1c(Cl)cccc1NS(=O)(=O)c1ccc(N)cc1
C-937,loxapine,CN1CCN(C2=Nc3ccccc3Oc3ccc(Cl)cc32)CC1
C-941,n-(methyl)thalidomide,CN1C(=O)CCC(N2C(=O)c3ccccc3C2=O)C1=O
C-942,n1-(4-iodophenyl)sulfanilamide,Nc1ccc(S(=O)(=O)Nc2ccc(I)cc2)cc1
C-944,azinphos-methyl;  methyl-azinphos,COP(=S)(OC)SCn1nnc2ccccc2c1=O
C-948,"2-benzyl-3-methyl-2,3-dihydro-1h-imidazo[5,1b]quinazolin-9-one; 2-benzyl-3-methylimidazoquinazolone",CC1c2nc3ccccc3c(=O)n2CN1Cc1ccccc1
C-950,4-(5-ethyl-3-methylisoxazol-4-ylimino)-2-hydroxy-4h-naphthalen-1-one,CCc1onc(C)c1N=C1C=C(O)C(=O)c2ccccc21
C-951,"2,2',3,4,4',5',6-heptachlorobiphenyl",Clc1cc(Cl)c(-c2c(Cl)cc(Cl)c(Cl)c2Cl)cc1Cl
C-958,pentoxazone,CC(C)=C1OC(=O)N(c2cc(OC3CCCC3)c(Cl)cc2F)C1=O
C-966,"szi-121;  3-(2-chlorophenyl)-6-(2,6-difluorophenyl)-1,2,4,5-tetrazine",Fc1cccc(F)c1-c1nnc(-c2ccccc2Cl)nn1
C-968,cinnarizine;  stugeron,C(=C/c1ccccc1)\CN1CCN(C(c2ccccc2)c2ccccc2)CC1
C-969,"n-(3-methyl-5-propylisoxazol-4-yl)-2-hydroxy-1,4-naphthoquinone-4-imine",CCCc1onc(C)c1N=C1C=C(O)C(=O)c2ccccc21
C-971,"n1-(2,4,5-trichlorophenyl)sulfanilamide;  1-sulfa-2,4,5-trichlorobenzene",Nc1ccc(S(=O)(=O)Nc2cc(Cl)c(Cl)cc2Cl)cc1
C-973,"n-(2,4-dibromophenyl)benzenesulfonamide",O=S(=O)(Nc1ccc(Br)cc1Br)c1ccccc1
C-978,chlorprothixene (form ii),CN(C)CC/C=C1/c2ccccc2Sc2ccc(Cl)cc21
C-979,"6-hydroxy-6,7-dihydro-5h-2-sulfamoylthieno[3,2-b]thiopyran-4,4-dioxide",NS(=O)(=O)c1cc2c(s1)CC(O)CS2(=O)=O
C-981,"5-hydroxy-5,6-dihydro-4h-2-sulfamoylthieno[2,3-b]thiopyran-7,7-dioxide",NS(=O)(=O)c1cc2c(s1)S(=O)(=O)CC(O)C2
C-982,"5,6-dihydro-2-sulfamoylthieno[3,2-b]thiopyran-4,4-dioxide-7-one",NS(=O)(=O)c1cc2c(s1)C(=O)CCS2(=O)=O
C-983,"7-hydroxy-6,7-dihydro-5h-2-sulfamoylthieno[3,2-b]thiopyran-4,4-dioxide",NS(=O)(=O)c1cc2c(s1)C(O)CCS2(=O)=O
C-984,n-propylthalidomide,CCCN1C(=O)CCC(N2C(=O)c3ccccc3C2=O)C1=O
C-985,"5,6-dihydro-2-sulfamoylthieno[2,3-b]thiopyran-7,7-dioxide-4-one",NS(=O)(=O)c1cc2c(s1)S(=O)(=O)CCC2=O
C-987,warfarin (hemiketal-isomer),CC1(O)CC(c2ccccc2)c2c(c3ccccc3oc2=O)O1
C-991,Erythromycin stearate,CCC1OC(=O)C(C)C(OC2CC(C)(OC)C(O)C(C)O2)C(C)C(OC2OC(C)CC(N(C)C)C2O)C(C)(O)CC(C)C(=O)C(C)C(O)C1(C)O
C-994,2-hydroxy-4-(3-methyl-5-pentylisoxazol-4-ylimino)-4h-naphthalen-1-one,CCCCCc1onc(C)c1N=C1C=C(O)C(=O)c2ccccc21
C-995,benzoximate,CCO/N=C(\OC(=O)c1ccccc1)c1c(OC)ccc(Cl)c1OC
C-996,ofloxacin,CC1COc2c(N3CCN(C)CC3)c(F)cc3c(=O)c(C(=O)O)cn1c23
C-997,terazosin,COc1cc2nc(N3CCN(C(=O)C4CCCO4)CC3)nc(N)c2cc1OC
C-1001,clarithromycin,CCC1OC(=O)C(C)C(OC2CC(C)(OC)C(O)C(C)O2)C(C)C(OC2OC(C)CC(N(C)C)C2O)C(C)(OC)CC(C)C(=O)C(C)C(O)C1(C)O
C-1005,n-pentyl-thalidomide,CCCCCN1C(=O)CCC(N2C(=O)c3ccccc3C2=O)C1=O
C-1012,alprazolam;  xanax,Cc1nnc2n1-c1ccc(Cl)cc1C(c1ccccc1)=NC2
C-1018,acronine;  acromycine;  acronycine,COc1cc2c(c3c1c(=O)c1ccccc1n3C)C=CC(C)(C)O2
C-1021,"2,2',3,3',4,4',5,5',6-nonachlorobiphenyl",Clc1cc(-c2c(Cl)c(Cl)c(Cl)c(Cl)c2Cl)c(Cl)c(Cl)c1Cl
C-1023,triphenyl phosphate;  tpp,O=P(Oc1ccccc1)(Oc1ccccc1)Oc1ccccc1
C-1027,thioridazine,CSc1ccc2c(c1)N(CCC1CCCCN1C)c1ccccc1S2
C-1035,fenthiaprop-ethyl,CCOC(=O)C(C)Oc1ccc(Oc2nc3ccc(Cl)cc3s2)cc1
C-1040,methyclothiazide,CN1C(CCl)Nc2cc(Cl)c(S(N)(=O)=O)cc2S1(=O)=O
C-1041,quizalofop-p-tefuryl,CC(Oc1ccc(Oc2cnc3cc(Cl)ccc3n2)cc1)C(=O)OC1CCCO1
C-1048,chlorimuron-ethyl,CCOC(=O)c1ccccc1S(=O)(=O)NC(=O)Nc1nc(Cl)cc(OC)n1
C-1051,celecoxib,Cc1ccc(-c2cc(C(F)(F)F)nn2-c2ccc(S(N)(=O)=O)cc2)cc1
C-1054,dicumarol;  dicoumarol,O=c1oc2ccccc2c(O)c1Cc1c(O)c2ccccc2oc1=O
C-1060,meloxicam,Cc1cnc(NC(=O)C2=C(O)c3ccccc3S(=O)(=O)N2C)s1
C-1062,probucol,CC(C)(Sc1c(C(C)(C)C)cc(O)cc1C(C)(C)C)Sc1c(C(C)(C)C)cc(O)cc1C(C)(C)C
C-1063,moricizine,CCOC(=O)Nc1ccc2c(c1)N(C(=O)CCN1CCOCC1)c1ccccc1S2
C-1065,flufenoxuron;  cascade,O=C(NC(=O)c1c(F)cccc1F)Nc1ccc(Oc2ccc(C(F)(F)F)cc2Cl)cc1F
C-1066,flupyrsulfuron-methyl,COC(=O)c1ccc(C(F)(F)F)nc1S(=O)(=O)NC(=O)Nc1nc(OC)cc(OC)n1
C-1067,methotrexate,CN(Cc1cnc2nc(N)nc(N)c2n1)c1ccc(C(=O)NC(CCC(=O)O)C(=O)O)cc1
C-1074,malononitrile;  dicyanomethane,N#CCC#N
C-1083,methylsulfonylmethane; dimethylsulfone,CS(C)(=O)=O
C-1093,4-fluorophenol,Oc1ccc(F)cc1
C-1094,retinol (all-trans);  vitamin a; vitamin a1,CC1=C(/C=C/C(C)=C/C=C/C(C)=C/CO)C(C)(C)CCC1
C-1096,"1,4-benzoquinone;  quinone",O=C1C=CC(=O)C=C1
C-1105,"methyl  2,2-diethylmalonurate",CCC(CC)(C(=O)NC(N)=O)C(=O)OC
C-1108,"ethyl  2,2-diethylmalonurate",CCOC(=O)C(CC)(CC)C(=O)NC(N)=O
C-1110,"endothall; 7-oxabicyclo[2.2.1]heptan-2,3-dicarboxylic  acid",O=C(O)C1C2CCC(O2)C1C(=O)O
C-1112,4-ethoxyphenol,CCOc1ccc(O)cc1
C-1114,"isopropyl  2,2-diethylmalonurate",CCC(CC)(C(=O)NC(N)=O)C(=O)OC(C)C
C-1116,"methoxymethyl  2,2-diethylmalonurate",CCC(CC)(C(=O)NC(N)=O)C(=O)OCOC
C-1117,thiobenzamide,NC(=S)c1ccccc1
C-1119,lomustine,O=NN(CCCl)C(=O)NC1CCCCC1
C-1124,"methyl  2,2-diallylmalonurate",C=CCC(CC=C)(C(=O)NC(N)=O)C(=O)OC
C-1129,"4-chloro-3,5-dimethylphenol;  4-chloro-3,5-xylenol",Cc1cc(O)cc(C)c1Cl
C-1130,n-(hydroxymethyl)benzamide,O=C(NCO)c1ccccc1
C-1134,4-ethylbenzoic  acid,CCc1ccc(C(=O)O)cc1
C-1137,4-methoxybenzamide,COc1ccc(C(N)=O)cc1
C-1139,3-methoxybenzamide,COc1cccc(C(N)=O)c1
C-1144,"1,3-bis(pivaloyloxymethyl)-5-fluorouracil",CC(C)(C)C(=O)OCn1cc(F)c(=O)n(COC(=O)C(C)(C)C)c1=O
C-1146,n-(dimethylaminomethyl)benzamide,CN(C)CNC(=O)c1ccccc1
C-1148,4-iodophenol,Oc1ccc(I)cc1
C-1155,4-butylbenzoic acid,CCCCc1ccc(C(=O)O)cc1
C-1156,"1,3-bis(acetoxymethyl)-5-fluorouracil",CC(=O)OCn1cc(F)c(=O)n(COC(C)=O)c1=O
C-1157,"ethyl  2-cyclohexen-1-yl-2,6-dimethylmalonurate",CCOC(=O)C(C)(C(=O)NC(=O)NC)C1=CCCCC1
C-1160,"xylylcarb;  3,4-xylyl methylcarbamate;  3,4-dimethylphenyl methylcarbamate",CNC(=O)Oc1ccc(C)c(C)c1
C-1174,3-methylisoquinoline,Cc1cc2ccccc2cn1
C-1179,fenobucarb,CCC(C)c1ccccc1OC(=O)NC
C-1183,"methoxycarbonylmethyl  2,2-diethylmalonurate",CCC(CC)(C(=O)NC(N)=O)C(=O)OCC(=O)OC
C-1184,benzadox;  2-(benzoylaminooxy)acetic  acid;  n-benzoyl-o-(carboxymethyl)hydroxylamine,O=C(O)CONC(=O)c1ccccc1
C-1186,4-hydroxy-3-methoxycinnamic.acid;  ferulic.acid,COc1cc(/C=C/C(=O)O)ccc1O
C-1187,6-mercaptopurine;  6-purinethione,S=c1[nH]cnc2[nH]cnc12
C-1189,1-(n-methyl)carbamoyl-5-fluorouracil,CNC(=O)n1cc(F)c(=O)[nH]c1=O
C-1190,3-propionyl-5-fluorouracil;  3-propanoyl-5-fluorouracil,CCC(=O)n1c(=O)[nH]cc(F)c1=O
C-1197,methyl  5-fluorouracil-1-carboxylate,COC(=O)n1cc(F)c(=O)[nH]c1=O
C-1199,1-acetoxymethyl-5-fluorouracil,CC(=O)OCn1cc(F)c(=O)[nH]c1=O
C-1201,methyl acetylsalicylate;  2-acetoxybenzoic acid methyl ester,COC(=O)c1ccccc1OC(C)=O
C-1203,"xanthine;  purine-2,6-dione;  2,6(1h,3h)-purinedione",O=c1[nH]c(=O)c2nc[nH]c2[nH]1
C-1204,3-acetoxymethyl-5-fluorouracil,CC(=O)OCn1c(=O)[nH]cc(F)c1=O
C-1205,"terbutylazine;  2-tert-butylamino-4-chloro-6-ethylamino-1,3,5-triazine",CCNc1nc(Cl)nc(NC(C)(C)C)n1
C-1208,"simetryne; 2-methylthio-4,6-di(ethylamino)-1,3,5-triazine",CCNc1nc(NCC)nc(SC)n1
C-1211,"2,2-bis(ethylsulfonyl)butane;  trional",CCC(C)(S(=O)(=O)CC)S(=O)(=O)CC
C-1214,1-ethylcarbamoyl-5-fluorouracil;  1-ethylaminocarbonyl-5-fluorouracil,CCNC(=O)n1cc(F)c(=O)[nH]c1=O
C-1217,3-ethoxycarboxymethyl-5-fluorouracil;  3-(ethoxycarbonyloxymethyl)-5-fluorouracil,CCOC(=O)OCn1c(=O)[nH]cc(F)c1=O
C-1219,oxprenolol,C=CCOc1ccccc1OCC(O)CNC(C)C
C-1223,1-ethoxycarbonyl-5-fluorouracil,CCOC(=O)n1cc(F)c(=O)[nH]c1=O
C-1225,1-dimethylcarbamoyl-5-fluorouracil;  1-dimethylaminocarbonyl-5-fluorouracil,CN(C)C(=O)n1cc(F)c(=O)[nH]c1=O
C-1229,1-propanoyloxymethyl-5-fluorouracil,CCC(=O)OCn1cc(F)c(=O)[nH]c1=O
C-1230,3-ethoxycarbonyl-5-fluorouracil,CCOC(=O)n1c(=O)[nH]cc(F)c1=O
C-1233,"1-(2,2-dimethylpropanoyloxymethyl)-5-fluorouracil;  1-pivaloyloxymethyl-5-fluorouracil",CC(C)(C)C(=O)OCn1cc(F)c(=O)[nH]c1=O
C-1237,5-fluorouracil-1-methyl  butyrate;  1-butanoyloxymethyl-5-fluorouracil,CCCC(=O)OCn1cc(F)c(=O)[nH]c1=O
C-1238,n-(benzoyloxyacetyl)pyrrolidine,O=C(OCC(=O)N1CCCC1)c1ccccc1
C-1241,"(n,n-dimethyl)carbamoylmethyl  salicylate; 2-(2-hydroxybenzoyloxy)-n,n-dimethylacetamide",CN(C)C(=O)COC(=O)c1ccccc1O
C-1244,mevastatin,CCC(C)C(=O)OC1CCC=C2C=CC(C)C(CCC3CC(O)CC(=O)O3)C21
C-1245,butyl  5-fluorouracil-1-carboxylate;  1-butoxycarbonyl-5-fluorouracil,CCCCOC(=O)n1cc(F)c(=O)[nH]c1=O
C-1246,"dimethachlor;  2-chloro-n-(2,6-dimethylphenyl)-n-(2-methoxyethyl)acetamide",COCCN(C(=O)CCl)c1c(C)cccc1C
C-1248,isobutyl  5-fluorouracil-1-carboxylate;  1-isobutoxycarbonyl-5-fluorouracil,CC(C)COC(=O)n1cc(F)c(=O)[nH]c1=O
C-1249,"2-benzoyloxy-(n-ethyl,n-2-hydroxyethyl)acetamide;  n-ethyl-n-(2-hydroxyethyl)-2-(benzoyloxy)acetamide",CCN(CCO)C(=O)COC(=O)c1ccccc1
C-1250,1-(2-chloroethoxycarbonyl)-5-fluorouracil,O=C(OCCCl)n1cc(F)c(=O)[nH]c1=O
C-1254,levorphanol,CN1CCC23CCCCC2C1Cc1ccc(O)cc13
C-1256,carbendazim; methyl n-(benzimidazol-2-yl)carbamate; 2-(methoxycarbonylamino)benzimidazole,COC(=O)Nc1nc2ccccc2[nH]1
C-1257,pravastatin,CCC(C)C(=O)OC1CC(O)C=C2C=CC(C)C(CCC3CC(O)CC(=O)O3)C21
C-1261,chlorambucil,O=C(O)CCCc1ccc(N(CCCl)CCCl)cc1
C-1263,"2-benzoyloxy-n,n-diisopropylacetamide;  n,n-diisopropyl-2-benzoyloxyacetamide",CC(C)N(C(=O)COC(=O)c1ccccc1)C(C)C
C-1264,"2-benzoyloxy-n,n-di(2-hydroxyethyl)acetamide;  n,n-di(2-hydroxyethyl)-2-(benzoyloxy)acetamide",O=C(OCC(=O)N(CCO)CCO)c1ccccc1
C-1267,hexyl  5-fluorouracil-1-carboxylate;  1-hexoxycarbonyl-5-fluorouracil,CCCCCCOC(=O)n1cc(F)c(=O)[nH]c1=O
C-1269,"(n,n-diethyl)carbamoylmethyl  salicylate;  n,n-diethyl-2-(salicyloyloxy)acetamide",CCN(CC)C(=O)COC(=O)c1ccccc1O
C-1272,dextromethorphan,COc1ccc2c(c1)C13CCCCC1C(C2)N(C)CC3
C-1273,"n1,n1,n4-trimethylsulfanilamide",CNc1ccc(S(=O)(=O)N(C)C)cc1
C-1275,2-benzoyloxy-n-[(tris-hydroxymethyl)methyl]acetamide,O=C(COC(=O)c1ccccc1)NC(CO)(CO)CO
C-1276,n-(2-benzoyloxyacetyl)-n-methylglycineamide,CN(CC(N)=O)C(=O)COC(=O)c1ccccc1
C-1277,1-(n-octylcarbamoyl)-5-fluorouracil;  1-octylaminocarbonyl-5-fluorouracil,CCCCCCCCNC(=O)n1cc(F)c(=O)[nH]c1=O
C-1278,"n-[2-(benzoyloxy)acetyl]-2,6-dimethylpiperidine",CC1CCCC(C)N1C(=O)COC(=O)c1ccccc1
C-1280,"2-benzoyloxy-n,n-bis(2-methoxyethyl)acetamide; n,n-bis(2-methoxyethyl)-2-benzoyloxyacetamide",COCCN(CCOC)C(=O)COC(=O)c1ccccc1
C-1281,carbamoylmethyl  acetylsalicylate;  2-(2-acetoxybenzoyloxy)acetamide,CC(=O)Oc1ccccc1C(=O)OCC(N)=O
C-1282,furmecyclox;  furmetamide,CON(C(=O)c1cc(C)oc1C)C1CCCCC1
C-1284,2-biphenylcarboxylic  acid;  2-phenylbenzoic acid,O=C(O)c1ccccc1-c1ccccc1
C-1287,ethyl n-(benzoyloxyacetyl)-n-methylglycinate; n-(benzoyloxyacetyl)-n-methylglycine ethyl ester,CCOC(=O)CN(C)C(=O)COC(=O)c1ccccc1
C-1288,1-(acetoxymethyl)allopurinol,CC(=O)OCn1ncc2c(=O)[nH]cnc21
C-1290,2-carboxy-n(benzoyloxyacetyl)azetidine,O=C(OCC(=O)N1CCC1C(=O)O)c1ccccc1
C-1295,n-ethyl-2-[(2-acetoxy)benzoyloxy]acetamide,CCNC(=O)COC(=O)c1ccccc1OC(C)=O
C-1297,ethoxycarbonylmetyl  acetylsalicylate;  2-(2-acetoxybenzoyloxy)acetic acid ethyl ester,CCOC(=O)COC(=O)c1ccccc1OC(C)=O
C-1298,"n,n-dimethyl-2-[(2-acetoxy)benzoyloxy]acetamide",CC(=O)Oc1ccccc1C(=O)OCC(=O)N(C)C
C-1299,"n4-formyl-n1,n1,n4-trimethylsulfanilamide; n-[(4-dimethylsulfamoyl)phenyl]-n-methylformamide",CN(C=O)c1ccc(S(=O)(=O)N(C)C)cc1
C-1301,o-acetyl-6-deoxyacyclovir,CC(=O)OCCOCn1cnc2cnc(N)nc21
C-1303,n-(benzoyloxyacetyl)prolinamide,NC(=O)C1CCCN1C(=O)COC(=O)c1ccccc1
C-1305,"morphine;  7,8-didehydro-4,5-epoxy-17-methylmorphinan-3,6-diol",CN1CCC23c4c5ccc(O)c4OC2C(O)C=CC3C1C5
C-1309,allopurin-2-yl-methyl  butyrate;  2-(butanoyloxymethyl)allopurinol,CCCC(=O)OCn1cc2c(=O)[nH]cnc2n1
C-1311,allopurin-1-yl-methyl  butyrate;   1-(butanoyloxymethyl)allopurinol,CCCC(=O)OCn1ncc2c(=O)[nH]cnc21
C-1314,n-acetyl-6-deoxyacyclovir,CC(=O)Nc1ncc2ncn(COCCO)c2n1
C-1316,"n1,n1,n4-trimethyl-n4-acetylsulfanilamide",CC(=O)N(C)c1ccc(S(=O)(=O)N(C)C)cc1
C-1319,"(n,n-diethyl)carbamoylmethyl  acetylsalicylate;  n,n-diethyl-2-(2-acetoxybenzoyloxy)acetamide",CCN(CC)C(=O)COC(=O)c1ccccc1OC(C)=O
C-1320,2-(pivaloyloxymethyl)allopurinol,CC(C)(C)C(=O)OCn1cc2c(=O)[nH]cnc2n1
C-1323,1-(pivaloyloxymethyl)allopurinol,CC(C)(C)C(=O)OCn1ncc2c(=O)[nH]cnc21
C-1328,"3,4,5-trichlorodiphenyl  ether",Clc1cc(Oc2ccccc2)cc(Cl)c1Cl
C-1330,o-acetylacyclovir,CC(=O)OCCOCn1cnc2c(=O)[nH]c(N)nc21
C-1333,"n1,n1,n4-trimethyl-n4-propanoylsulfanilamide",CCC(=O)N(C)c1ccc(S(=O)(=O)N(C)C)cc1
C-1334,"2,4,5-trichlorodiphenyl  ether",Clc1cc(Cl)c(Oc2ccccc2)cc1Cl
C-1336,morpholin-4-ylcarbonylmethyl  acetylsalicylate; n-[2-(2-acetoxybenzoyloxy)acetyl]morpholine,CC(=O)Oc1ccccc1C(=O)OCC(=O)N1CCOCC1
C-1339,1-amino-2-naphthalenesulfonic  acid,Nc1c(S(=O)(=O)O)ccc2ccccc12
C-1340,fluroxypyr-meptyl;  fluroxypyr 1-methylheptyl ester,CCCCCCC(C)OC(=O)COc1nc(F)c(Cl)c(N)c1Cl
C-1342,3-benzoyl-5-fluorouracil,O=C(c1ccccc1)n1c(=O)[nH]cc(F)c1=O
C-1343,2-acetoxybenzoic acid dipropylcarbamoylmethyl ester,CCCN(CCC)C(=O)COC(=O)c1ccccc1OC(C)=O
C-1345,n-[2-(2-acetoxybenzoyloxy)acetyl]glycineamide,CC(=O)Oc1ccccc1C(=O)OCC(=O)NCC(N)=O
C-1346,"n1,n1,n4-trimethyl-n4-(butanoyl)sulfanilamide",CCCC(=O)N(C)c1ccc(S(=O)(=O)N(C)C)cc1
C-1347,chloroquine,CCN(CC)CCCC(C)Nc1ccnc2cc(Cl)ccc12
C-1348,"n,n-diethyl-2-[(2-acetoxy)benzoyloxy]propanoic acid amide",CCN(CC)C(=O)C(C)OC(=O)c1ccccc1OC(C)=O
C-1349,2-acetoxybenzoic acid diisopropylcarbamoylmethyl ester,CC(=O)Oc1ccccc1C(=O)OCC(=O)N(C(C)C)C(C)C
C-1350,n-acetylacyclovir,CC(=O)Nc1nc2c(ncn2COCCO)c(=O)[nH]1
C-1351,tolfenamic acid;  n-(2-methyl-3-chlorophenyl)anthranilic  acid,Cc1c(Cl)cccc1Nc1ccccc1C(=O)O
C-1352,nalidixic acid methyl ester;  methyl  nalidixate,CCn1cc(C(=O)OC)c(=O)c2ccc(C)nc21
C-1354,benzyl  5-fluorouracil-1-carboxylate;  1-benzyloxycarbonyl-5-fluorouracil,O=C(OCc1ccccc1)n1cc(F)c(=O)[nH]c1=O
C-1357,phenyl  5-fluorouracil-1-carboxylate;  1-phenyloxycarbonyl-5-fluorouracil,O=C(Oc1ccccc1)n1cc(F)c(=O)[nH]c1=O
C-1358,"n1,n1,n4-trimethyl-n4-pentanoylsulfanilamide",CCCCC(=O)N(C)c1ccc(S(=O)(=O)N(C)C)cc1
C-1361,"n9-(n,n-diethylglycyloxymethyl)allopurinol",CCN(CC)CC(=O)OCn1ncc2c(=O)[nH]cnc21
C-1362,phenyl  5-fluorouracil-3-carboxylate;  3-phenyloxycarbonyl-5-fluorouracil,O=C(Oc1ccccc1)n1c(=O)[nH]cc(F)c1=O
C-1364,guanosine,Nc1nc2c(ncn2C2OC(CO)C(O)C2O)c(=O)[nH]1
C-1372,"n1,n1-dimethyl-n4-hexanoyl-n4-methylsulfanilamide; n-[(4-dimethylsulfamoyl)phenyl]-n-methylhexanoic acid amide",CCCCCC(=O)N(C)c1ccc(S(=O)(=O)N(C)C)cc1
C-1373,"n,o-diacetyl-6-deoxyacyclovir",CC(=O)Nc1ncc2ncn(COCCOC(C)=O)c2n1
C-1374,paclobutrazol,CC(C)(C)C(O)C(Cc1ccc(Cl)cc1)n1cncn1
C-1375,celiprolol,CCN(CC)C(=O)Nc1ccc(OCC(O)CNC(C)(C)C)c(C(C)=O)c1
C-1377,n-2-(2-acetoxybenzoyloxy)acetylglycine ethyl ester,CCOC(=O)CNC(=O)COC(=O)c1ccccc1OC(C)=O
C-1378,"2,2',4,4'-tetrachlorodiphenyl  ether",Clc1ccc(Oc2ccc(Cl)cc2Cl)c(Cl)c1
C-1380,3-(phenoxycarboxymethyl)-5-fluorouracil; 3-(phenoxycarbonyloxymethyl)-5-fluorouracil,O=C(OCn1c(=O)[nH]cc(F)c1=O)Oc1ccccc1
C-1382,n-[4-(dimethylsulfamoyl)phenyl]-n-methylheptanoic acid amide,CCCCCCC(=O)N(C)c1ccc(S(=O)(=O)N(C)C)cc1
C-1384,"n1,n4,n4-trimethyl-n1-(heptanoyl)sulfanilamide",CCCCCCC(=O)N(C)S(=O)(=O)c1ccc(N(C)C)cc1
C-1386,"n1,n1,n4-trimethyl-n4-(octanoyl)sulfanilamide; n-[(4-dimethylsulfamoyl)phenyl]-n-methyloctanoic acid amide",CCCCCCCC(=O)N(C)c1ccc(S(=O)(=O)N(C)C)cc1
C-1388,"2,5-bis(acetoxymethyl)allopurinol",CC(=O)OCn1cc2c(=O)n(COC(C)=O)cnc2n1
C-1389,n-methyl-n-(2-(2'-acetoxy)benzoyloxy)acetylglycine ethyl ester,CCOC(=O)CN(C)C(=O)COC(=O)c1ccccc1OC(C)=O
C-1391,naproxen carbamoylmethyl ester;  naproxen  ester va,COc1ccc2cc(C(C)C(=O)OCC(N)=O)ccc2c1
C-1392,azamethiphos,COP(=O)(OC)SCn1c(=O)oc2cc(Cl)cnc21
C-1396,"succinimid-1-ylmethyl  acetylsalicylate;  n-[(2-acetoxy)benzoyloxymethyl]pyrrolidine-2,5-dione",CC(=O)Oc1ccccc1C(=O)OCN1C(=O)CCC1=O
C-1400,indoprofen,CC(C(=O)O)c1ccc(N2Cc3ccccc3C2=O)cc1
C-1402,"n,o-diacetylacyclovir",CC(=O)Nc1nc2c(ncn2COCCOC(C)=O)c(=O)[nH]1
C-1409,"sulfamoxole;  2-sulfa-4,5-dimethyloxazole",Cc1nc(NS(=O)(=O)c2ccc(N)cc2)oc1C
C-1410,"2,3,3',4,4'-pentachlorodiphenyl  ether",Clc1ccc(Oc2ccc(Cl)c(Cl)c2Cl)cc1Cl
C-1411,itanoxone,C=C(CC(=O)c1ccc(-c2ccccc2Cl)cc1)C(=O)O
C-1412,"1-(n,n-diethylsuccinamoyloxymethyl)allopurinol",CCN(CC)C(=O)CCC(=O)OCn1ncc2c(=O)[nH]cnc21
C-1413,"naproxen (n,n-dimethylcarbamoyl)methyl ester",COc1ccc2cc(C(C)C(=O)OCC(=O)N(C)C)ccc2c1
C-1420,acetoxymethyl  nalidixate;  nalidixic acid acetoxymethyl ester,CCn1cc(C(=O)OCOC(C)=O)c(=O)c2ccc(C)nc21
C-1425,1-(benzoyloxymethyl)allopurinol,O=C(OCn1ncc2c(=O)[nH]cnc21)c1ccccc1
C-1427,"2,5-bis(butanoyloxymethyl)allopurinol",CCCC(=O)OCn1cc2c(=O)n(COC(=O)CCC)cnc2n1
C-1429,propanoyloxymethyl  nalidixate;  nalidixic acid propanoyloxymethyl ester,CCC(=O)OCOC(=O)c1cn(CC)c2nc(C)ccc2c1=O
C-1430,fensulfothion-sulfone,CCOP(=S)(OCC)Oc1ccc(S(C)(=O)=O)cc1
C-1431,"naproxen (n,n-diethylcarbamoyl)methyl ester",CCN(CC)C(=O)COC(=O)C(C)c1ccc2cc(OC)ccc2c1
C-1432,naproxen ester ve;  naproxen [n-(2-hydroxyethyl)-n-methyl-carbamoyl]methyl ester,COc1ccc2cc(C(C)C(=O)OCC(=O)N(C)CCO)ccc2c1
C-1435,"2,5-bis(pivaloyloxymethyl)allopurinol",CC(C)(C)C(=O)OCn1cc2c(=O)n(COC(=O)C(C)(C)C)cnc2n1
C-1437,"2,3',4,4',5,5'-hexachlorodiphenyl  ether",Clc1cc(Cl)c(Oc2cc(Cl)c(Cl)c(Cl)c2)cc1Cl
C-1441,"2,3,3',4,4',5-hexachlorodiphenyl  ether",Clc1ccc(Oc2cc(Cl)c(Cl)c(Cl)c2Cl)cc1Cl
C-1442,"2,2',4,4',5,5'-hexachlorodiphenyl  ether",Clc1cc(Cl)c(Oc2cc(Cl)c(Cl)cc2Cl)cc1Cl
C-1444,"1,5-bis(pivaloyloxymethyl)allopurinol",CC(C)(C)C(=O)OCn1cnc2c(cnn2COC(=O)C(C)(C)C)c1=O
C-1445,"2,2',3,4,4',5'-hexachlorodiphenyl  ether",Clc1cc(Cl)c(Oc2ccc(Cl)c(Cl)c2Cl)cc1Cl
C-1446,methyl thiabendazole-1-carboxylate; 1-methoxycarbonylthiabendazole; 1-methoxycarbonyl-2-(4-thiazolyl)benzimidazole,COC(=O)n1c(-c2cscn2)nc2ccccc21
C-1447,"2,2',3,3',4,4'-hexachlorodiphenyl  ether",Clc1ccc(Oc2ccc(Cl)c(Cl)c2Cl)c(Cl)c1Cl
C-1448,butanoyloxymethyl nalidixate;  nalidixic acid butanoyloxymethyl ester,CCCC(=O)OCOC(=O)c1cn(CC)c2nc(C)ccc2c1=O
C-1449,"2,2',3,4,4',5-hexachlorodiphenyl  ether",Clc1ccc(Oc2cc(Cl)c(Cl)c(Cl)c2Cl)c(Cl)c1
C-1450,"2,2',4,4',5,6'-hexachlorodiphenyl  ether",Clc1cc(Cl)c(Oc2cc(Cl)c(Cl)cc2Cl)c(Cl)c1
C-1452,isobutanoyloxymethyl nalidixate;  nalidixic acid isobutanoyloxymethyl ester,CCn1cc(C(=O)OCOC(=O)C(C)C)c(=O)c2ccc(C)nc21
C-1453,"2,2',3,4,4',6'-hexachlorodiphenyl  ether",Clc1cc(Cl)c(Oc2ccc(Cl)c(Cl)c2Cl)c(Cl)c1
C-1455,"2,3,4,4',5,6-hexachlorodiphenyl  ether",Clc1ccc(Oc2c(Cl)c(Cl)c(Cl)c(Cl)c2Cl)cc1
C-1458,temazepam;  3-hydroxydiazepam,CN1C(=O)C(O)N=C(c2ccccc2)c2cc(Cl)ccc21
C-1463,clozapine,CN1CCN(C2=Nc3cc(Cl)ccc3Nc3ccccc32)CC1
C-1464,ethyl thiabendazole-1-carboxylate; 1-ethoxycarbonylthiabendazole; 1-ethoxycarbonyl-2-(4-thiazolyl)benzimidazole,CCOC(=O)n1c(-c2cscn2)nc2ccccc21
C-1467,"naproxen [n,n-bis(2-hydroxyethyl)carbamoyl]methyl ester",COc1ccc2cc(C(C)C(=O)OCC(=O)N(CCO)CCO)ccc2c1
C-1469,prazepam,O=C1CN=C(c2ccccc2)c2cc(Cl)ccc2N1CC1CC1
C-1471,"n,n-diethylcarbamoylmethyl nalidixate;  nalidixic acid (n,n-diethylcarbamoyl)methyl ester",CCN(CC)C(=O)COC(=O)c1cn(CC)c2nc(C)ccc2c1=O
C-1476,naproxen ester vd; naproxen [n-(carbamoylmethyl)-n-(methyl)carbamoyl]methyl ester,COc1ccc2cc(C(C)C(=O)OCC(=O)N(C)CC(N)=O)ccc2c1
C-1477,1-(propoxycarbonyl)thiabendazole,CCCOC(=O)n1c(-c2cscn2)nc2ccccc21
C-1481,"2,2',3,4,4',5,5'-heptachlorodiphenyl  ether",Clc1cc(Cl)c(Oc2cc(Cl)c(Cl)c(Cl)c2Cl)cc1Cl
C-1483,"2,3,3',4,4',5,6-heptachlorodiphenyl  ether",Clc1ccc(Oc2c(Cl)c(Cl)c(Cl)c(Cl)c2Cl)cc1Cl
C-1485,"2,2',3,4',5,5',6-heptachlorodiphenyl  ether",Clc1cc(Cl)c(Oc2c(Cl)c(Cl)cc(Cl)c2Cl)cc1Cl
C-1487,"2,2',3,3',4',5,6-heptachlorodiphenyl  ether",Clc1ccc(Oc2c(Cl)c(Cl)cc(Cl)c2Cl)c(Cl)c1Cl
C-1488,"2,2',3,3',4,5,6'-heptachlorodiphenyl  ether",Clc1cc(Oc2c(Cl)ccc(Cl)c2Cl)c(Cl)c(Cl)c1Cl
C-1489,1-(isobutoxycarbonyl)thiabendazole; 1-isobutoxycarbonyl-2-(thiazol-4-yl)benzimidazole,CC(C)COC(=O)n1c(-c2cscn2)nc2ccccc21
C-1498,"leptophos, o-analog",COP(=O)(Oc1cc(Cl)c(Br)cc1Cl)c1ccccc1
C-1499,"2,2',3,4,4',5,5',6-octachlorodiphenyl  ether",Clc1cc(Cl)c(Oc2c(Cl)c(Cl)c(Cl)c(Cl)c2Cl)cc1Cl
C-1500,"2,2',3,3',4,4',5,6-octachlorodiphenyl  ether",Clc1ccc(Oc2c(Cl)c(Cl)c(Cl)c(Cl)c2Cl)c(Cl)c1Cl
C-1501,"2,2',3,3',4,5,5',6'-octachlorodiphenyl  ether",Clc1cc(Oc2c(Cl)c(Cl)cc(Cl)c2Cl)c(Cl)c(Cl)c1Cl
C-1506,omeprazole,COc1ccc2[nH]c(S(=O)Cc3ncc(C)c(OC)c3C)nc2c1
C-1508,"13h-dibenzo[a,i]carbazole",c1ccc2c(c1)ccc1c3ccc4ccccc4c3[nH]c21
C-1509,acyclovir  ester  x;  omega-acyclovir (4-morpholin-4-ylmethyl)benzoate,Nc1nc2c(ncn2COCCOC(=O)c2ccc(CN3CCOCC3)cc2)c(=O)[nH]1
C-1512,hexaflumuron;  consult,O=C(NC(=O)c1c(F)cccc1F)Nc1cc(Cl)c(OC(F)(F)C(F)F)c(Cl)c1
C-1514,difenoconazole,CC1COC(Cn2cncn2)(c2ccc(Oc3ccc(Cl)cc3)cc2Cl)O1
C-1515,dithianon,N#Cc1sc2c(=O)c3ccccc3c(=O)c=2sc1C#N
C-1523,clofazimine,CC(C)N=c1cc2n(-c3ccc(Cl)cc3)c3ccccc3nc-2cc1Nc1ccc(Cl)cc1
C-1524,paclitaxel;  taxol a,CC(=O)OC1C(=O)C2(C)C(O)CC3OCC3(OC(C)=O)C2C(OC(=O)c2ccccc2)C2(O)CC(OC(=O)C(O)C(NC(=O)c3ccccc3)c3ccccc3)C(C)=C1C2(C)C
C-1526,hexamethyleneimine;  homopiperidine;  azacycloheptane; azepane,C1CCCNCC1
C-1529,"hexamethylethane;  2,2,3,3-tetramethylbutane",CC(C)(C)C(C)(C)C
C-1531,"2,5-dimethylpiperazine (trans)",CC1CNC(C)CN1
C-1536,dl-isovaline;  dl-2-amino-2-methylbutanoic acid,CCC(C)(N)C(=O)O
C-1541,ethambutol; emb,CCC(CO)NCCNC(CC)CO
C-1542,amantadine;  1-aminoadamantane,NC12CC3CC(CC(C3)C1)C2
C-1558,3-bromocrotonic  acid (trans);  3-bromo-(e)-2-butenoic acid,C/C(Br)=C/C(=O)O
C-1561,"2-bromo-2,2-diethylacetamide",CCC(Br)(CC)C(N)=O
C-1570,3-iodocrotonic  acid (trans);  3-iodo-(e)-2-butenoic acid,C/C(I)=C/C(=O)O
C-1571,pentadecanoic acid,CCCCCCCCCCCCCCC(=O)O
C-1572,glycylglycine,NCC(=O)NCC(=O)O
C-1573,3-methyladipic  acid,CC(CCC(=O)O)CC(=O)O
C-1582,"shikimic  acid;  1-carboxy-3,4,5-trihydroxy-1-cyclohexene",O=C(O)C1=CC(O)C(O)C(O)C1
C-1586,heptadecanoic acid;  margaric acid,CCCCCCCCCCCCCCCCC(=O)O
C-1589,"2-hydroxy-3,3,3-trichloropropanoic acid;  beta,beta,beta-trichlorolactic  acid;",O=C(O)C(O)C(Cl)(Cl)Cl
C-1592,stearic  acid;  octadecanoic  acid,CCCCCCCCCCCCCCCCCC(=O)O
C-1601,cycloserine;  4-aminoisoxazolidine-3-one,NC1CONC1=O
C-1603,3-cyclohexyl-2-mercaptopropenoic  acid,O=C(O)/C(S)=C/C1CCCCC1
C-1604,"1-cyclohexene-1,4-dicarboxylic  acid",O=C(O)C1=CCC(C(=O)O)CC1
C-1605,"1,11-undecanedicarboxylic acid;  tridecanedioic  acid;  brassylic  acid",O=C(O)CCCCCCCCCCCC(=O)O
C-1608,2-methylbenzyl  alcohol,Cc1ccccc1CO
C-1612,"2,6-diaminopyridine",Nc1cccc(N)n1
C-1613,"2,3-diaminopyridine",Nc1cccnc1N
C-1619,vinyl stearate;  octadecanoic acid vinyl ester,C=COC(=O)CCCCCCCCCCCCCCCCC
C-1627,methyl  2-allyl-2-ethylmalonurate,C=CCC(CC)(C(=O)NC(N)=O)C(=O)OC
C-1632,5-aminouracil,Nc1c[nH]c(=O)[nH]c1=O
C-1634,cartap,CN(C)C(CSC(N)=O)CSC(N)=O
C-1636,phenylglyoxal (monohydrate),O=CC(=O)c1ccccc1
C-1638,5-chlorofuran-2-carboxylic acid,O=C(O)c1ccc(Cl)o1
C-1641,phthalaldehyde,O=Cc1ccccc1C=O
C-1642,tybamate,CCCCNC(=O)OCC(C)(CCC)COC(N)=O
C-1645,4-phenylbutyric  acid;  4-phenylbutanoic acid,O=C(O)CCCc1ccccc1
C-1647,dopamine;  3-hydroxytyramine,NCCc1ccc(O)c(O)c1
C-1648,propionanilide,CCC(=O)Nc1ccccc1
C-1650,5-ethyl-5-propyl-2-thiobarbituric acid,CCCC1(CC)C(=O)NC(=S)NC1=O
C-1653,5alpha-androst-16-en-3-one;   5alpha-androstenone,CC12C=CCC1C1CCC3CC(=O)CCC3(C)C1CC2
C-1655,5-allyl-5-butylbarbituric  acid,C=CCC1(CCCC)C(=O)NC(=O)NC1=O
C-1657,"3,4-dimethylbenzoic  acid",Cc1ccc(C(=O)O)cc1C
C-1658,"2,4-dimethylbenzoic  acid",Cc1ccc(C(=O)O)c(C)c1
C-1659,"2,5-dimethylbenzoic  acid",Cc1ccc(C)c(C(=O)O)c1
C-1660,4-amino-n-methyl-benzamide,CNC(=O)c1ccc(N)cc1
C-1661,4-isothiocyanatophenol,Oc1ccc(N=C=S)cc1
C-1662,5-butyl-5-ethyl-2-thiobarbituric acid,CCCCC1(CC)C(=O)NC(=S)NC1=O
C-1663,3-isothiocyanatophenol,Oc1cccc(N=C=S)c1
C-1666,5-methylbarbituric acid,CC1C(=O)NC(=O)NC1=O
C-1672,benzoylformic  acid;  phenylglyoxylic  acid,O=C(O)C(=O)c1ccccc1
C-1674,3-cyanobenzoic  acid,N#Cc1cccc(C(=O)O)c1
C-1676,"methyl  2,6-dimethyl-2-(1-cyclohexen-1-yl)malonurate",CNC(=O)NC(=O)C(C)(C(=O)OC)C1=CCCCC1
C-1677,5-ethyl-5-pentyl-2-thiobarbituric  acid,CCCCCC1(CC)C(=O)NC(=S)NC1=O
C-1678,n-(hydroxymethyl)thiobenzamide,OCNC(=S)c1ccccc1
C-1680,4-(3-adamantan-1-ylureido)butanoic acid,O=C(O)CCCNC(=O)NC12CC3CC(CC(C3)C1)C2
C-1681,3-methylsalicylic acid; 2-hydroxy-3-methylbenzoic acid,Cc1cccc(C(=O)O)c1O
C-1682,6-methylsalicylic acid; 2-hydroxy-6-methylbenzoic acid,Cc1cccc(O)c1C(=O)O
C-1686,3-bromofuran-2-carboxylic acid,O=C(O)c1occc1Br
C-1687,crimidine;  2-chloro-4-dimethylamino-6-methylpyrimidine,Cc1nc(Cl)ncc1N(C)C
C-1689,5-ethyl-5-hexyl-2-thiobarbituric  acid,CCCCCCC1(CC)C(=O)NC(=S)NC1=O
C-1690,"5,5-spirononamethylenebarbituric acid",O=C1NC(=O)C2(CCCCCCCCC2)C(=O)N1
C-1691,prasterone formate,CC12CCC3C(CC=C4CC(OC=O)CCC43C)C1CCC2=O
C-1692,"2,4-dihydroxybenzoic  acid;  beta-resorcylic  acid",O=C(O)c1ccc(O)cc1O
C-1693,"3-isobutylpiperazine-2,5-dione",CC(C)CC1NC(=O)CNC1=O
C-1696,imidazole-2-sulfonic acid,O=S(=O)(O)c1ncc[nH]1
C-1697,"5-phenyl-2,4-pentadienoic  acid",O=C(O)/C=C/C=C/c1ccccc1
C-1699,stanolone formate,CC12CCC(=O)CC1CCC1C2CCC2(C)C(OC=O)CCC12
C-1700,1-ethoxy-4-isothiocyanatobenzene,CCOc1ccc(N=C=S)cc1
C-1701,"methoxymethyl  2-cyhexen-1-yl-2,6-dimethylmalonurate",CNC(=O)NC(=O)C(C)(C(=O)OCOC)C1=CCCCC1
C-1703,n-hydroxymethyl-4-methoxybenzamide,COc1ccc(C(=O)NCO)cc1
C-1705,"(z)-3-chloro-(e)-3-phenylpropenoic acid (cis-cl, trans-c6h5)",O=C(O)/C=C(\Cl)c1ccccc1
C-1706,n-hydroxymethyl-3-methoxybenzamide,COc1cccc(C(=O)NCO)c1
C-1710,4-hexylbenzoic acid,CCCCCCc1ccc(C(=O)O)cc1
C-1712,8-methylpurine,Cc1nc2ncncc2[nH]1
C-1713,4-bromophenyl  isothiocyanate;  4-isothiocyanatobromobenzene,S=C=Nc1ccc(Br)cc1
C-1717,testosterone formate,CC12CCC(=O)C=C1CCC1C2CCC2(C)C(OC=O)CCC12
C-1718,4-acetylphenyl  isothiocyanate;  1-acetyl-4-isothiocyanatobenzene,CC(=O)c1ccc(N=C=S)cc1
C-1720,8-aminopurine,Nc1nc2cncnc2[nH]1
C-1721,2-mercaptocinnamic  acid;  2-mercapto-3-phenylpropenoic acid,O=C(O)/C(S)=C/c1ccccc1
C-1722,2-mercapto-3-phenylpropionic  acid;  2-mercapto-3-phenylpropanoic acid,O=C(O)C(S)Cc1ccccc1
C-1727,4-(4-chlorophenoxy)butyric acid;  4-(4-chlorophenoxy)butanoic acid,O=C(O)CCCOc1ccc(Cl)cc1
C-1729,"2,3-pyridinedicarboxylic  acid;  quinolinic  acid",O=C(O)c1cccnc1C(=O)O
C-1730,n-piperidin-1-ylmethylbenzamide,O=C(NCN1CCCCC1)c1ccccc1
C-1731,4-acetylphenyl acetate;  acetic acid 4-acetylphenyl ester;  4-acetoxyacetophenone,CC(=O)Oc1ccc(C(C)=O)cc1
C-1734,4-acetoxybenzamide;  4-carbamoylphenyl  acetate,CC(=O)Oc1ccc(C(N)=O)cc1
C-1735,1-acetyl-5-fluorouracil,CC(=O)n1cc(F)c(=O)[nH]c1=O
C-1737,3-(2-aminoethyl)indole;  tryptamine,NCCc1c[nH]c2ccccc12
C-1739,3-acetyl-5-fluorouracil,CC(=O)n1c(=O)[nH]cc(F)c1=O
C-1740,7-alpha-hydroxy-5beta-cholanoic  acid,CC(CCC(=O)O)C1CCC2C3C(O)CC4CCCCC4(C)C3CCC12C
C-1743,"1,3-diisothiocyanatobenzene",S=C=Nc1cccc(N=C=S)c1
C-1746,2-[(3-hydroxyphenyl)hydrazono]malononitrile,N#CC(C#N)=NNc1cccc(O)c1
C-1747,2-methoxypurine,COc1ncc2[nH]cnc2n1
C-1748,fenethcarb,CCc1cc(CC)cc(OC(=O)NC)c1
C-1751,ethyl  vanillate; 4-hydroxy-3-methoxybenzoic acid ethyl ester; vanillic acid ethyl ester,CCOC(=O)c1ccc(O)c(OC)c1
C-1752,1-acetylamino-3-isothiocyanatobenzene,CC(=O)Nc1cccc(N=C=S)c1
C-1753,6-methoxypurine,COc1ncnc2nc[nH]c12
C-1755,8-hydroxymethylpurine,OCc1nc2ncncc2[nH]1
C-1756,4-(methoxycarbonyl)acetanilide;  4-acetylaminobenzoic acid methyl ester,COC(=O)c1ccc(NC(C)=O)cc1
C-1762,"4,6-di(isopropylamino)-1,3,5-triazine-2(1h)-one;   ""hydroxypropazine""",CC(C)Nc1nc(NC(C)C)[nH]c(=O)n1
C-1763,2-[(4-chlorophenyl)hydrazono]malononitrile,N#CC(C#N)=NNc1ccc(Cl)cc1
C-1766,stanolone  acetate,CC(=O)OC1CCC2C3CCC4CC(=O)CCC4(C)C3CCC12C
C-1767,"butane-1,2,3,4-tetracarboxylic  acid",O=C(O)CC(C(=O)O)C(CC(=O)O)C(=O)O
C-1768,4-hydroxyisophthalic  acid,O=C(O)c1ccc(O)c(C(=O)O)c1
C-1769,methyl 4-acetoxybenzoate;  4-acetoxybenzoic acid methyl ester,COC(=O)c1ccc(OC(C)=O)cc1
C-1771,prasterone  propionate,CCC(=O)OC1CCC2(C)C(=CCC3C4CCC(=O)C4(C)CCC32)C1
C-1772,7-aminopteridine,Nc1cnc2cncnc2n1
C-1773,6-aminopteridine,Nc1cnc2ncncc2n1
C-1775,n-butanoyl-n'-isonicotinoylhydrazine,CCCC(=O)NNC(=O)c1ccncc1
C-1777,4-ureidophenyl  acetate;  acetic acid 4-ureidophenyl ester,CC(=O)Oc1ccc(NC(N)=O)cc1
C-1778,"2-hydroxyisophthalic acid; 2-hydroxy-1,3-benzenedicarboxylic acid",O=C(O)c1cccc(C(=O)O)c1O
C-1780,"2,6-diaminopurine",Nc1nc(N)c2nc[nH]c2n1
C-1781,"4-diethylamino-6-ethylamino-1,3,5-triazine-2(1h)-one;   ""hydroxytrietazine""",CCNc1nc(N(CC)CC)nc(=O)[nH]1
C-1782,3-iodophenyl  isothiocyanate;  3-isothiocyanatoiodobenzene,S=C=Nc1cccc(I)c1
C-1783,4-aminopteridine,Nc1ncnc2nccnc12
C-1786,7-pteridinone;  8h-pteridin-7-one,O=c1cnc2cncnc2[nH]1
C-1787,6-pteridinone;  5h-pteridin-6-one,O=c1cnc2ncncc2[nH]1
C-1790,3-hydroxyphthalic acid,O=C(O)c1cccc(O)c1C(=O)O
C-1791,4-ethoxycarbonylphenyl isothiocyanate;  4-isothiocyanatobenzoic acid ethyl ester,CCOC(=O)c1ccc(N=C=S)cc1
C-1792,"2-chloro-4-isopropylamino-6-propylamino-1,3,5-triazine",CCCNc1nc(Cl)nc(NC(C)C)n1
C-1794,"purine-2,8-dione",O=c1ncc2[nH]c(=O)[nH]c2[nH]1
C-1800,"purine-6,8-dione",O=c1[nH]c2nc[nH]c(=O)c2[nH]1
C-1803,"2,5-dichlorophenoxyacetic acid",O=C(O)COc1cc(Cl)ccc1Cl
C-1807,"2,6-dichlorophenoxyacetic  acid",O=C(O)COc1c(Cl)cccc1Cl
C-1808,"6-dimethylaminopurine;  n6,n6-dimethyladenine",CN(C)c1ncnc2[nH]cnc12
C-1810,n-isonicotinoyl-n'-pentanoylhydrazine,CCCCC(=O)NNC(=O)c1ccncc1
C-1814,3-butyryl-5-fluorouracil,CCCC(=O)n1c(=O)[nH]cc(F)c1=O
C-1816,4-acetamidophenyl  propionate; acetaminophen propionate; 4-propanoyloxyacetanilide,CCC(=O)Oc1ccc(NC(C)=O)cc1
C-1817,4-toluenesulfonic acid hydrazide,Cc1ccc(S(=O)(=O)NN)cc1
C-1818,n-(5-chloro-4-methylthiazol-2-yl)propionamide,CCC(=O)Nc1nc(C)c(Cl)s1
C-1823,2-chloropteridine,Clc1ncc2nccnc2n1
C-1824,nandrolone  butyrate,CCCC(=O)OC1CCC2C3CCC4=CC(=O)CCC4C3CCC12C
C-1826,"5,6-dehydroisoandrosterone  valerate;  prasterone  valerate",CCCCC(=O)OC1CCC2(C)C(=CCC3C4CCC(=O)C4(C)CCC32)C1
C-1827,"chlormethiuron;  3-(4-chloro-2-methylphenyl)-1,3-dimethylthiourea",CNC(=S)N(C)c1ccc(Cl)cc1C
C-1831,4-(methoxycarbonyloxy)acetanilide,COC(=O)Oc1ccc(NC(C)=O)cc1
C-1832,4-aminotoluene-2-sulfonic acid,Cc1ccc(N)cc1S(=O)(=O)O
C-1833,propyl  4-acetylaminobenzoate;  4-acetylaminobenzoic acid propyl ester,CCCOC(=O)c1ccc(NC(C)=O)cc1
C-1834,3-propanoyloxymethyl-5-fluorouracil,CCC(=O)OCn1c(=O)[nH]cc(F)c1=O
C-1839,n1-isonicotinoyl-n2-hexanoylhydrazine,CCCCCC(=O)NNC(=O)c1ccncc1
C-1841,l-dopa methyl ester,COC(=O)C(N)Cc1ccc(O)c(O)c1
C-1843,"6,7-dimethylpteridine",Cc1nc2cncnc2nc1C
C-1845,pteridine-7-thione; pteridine-7-thiol,S=c1cnc2cncnc2[nH]1
C-1846,pteridine-2-thione,S=c1ncc2nccnc2[nH]1
C-1848,1-(n-propylcarbamoyl)-5-fluorouracil;  1-propylaminocarbonyl-5-fluorouracil,CCCNC(=O)n1cc(F)c(=O)[nH]c1=O
C-1849,3-pentanoyl-5-fluorouracil;  3-valeroyl-5-fluorouracil,CCCCC(=O)n1c(=O)[nH]cc(F)c1=O
C-1850,3-deazauridine,O=C1C=CN(C2OC(CO)C(O)C2O)C(=O)C1
C-1851,acetaminophen  butyrate,CCCC(=O)Oc1ccc(NC(C)=O)cc1
C-1852,8-methyl-8h-pteridin-7-one,Cn1c(=O)cnc2cncnc21
C-1854,3-methyl-3h-pteridin-4-one,Cn1cnc2nccnc2c1=O
C-1856,2-aminopurine-6-thione;  thioguanine,Nc1nc2[nH]cnc2c(=S)[nH]1
C-1857,4-[(ethoxycarbonyloxy)methoxy]acetanilide,CCOC(=O)OCOc1ccc(NC(C)=O)cc1
C-1860,norethindrone  dimethylpropionate,C#CC1(OC(=O)C(C)(C)C)CCC2C3CCC4=CC(=O)CCC4C3CCC21C
C-1862,2-(trimethylacetoxy)benzoic  acid,CC(C)(C)C(=O)Oc1ccccc1C(=O)O
C-1863,n-isonicotinoyl-n'-heptanoylhydrazine,CCCCCCC(=O)NNC(=O)c1ccncc1
C-1865,"2,6,8-triaminopurine",Nc1nc(N)c2nc(N)[nH]c2n1
C-1866,7-methyl-3h-pteridin-4-one,Cc1cnc2c(=O)[nH]cnc2n1
C-1867,butyl  4-acetylaminobenzoate;  4-acetylaminobenzoic acid butyl ester,CCCCOC(=O)c1ccc(NC(C)=O)cc1
C-1869,6-methyl-3h-pteridin-4-one;  4-hydroxy-6-methylpteridine,Cc1cnc2nc[nH]c(=O)c2n1
C-1870,"2,4-diaminopteridine",Nc1nc(N)c2nccnc2n1
C-1871,testosterone butyrate,CCCC(=O)OC1CCC2C3CCC4=CC(=O)CCC4(C)C3CCC12C
C-1872,3-butanoyloxymethyl-5-fluorouracil,CCCC(=O)OCn1c(=O)[nH]cc(F)c1=O
C-1873,2-[(4-acetylphenyl)hydrazono]malononitrile,CC(=O)c1ccc(NN=C(C#N)C#N)cc1
C-1874,4-amino-2(1h)-pteridinone;  4-amino-2-hydroxypteridine,Nc1nc(=O)[nH]c2nccnc12
C-1876,2-amino-4(1h)-pteridinone;  2-amino-4-hydroxypteridine,Nc1nc(=O)c2nccnc2[nH]1
C-1878,"6,7-pteridinedione",O=c1[nH]c2cncnc2[nH]c1=O
C-1879,4-acetoxybenzaldehydesemicarbazone,CC(=O)Oc1ccc(/C=N/NC(N)=O)cc1
C-1880,"4,7-pteridinedione;  4,7(3h,8h)-pteridinedione",O=c1cnc2c(=O)[nH]cnc2[nH]1
C-1881,7-dimethylaminopteridine,CN(C)c1cnc2cncnc2n1
C-1883,"4,6-pteridinedione",O=c1cnc2nc[nH]c(=O)c2[nH]1
C-1886,n-isonicotinoyl-n'-octanoylhydrazine,CCCCCCCC(=O)NNC(=O)c1ccncc1
C-1887,testosterone valerate,CCCCC(=O)OC1CCC2C3CCC4=CC(=O)CCC4(C)C3CCC12C
C-1894,4-(propoxycarbonyloxy)acetanilide,CCCOC(=O)Oc1ccc(NC(C)=O)cc1
C-1895,3-pentanoyloxymethyl-5-fluorouracil;  3-valeroyloxymethyl-5-fluorouracil,CCCCC(=O)OCn1c(=O)[nH]cc(F)c1=O
C-1898,7-methylmercaptopteridine; pteridine-7-methyl-thiol,CSc1cnc2cncnc2n1
C-1900,"3,4,5-trichlorophenoxyacetic acid",O=C(O)COc1cc(Cl)c(Cl)c(Cl)c1
C-1901,acetaminophen hexanoate,CCCCCC(=O)Oc1ccc(NC(C)=O)cc1
C-1902,n-isonicotinoyl-n'-nonanoylhydrazine,CCCCCCCCC(=O)NNC(=O)c1ccncc1
C-1903,2-(diethylacetoxy)benzoic  acid,CCC(CC)C(=O)Oc1ccccc1C(=O)O
C-1904,"2,3,5-trichlorophenoxyacetic  acid",O=C(O)COc1cc(Cl)cc(Cl)c1Cl
C-1908,mepivacaine,Cc1cccc(C)c1NC(=O)C1CCCCN1C
C-1909,2-benzoyloxy-(n-cyclohexyl)acetamide;  n-cyclohexyl-2-benzoyloxyacetamide,O=C(COC(=O)c1ccccc1)NC1CCCCC1
C-1916,dihydroequilin,CC12CCC3C(=CCc4cc(O)ccc43)C1CCC2O
C-1917,2-benzoylpyridine,O=C(c1ccccc1)c1ccccn1
C-1918,5-fluorouracil-3-methyl  hexanoate;  3-hexanoyloxymethyl-5-fluorouracil,CCCCCC(=O)OCn1c(=O)[nH]cc(F)c1=O
C-1921,cycloxydim,CCC/C(=N\OCC)C1=C(O)CC(C2CCCSC2)CC1=O
C-1922,4-(butoxycarboxy)acetanilide,CCCCOC(=O)Oc1ccc(NC(C)=O)cc1
C-1923,2-naphthyl  acetate,CC(=O)Oc1ccc2ccccc2c1
C-1924,nandrolone nonanoate,CCCCCCCCC(=O)OC1CCC2C3CCC4=CC(=O)CCC4C3CCC12C
C-1925,"2-benzoyloxy-n,n-(diethyl)propionamide;  2-benzoyloxy-n,n-(diethyl)propanoic acid amide",CCN(CC)C(=O)C(C)OC(=O)c1ccccc1
C-1926,1-(hydroxymethyl)glutethimide,CCC1(c2ccccc2)CCC(=O)N(CO)C1=O
C-1929,n-isonicotinoyl-n'-decanoylhydrazine;  n-decanoyl-n'-isonicotinoylhydrazine,CCCCCCCCCC(=O)NNC(=O)c1ccncc1
C-1930,di(4-tolyl)  ether,Cc1ccc(Oc2ccc(C)cc2)cc1
C-1931,4-[(2-methoxy)ethoxycarbonyloxy]acetanilide,COCCOC(=O)Oc1ccc(NC(C)=O)cc1
C-1933,n-hydroxymethyl-5-chlorobenzoxazol-2-one; n-(hydroxymethyl)chlorzoxazone,O=c1oc2ccc(Cl)cc2n1CO
C-1934,1-acetylallopurinol,CC(=O)n1ncc2c(=O)[nH]cnc21
C-1935,"tridiphane;  2-(3,5-dichlorophenyl)-2-(2,2,2-trichloroethyl)oxirane",Clc1cc(Cl)cc(C2(CC(Cl)(Cl)Cl)CO2)c1
C-1937,"6,7-dimethyl-3h-pteridin-4-one;  4-hydroxy-6,7-dimethylpteridine",Cc1nc2nc[nH]c(=O)c2nc1C
C-1938,canrenoic  acid,CC12CCC(=O)C=C1C=CC1C2CCC2(C)C1CCC2(O)CCC(=O)O
C-1939,"2-oxo-5-indolinyl acetate;  acetic acid 2-oxo-2,3-dihydro-1h-indol-5-yl ester;  5-acetoxy-2-oxo-2,3-dihydroindole",CC(=O)Oc1ccc2c(c1)CC(=O)N2
C-1942,"6,7-diethylpteridine",CCc1nc2cncnc2nc1CC
C-1944,amiloride,N=C(N)NC(=O)c1nc(Cl)c(N)nc1N
C-1948,2'-diethylaminoethyl  4-acetamidobenzoate,CCN(CC)CCOC(=O)c1ccc(NC(C)=O)cc1
C-1949,2-{[4-(2-chloroacetyl)phenyl]hydrazono}malononitrile,N#CC(C#N)=NNc1ccc(C(=O)CCl)cc1
C-1950,l-dopa pentyl ester,CCCCCOC(=O)C(N)Cc1ccc(O)c(O)c1
C-1951,"benzyl  2,2-diethylmalonurate",CCC(CC)(C(=O)NC(N)=O)C(=O)OCc1ccccc1
C-1952,acetaminophen  octanoate;  4-(octanoyloxy)acetanilide,CCCCCCCC(=O)Oc1ccc(NC(C)=O)cc1
C-1953,n-cyclohexyl-n-methyl-2-(benzoyloxy)acetamide,CN(C(=O)COC(=O)c1ccccc1)C1CCCCC1
C-1954,"2-amino-4,6(1h,5h)-pteridinedione;  2-amino-4,6-pteridinediole;  xanthopterine",Nc1nc(=O)c2[nH]c(=O)cnc2[nH]1
C-1955,"2,4,7(1h,3h,8h)-pteridinetrione;  2,4,7-pteridinetrione",O=c1cnc2c(=O)[nH]c(=O)[nH]c2[nH]1
C-1956,n-[2-(benzoyloxy)acetyl]-2-ethylpiperidine,CCC1CCCCN1C(=O)COC(=O)c1ccccc1
C-1957,3-octanoyloxymethyl-5-fluorouracil,CCCCCCCC(=O)OCn1c(=O)[nH]cc(F)c1=O
C-1958,"4,6,7-pteridinetrione;  4,6,7(3h,5h,8h)-pteridinetrione",O=c1[nH]c2nc[nH]c(=O)c2[nH]c1=O
C-1960,methyl  2-ethyl-2-phenylmalonurate,CCC(C(=O)NC(N)=O)(C(=O)OC)c1ccccc1
C-1962,4-[(1-methyl-2-methoxy)ethoxy]carboxyacetanilide; 4-[(2-methoxy-1-methylethyloxy)carbonyloxy]acetanilide,COCC(C)OC(=O)Oc1ccc(NC(C)=O)cc1
C-1963,4-hexyloxycarbonyloxyacetanilide,CCCCCCOC(=O)Oc1ccc(NC(C)=O)cc1
C-1965,"1,5-bis(hydroxymethyl)allopurinol",O=c1c2cnn(CO)c2ncn1CO
C-1966,1-propanoylallopurinol,CCC(=O)n1ncc2c(=O)[nH]cnc21
C-1967,"n,n-diisobutyl-2-benzoyloxyacetamide",CC(C)CN(CC(C)C)C(=O)COC(=O)c1ccccc1
C-1969,"norethindrone  enanthate, norethindrone heptanoate; norethisterone enanthate",C#CC1(OC(=O)CCCCCC)CCC2C3CCC4=CC(=O)CCC4C3CCC21C
C-1972,"6-(2-hydroxyethyl)amino-7-methyl-3,7-dihydro-2h-purin-2-one",Cn1cnc2[nH]c(=O)nc(NCCO)c21
C-1973,"1-[5-(2-chloro-1,1-dimethylethyl)-[1,3,4]thiadiazol-2-yl]-1,3-dimethylurea",CNC(=O)N(C)c1nnc(C(C)(C)CCl)s1
C-1976,"2-benzoyloxy-n,n-bis(2-hydroxypropyl)acetamide; n,n-bis(2-hydroxypropyl)-2-benzoyloxyacetamide",CC(O)CN(CC(C)O)C(=O)COC(=O)c1ccccc1
C-1978,acetaminophen  decanoate,CCCCCCCCCC(=O)Oc1ccc(NC(C)=O)cc1
C-1979,thiophenobarbital;  5-ethyl-5-phenyl-2-thiobarbituric  acid,CCC1(c2ccccc2)C(=O)NC(=S)NC1=O
C-1982,4-biphenyl  isothiocyanate;  4-isothiocyanatobiphenyl,S=C=Nc1ccc(-c2ccccc2)cc1
C-1983,4-amino-2-sulfobenzoic acid,Nc1ccc(C(=O)O)c(S(=O)(=O)O)c1
C-1984,l-dopa cyclohexyl ester,NC(Cc1ccc(O)c(O)c1)C(=O)OC1CCCCC1
C-1985,"1,2,3,6,7,8-hexahydropyrene",c1cc2c3c(ccc4c3c1CCC4)CCC2
C-1986,"2,3,4,6-tetrachlorophenoxyacetic  acid",O=C(O)COc1c(Cl)cc(Cl)c(Cl)c1Cl
C-1987,1-butanoylallopurinol,CCCC(=O)n1ncc2c(=O)[nH]cnc21
C-1988,"2-amino-6,7-diethylpteridine",CCc1nc2cnc(N)nc2nc1CC
C-1990,biphenyl-4-ylacetic acid;  4-biphenylacetic  acid,O=C(O)Cc1ccc(-c2ccccc2)cc1
C-1992,"4-amino-6,7-diethylpteridine",CCc1nc2ncnc(N)c2nc1CC
C-1993,"n1,n1-diethylsulfanilamide",CCN(CC)S(=O)(=O)c1ccc(N)cc1
C-1996,4-acetoxybiphenyl;  4-biphenylyl  acetate,CC(=O)Oc1ccc(-c2ccccc2)cc1
C-1998,epristeride; skf-105657,CC(C)(C)NC(=O)C1CCC2C3CC=C4C=C(C(=O)O)CCC4(C)C3CCC12C
C-1999,amdinocillin; mecillinam,CC1(C)SC2C(N=CN3CCCCCC3)C(=O)N2C1C(=O)O
C-2001,"trifluridine;  alpha,alpha,alpha-trifluorothymidine;  2'-deoxy-5-(trifluoromethyl)uridine",O=c1[nH]c(=O)n(C2CC(O)C(CO)O2)cc1C(F)(F)F
C-2002,7-hydroxymethyltheophylline,Cn1c(=O)c2c(ncn2CO)n(C)c1=O
C-2005,1-(hydroxymethyl)phenobarbital,CCC1(c2ccccc2)C(=O)NC(=O)N(CO)C1=O
C-2007,6-mercapto-(s-acetoxymethyl)purine,CC(=O)OCSc1ncnc2[nH]cnc12
C-2008,"2,4,6,7-pteridinetetraone",O=c1[nH]c(=O)c2[nH]c(=O)c(=O)[nH]c2[nH]1
C-2012,prednisone,CC12C=CC(=O)C=C1CCC1C2C(=O)CC2(C)C1CCC2(O)C(=O)CO
C-2015,7-propyltheophylline,CCCn1cnc2c1c(=O)n(C)c(=O)n2C
C-2017,"1,3-dihydro-4-ethyl-5-[(pyridin-4-yl)carbonyl]imidazol-2-one",CCc1[nH]c(=O)[nH]c1C(=O)c1ccncc1
C-2018,"n,o-diacetyl-l-tyrosinamide",CC(=O)NC(Cc1ccc(OC(C)=O)cc1)C(N)=O
C-2023,mepanipyrim;  2-anilino-4-methyl-6-(1-propynyl)pyrimidine,CC#Cc1cc(C)nc(Nc2ccccc2)n1
C-2024,6-(s-propanoyloxymethyl)mercaptopurine,CCC(=O)OCSc1ncnc2[nH]cnc12
C-2028,cyclacillin;  wy-4508;   6-(1-aminocyclohexanecarboxamido)penicillanic acid,CC1(C)SC2C(NC(=O)C3(N)CCCCC3)C(=O)N2C1C(=O)O
C-2029,n-(3-tolyl)anthranilic  acid;  2-(3-tolylamino)benzoic acid,Cc1cccc(Nc2ccccc2C(=O)O)c1
C-2032,"4-amino-6,7-diethyl-1h-pteridin-2-one;  4-amino-6,7-diethyl-2-hydroxypteridine",CCc1nc2[nH]c(=O)nc(N)c2nc1CC
C-2033,"2-amino-6,7-diethyl-3h-pteridin-4-one;  2-amino-6,7-diethyl-4-hydroxypteridine",CCc1nc2nc(N)[nH]c(=O)c2nc1CC
C-2037,"6,7-diethyl-1h-pteridine-2,4-dione;  ""2,4-dihydroxy-6,7-diethylpteridine""",CCc1nc2[nH]c(=O)[nH]c(=O)c2nc1CC
C-2038,purin-6-ylmercaptomethyl butyrate; s-butanoyloxymethyl-6-mercaptopurine; butanoic acid 9h-purin-6-ylthiomethyl ester,CCCC(=O)OCSc1ncnc2[nH]cnc12
C-2039,coniferin dihydrate,COc1cc(/C=C/CO)ccc1OC1OC(CO)C(O)C(O)C1O
C-2041,n-(3-aminophenyl)anthranilic  acid;  3'-aminofenamic acid,Nc1cccc(Nc2ccccc2C(=O)O)c1
C-2042,pentachlorophenoxyacetic  acid,O=C(O)COc1c(Cl)c(Cl)c(Cl)c(Cl)c1Cl
C-2043,"1,3,5,8-tetrachloronaphthalene",Clc1cc(Cl)c2c(Cl)ccc(Cl)c2c1
C-2044,9-(2-hydroxy-3-nonyl)adenine,CCCCCCC(C(C)O)n1cnc2c(N)ncnc21
C-2045,"myclozolin; 3-(3,5-dichlorophenyl)-5-methoxymethyl-5-methyl-oxazolidine-2,4-dione",COCC1(C)OC(=O)N(c2cc(Cl)cc(Cl)c2)C1=O
C-2046,"rufinamide;  1-(2,6-difluorobenzyl)-1h-1,2,3-triazole-4-carboxamide",NC(=O)c1cn(Cc2c(F)cccc2F)nn1
C-2048,n-(3-hydroxyphenyl)anthranilic  acid;  3'-hydroxyfenamic acid,O=C(O)c1ccccc1Nc1cccc(O)c1
C-2050,"quinclorac; 3,7-dichloro-8-carboxyquinoline; 3,7-dichloro-8-quinolinecarboxylic acid",O=C(O)c1c(Cl)ccc2cc(Cl)cnc12
C-2052,8-phenylpurine,c1ccc(-c2nc3ncncc3[nH]2)cc1
C-2053,n-isonicotinoyl-n'-benzoylhydrazine;  n-benzoyl-n'-isonicotinoylhydrazine,O=C(NNC(=O)c1ccncc1)c1ccccc1
C-2055,1-bromo-2-naphthyl  isothiocyanate;  1-bromo-2-isothiocyanatonaphthalene,S=C=Nc1ccc2ccccc2c1Br
C-2056,"n1,n4-diacetylsulfanilamide;  n4-acetylsulfacetamide",CC(=O)Nc1ccc(S(=O)(=O)NC(C)=O)cc1
C-2058,fluenetil,O=C(Cc1ccc(-c2ccccc2)cc1)OCCF
C-2059,isoxsuprine,CC(COc1ccccc1)NC(C)C(O)c1ccc(O)cc1
C-2060,"n,n-(dicyclohexyl)acetamido  benzoate;  analog 29",O=C(OCC(=O)N(C1CCCCC1)C1CCCCC1)c1ccccc1
C-2061,7-acetyltheophylline,CC(=O)n1cnc2c1c(=O)n(C)c(=O)n2C
C-2062,"1,5-diphenylthiocarbazone;  dithizone",S=C(N=Nc1ccccc1)NNc1ccccc1
C-2064,s-valeroyloxymethyl-6-mercaptopurine;  s-pentanoyloxymethyl-6-mercaptopurine,CCCCC(=O)OCSc1ncnc2[nH]cnc12
C-2067,3-benzoylphenyl  isothiocyanate; 3-isothiocyanatobenzophenone,O=C(c1ccccc1)c1cccc(N=C=S)c1
C-2069,n-(3-chlorophenyl)anthranilic  acid;  3'-chlorofenamic acid,O=C(O)c1ccccc1Nc1cccc(Cl)c1
C-2070,tianafac,Cc1c(CC(=O)O)sc2cc(Cl)ccc12
C-2073,n-isonicotinoyl-n'-(phenylacetyl)hydrazine,O=C(Cc1ccccc1)NNC(=O)c1ccncc1
C-2074,2-amino-7-naphthalenesulfonic  acid,Nc1ccc2ccc(S(=O)(=O)O)cc2c1
C-2075,"2,4-dimethylthiazole-5-carboxanilide",Cc1nc(C)c(C(=O)Nc2ccccc2)s1
C-2076,"2,4',6-trichlorodiphenyl  ether",Clc1ccc(Oc2c(Cl)cccc2Cl)cc1
C-2077,6-(hexanoyloxymethylthio)purine,CCCCCC(=O)OCSc1ncnc2[nH]cnc12
C-2078,1-amino-6-naphthalenesulfonic  acid;  5-amino-2-naphthalenesulfonic acid,Nc1cccc2cc(S(=O)(=O)O)ccc12
C-2080,n-(3-anisyl)anthranilic  acid;   2-(3-methoxyphenylamino)benzoic acid,COc1cccc(Nc2ccccc2C(=O)O)c1
C-2081,"2,4,6-trichlorodiphenyl  ether",Clc1cc(Cl)c(Oc2ccccc2)c(Cl)c1
C-2083,1-amino-3-naphthalenesulfonic  acid,Nc1cc(S(=O)(=O)O)cc2ccccc12
C-2086,"2,3,6-trichlorodiphenyl  ether",Clc1ccc(Cl)c(Oc2ccccc2)c1Cl
C-2087,thebainone,COc1ccc2c(c1O)C13CCN(C)C(C2)C1C=CC(=O)C3
C-2088,n-isonicotinoyl-n'-(2-methylbenzoyl)hydrazine,Cc1ccccc1C(=O)NNC(=O)c1ccncc1
C-2089,"2-ethyl-1-methyl-1,2,3,4-tetrahydro-2,4a,9-triazaanthracen-10-one; ethyl-methylpyridoquinazolone",CCN1CCn2c(nc3ccccc3c2=O)C1C
C-2091,7-propanoyltheophylline,CCC(=O)n1cnc2c1c(=O)n(C)c(=O)n2C
C-2092,antazoline,c1ccc(CN(CC2=NCCN2)c2ccccc2)cc1
C-2094,2-amino-5-naphthalenesulfonic  acid;  6-amino-1-naphthalenesulfonic acid,Nc1ccc2c(S(=O)(=O)O)cccc2c1
C-2097,dihydroequilenin,CC12CCc3c(ccc4cc(O)ccc34)C1CCC2O
C-2100,zileuton,CC(c1cc2ccccc2s1)N(O)C(N)=O
C-2101,1-amino-5-naphthalenesulfonic  acid,Nc1cccc2c(S(=O)(=O)O)cccc12
C-2103,1-amino-4-naphthalenesulfonic  acid;  4-amino-1-naphthalenesulfonic acid,Nc1ccc(S(=O)(=O)O)c2ccccc12
C-2104,"9-[2-(indol-3-yl)ethyl]-1-oxa-3-oxo-4,9-diazaspiro[5,5]undecane",O=C1COC2(CCN(CCc3c[nH]c4ccccc34)CC2)CN1
C-2106,timobesone  acetate,CSC(=O)C1(OC(C)=O)C(C)CC2C3CCC4=CC(=O)C=CC4(C)C3(F)C(O)CC21C
C-2107,4-benzoylaminophenyl  acetate;  acetic acid 4-benzoylaminophenyl ester,CC(=O)Oc1ccc(NC(=O)c2ccccc2)cc1
C-2108,"1,2,4-trimethyl-1,2,3,4-tetrahydro-2,4a,9-triazaanthracen-10-one; trimethylpyridoquinazolone",CC1c2nc3ccccc3c(=O)n2C(C)CN1C
C-2109,1-amino-8-naphthalenesulfonic  acid,Nc1cccc2cccc(S(=O)(=O)O)c12
C-2111,"proxicromil analog iii;  cyclohexano(6,7)chromone-2-carboxylic acid",O=C(O)c1cc(=O)c2cc3c(cc2o1)CCCC3
C-2112,3-benzoyloxyphenyl  isothiocyanate;  benzoic acid 3-isothiocyanatophenyl ester,O=C(Oc1cccc(N=C=S)c1)c1ccccc1
C-2114,7-methoxycarbonyltheophylline,COC(=O)n1cnc2c1c(=O)n(C)c(=O)n2C
C-2115,ibuprofen ester iic; n-methyl-n-[2-(2'-(4''-isobutylphenyl)propanoyloxy)acetyl]glycineamide,CC(C)Cc1ccc(C(C)C(=O)OCC(=O)N(C)CC(N)=O)cc1
C-2117,7-theophyllinylmethyl  acetate;  7-(acetoxymethyl)theophylline,CC(=O)OCn1cnc2c1c(=O)n(C)c(=O)n2C
C-2118,tropicamide,CCN(Cc1ccncc1)C(=O)C(CO)c1ccccc1
C-2119,3-isothiocyanatophenyl  nicotinate,O=C(Oc1cccc(N=C=S)c1)c1cccnc1
C-2123,6-(s-octanoyloxymethyl)mercaptopurine;  6-(octanoyloxymethylthio)purine,CCCCCCCC(=O)OCSc1ncnc2[nH]cnc12
C-2124,"1-methyl-2-propyl-1,2,3,4-tetrahydro-2,4a,9-triazaanthracen-10-one",CCCN1CCn2c(nc3ccccc3c2=O)C1C
C-2125,"(-)-(r)-1,2-bis(2,6-dioxopiperazin-4-yl)propane;  nsc-129943;  icrf 159;  razoxane (+/-)",CC(CN1CC(=O)NC(=O)C1)N1CC(=O)NC(=O)C1
C-2127,7-butyryltheophylline;  7-butanoyltheophylline,CCCC(=O)n1cnc2c1c(=O)n(C)c(=O)n2C
C-2129,prednisone-21-acetate,CC(=O)OCC(=O)C1(O)CCC2C3CCC4=CC(=O)C=CC4(C)C3C(=O)CC21C
C-2137,cephradine,CC1=C(C(=O)O)N2C(=O)C(NC(=O)C(N)C3=CCC=CC3)C2SC1
C-2138,7-(ethoxycarboxymethyl)theophylline;  7-(ethoxycarbonyloxymethyl)theophylline,CCOC(=O)OCn1cnc2c1c(=O)n(C)c(=O)n2C
C-2140,"2,2',3,5-tetrachlorobiphenyl",Clc1cc(Cl)c(Cl)c(-c2ccccc2Cl)c1
C-2141,7-(ethoxycarbonyl)theophylline,CCOC(=O)n1cnc2c1c(=O)n(C)c(=O)n2C
C-2142,"2-ethyl-1,4-dimethyl-1,2,3,4-tetrahydro-2,4a,9-triazaanthracen-10-one",CCN1CC(C)n2c(nc3ccccc3c2=O)C1C
C-2143,4-(3-phenylureido)phenyl  acetate;  acetic acid 4-(3-phenylureido)phenyl ester,CC(=O)Oc1ccc(NC(=O)Nc2ccccc2)cc1
C-2145,7-(propionyloxymethyl)theophylline;  7-(propanoyloxymethyl)theophylline,CCC(=O)OCn1cnc2c1c(=O)n(C)c(=O)n2C
C-2149,2-(3-acetylphenylamino)benzoic acid,CC(=O)c1cccc(Nc2ccccc2C(=O)O)c1
C-2150,"2,2',3,6'-tetrachlorobiphenyl",Clc1cccc(-c2c(Cl)cccc2Cl)c1Cl
C-2152,cgp 65015;  (+)-3-hydroxy-1-(2-hydroxyethyl)-2-(alpha-hydroxybenzyl)-1h-pyridin-4-one,O=c1ccn(CCO)c(C(O)c2ccccc2)c1O
C-2153,"3,3',4,4'-tetrachlorodiphenyl  ether",Clc1ccc(Oc2ccc(Cl)c(Cl)c2)cc1Cl
C-2154,etodolac,CCc1cccc2c3c([nH]c12)C(CC)(CC(=O)O)OCC3
C-2155,"2-aminosulfonyl-5-methylsulfonamido-1,3,4-thiadiazole",CS(=O)(=O)Nc1nnc(S(N)(=O)=O)s1
C-2156,"sertraline;  (1s,4s)-4-(3,4-dichlorophenyl)-1,2,3,4-tetrahydro-n-methyl-1-naphthalenamine",CNC1CCC(c2ccc(Cl)c(Cl)c2)c2ccccc21
C-2157,2-[(4-phenylazophenyl)hydrazono]malononitrile,N#CC(C#N)=NNc1ccc(N=Nc2ccccc2)cc1
C-2158,"3,4,4',5-tetrachlorodiphenyl  ether",Clc1ccc(Oc2cc(Cl)c(Cl)c(Cl)c2)cc1
C-2159,"3,3',4,5'-tetrachlorodiphenyl  ether",Clc1cc(Cl)cc(Oc2ccc(Cl)c(Cl)c2)c1
C-2160,7-pentanoyltheophylline,CCCCC(=O)n1cnc2c1c(=O)n(C)c(=O)n2C
C-2162,l-dopa benzyl ester,NC(Cc1ccc(O)c(O)c1)C(=O)OCc1ccccc1
C-2163,"2,3',4,4'-tetrachlorodiphenyl  ether",Clc1ccc(Oc2ccc(Cl)c(Cl)c2)c(Cl)c1
C-2165,"2,4,4',5-tetrachlorodiphenyl  ether",Clc1ccc(Oc2cc(Cl)c(Cl)cc2Cl)cc1
C-2171,"2,3',4,5'-tetrachlorodiphenyl  ether",Clc1cc(Cl)cc(Oc2ccc(Cl)cc2Cl)c1
C-2172,"2,3',4',5-tetrachlorodiphenyl  ether",Clc1ccc(Cl)c(Oc2ccc(Cl)c(Cl)c2)c1
C-2173,"2,3,4,4'-tetrachlorodiphenyl  ether",Clc1ccc(Oc2ccc(Cl)c(Cl)c2Cl)cc1
C-2174,5'-propanoylidoxuridine; 5'-propanoyl-5-iodo-2'-deoxyuridine; 5'-propanoyl-idu,CCC(=O)OCC1OC(n2cc(I)c(=O)[nH]c2=O)CC1O
C-2175,"2,3,4',5-tetrachlorodiphenyl  ether",Clc1ccc(Oc2cc(Cl)cc(Cl)c2Cl)cc1
C-2176,"2,3,3',4'-tetrachlorodiphenyl  ether",Clc1ccc(Oc2cccc(Cl)c2Cl)cc1Cl
C-2177,7-(pivaloyloxymethyl)theophylline (viii),Cn1c(=O)c2c(ncn2COC(=O)C(C)(C)C)n(C)c1=O
C-2178,"2,3',4,5-tetrachlorodiphenyl  ether",Clc1cccc(Oc2cc(Cl)c(Cl)cc2Cl)c1
C-2179,"2,4,4',6-tetrachlorodiphenyl  ether",Clc1ccc(Oc2c(Cl)cc(Cl)cc2Cl)cc1
C-2181,"2,3,3',4-tetrachlorodiphenyl  ether",Clc1cccc(Oc2ccc(Cl)c(Cl)c2Cl)c1
C-2182,"2,2',4,5'-tetrachlorodiphenyl  ether",Clc1ccc(Oc2cc(Cl)ccc2Cl)c(Cl)c1
C-2184,7-(propoxycarbonyl)theophylline,CCCOC(=O)n1cnc2c1c(=O)n(C)c(=O)n2C
C-2185,"2,3',4',6-tetrachlorodiphenyl  ether",Clc1ccc(Oc2c(Cl)cccc2Cl)cc1Cl
C-2186,"2,2',3,4'-tetrachlorodiphenyl  ether",Clc1ccc(Oc2cccc(Cl)c2Cl)c(Cl)c1
C-2187,"1,4-dimethyl-2-propyl-1,2,3,4-tetrahydro-2,4a,9-triazaanthracen-10-one",CCCN1CC(C)n2c(nc3ccccc3c2=O)C1C
C-2188,"2,3,4',6-tetrachlorodiphenyl  ether",Clc1ccc(Oc2c(Cl)ccc(Cl)c2Cl)cc1
C-2191,7-(butyryloxymethyl)theophylline;  7-(butanoyloxymethyl)theophylline,CCCC(=O)OCn1cnc2c1c(=O)n(C)c(=O)n2C
C-2192,"2,2',4,5-tetrachlorodiphenyl  ether",Clc1cc(Cl)c(Oc2ccccc2Cl)cc1Cl
C-2194,"2,2',3,4-tetrachlorodiphenyl  ether",Clc1ccccc1Oc1ccc(Cl)c(Cl)c1Cl
C-2195,1-(2-methylmorpholin-4-yl)sulfonyl-3-(6-bicyclo[2.2.1]-2-heptenylmethyl)urea,CC1CN(S(=O)(=O)NC(=O)NCC2CC3C=CC2C3)CCO1
C-2196,"2,3,4,5-tetrachlorodiphenyl  ether",Clc1cc(Oc2ccccc2)c(Cl)c(Cl)c1Cl
C-2199,(+)-pancratistatin,O=C1NC2C(O)C(O)C(O)C(O)C2c2cc3c(c(O)c21)OCO3
C-2200,"2,3,4,6-tetrachlorodiphenyl  ether",Clc1cc(Cl)c(Oc2ccccc2)c(Cl)c1Cl
C-2201,flumequine,CC1CCc2cc(F)cc3c(=O)c(C(=O)O)cn1c23
C-2202,"2,3,5,6-tetrachlorodiphenyl  ether",Clc1cc(Cl)c(Cl)c(Oc2ccccc2)c1Cl
C-2204,7-(butoxycarbonyl)theophylline,CCCCOC(=O)n1cnc2c1c(=O)n(C)c(=O)n2C
C-2205,7-(pentanoyloxymethyl)theophylline,CCCCC(=O)OCn1cnc2c1c(=O)n(C)c(=O)n2C
C-2206,"5-creatinylamido-2-sulfamoyl-1,3,4-thiadiazole",CN(CC(=O)Nc1nnc(S(N)(=O)=O)s1)C(=N)N
C-2208,chlorzoxazone-n-methyl hemisuccinate,O=C(O)CCC(=O)OCn1c(=O)oc2ccc(Cl)cc21
C-2211,cinchoninone,C=CC1CN2CCC1CC2C(=O)c1ccnc2ccccc12
C-2215,"8,9,10,11-tetrahydro-7-methyl-1,2-benzanthracene; 8,9,10,11-tetrahydro-7-methyl-benz[a]anthracene",Cc1c2c(cc3c1ccc1ccccc13)CCCC2
C-2217,7-(hexanoyloxymethyl)theophylline,CCCCCC(=O)OCn1cnc2c1c(=O)n(C)c(=O)n2C
C-2218,6-acetyloxymethylthio-9-acetyloxymethylpurine,CC(=O)OCSc1ncnc2c1ncn2COC(C)=O
C-2224,"2-sulfamoyl-4-methyl-5-mesylimido-1,3,4-thiadiazoline;  nr.29",Cn1nc(S(N)(=O)=O)sc1=NS(C)(=O)=O
C-2230,"2,2',3,3',5-pentachlorobiphenyl",Clc1cc(Cl)c(Cl)c(-c2cccc(Cl)c2Cl)c1
C-2235,"1,3-dipropyl-8-cyclopentylxanthine",CCCn1c(=O)c2[nH]c(C3CCCC3)nc2n(CCC)c1=O
C-2238,"sulfatroxazole;  4,5-dimethyl-3-sulfaisoxazole",Cc1onc(NS(=O)(=O)c2ccc(N)cc2)c1C
C-2239,proxicromil analog ii;  deshydroxyproxicromil,CCCc1c2c(cc3c(=O)cc(C(=O)O)oc13)CCCC2
C-2240,3-(hydroxymethyl)phenytoin,O=C1NC(c2ccccc2)(c2ccccc2)C(=O)N1CO
C-2241,7-(hexyloxycarbonyl)theophylline,CCCCCCOC(=O)n1cnc2c1c(=O)n(C)c(=O)n2C
C-2243,"3,3',4,4',5-pentachlorodiphenyl  ether",Clc1ccc(Oc2cc(Cl)c(Cl)c(Cl)c2)cc1Cl
C-2244,norethindrone benzoate,C#CC1(OC(=O)c2ccccc2)CCC2C3CCC4=CC(=O)CCC4C3CCC21C
C-2245,"2,3',4,4',5-pentachlorodiphenyl  ether",Clc1ccc(Oc2cc(Cl)c(Cl)cc2Cl)cc1Cl
C-2246,methylprednisolone-21-hemisuccinate,CC1CC2C(C(O)CC3(C)C2CCC3(O)C(=O)COC(=O)CCC(=O)O)C2(C)C=CC(=O)C=C12
C-2247,"2',3,4,4',5-pentachlorodiphenyl  ether",Clc1ccc(Oc2cc(Cl)c(Cl)c(Cl)c2)c(Cl)c1
C-2248,1-benzoylallopurinol,O=C(c1ccccc1)n1ncc2c(=O)[nH]cnc21
C-2249,"2,4'-ddt",Clc1ccc(C(c2ccccc2Cl)C(Cl)(Cl)Cl)cc1
C-2250,"2,3',4,5,5'-pentachlorodiphenyl  ether",Clc1cc(Cl)cc(Oc2cc(Cl)c(Cl)cc2Cl)c1
C-2251,"2,3,3',4',5-pentachlorodiphenyl  ether",Clc1cc(Cl)c(Cl)c(Oc2ccc(Cl)c(Cl)c2)c1
C-2252,"2,2',4,4',5-pentachlorodiphenyl  ether",Clc1ccc(Oc2cc(Cl)c(Cl)cc2Cl)c(Cl)c1
C-2253,"2,3,3',4,5'-pentachlorodiphenyl  ether",Clc1cc(Cl)cc(Oc2ccc(Cl)c(Cl)c2Cl)c1
C-2254,"2,3,4,4',5-pentachlorodiphenyl  ether",Clc1ccc(Oc2cc(Cl)c(Cl)c(Cl)c2Cl)cc1
C-2255,"2,3',4,4',6-pentachlorodiphenyl  ether",Clc1cc(Cl)c(Oc2ccc(Cl)c(Cl)c2)c(Cl)c1
C-2257,4-sulfapyrimidin-2-one,Nc1ccc(S(=O)(=O)Nc2cc[nH]c(=O)n2)cc1
C-2258,"2,2',3,4,4'-pentachlorodiphenyl  ether",Clc1ccc(Oc2ccc(Cl)c(Cl)c2Cl)c(Cl)c1
C-2259,"2,2',4,5,5'-pentachlorodiphenyl  ether",Clc1ccc(Cl)c(Oc2cc(Cl)c(Cl)cc2Cl)c1
C-2260,"2,2',3,4',5-pentachlorodiphenyl  ether",Clc1ccc(Oc2cc(Cl)cc(Cl)c2Cl)c(Cl)c1
C-2261,"2,3,3',4',6-pentachlorodiphenyl  ether",Clc1ccc(Oc2c(Cl)ccc(Cl)c2Cl)cc1Cl
C-2262,"2,3,4,4',6-pentachlorodiphenyl  ether",Clc1ccc(Oc2c(Cl)cc(Cl)c(Cl)c2Cl)cc1
C-2263,theophyllin-7-ylmethyl octanoate;  7-(octanoyloxymethyl)theophylline,CCCCCCCC(=O)OCn1cnc2c1c(=O)n(C)c(=O)n2C
C-2264,"2,2',4,4',6-pentachlorodiphenyl  ether",Clc1ccc(Oc2c(Cl)cc(Cl)cc2Cl)c(Cl)c1
C-2265,"2,2',3',4,5-pentachlorodiphenyl  ether",Clc1cc(Cl)c(Oc2cccc(Cl)c2Cl)cc1Cl
C-2266,"2,2',3,4,5'-pentachlorodiphenyl  ether",Clc1ccc(Cl)c(Oc2ccc(Cl)c(Cl)c2Cl)c1
C-2267,"amicarbalide;  n,n'-di(3-amidinophenyl)urea",N=C(N)c1cccc(NC(=O)Nc2cccc(C(=N)N)c2)c1
C-2268,"2,2',3,3',4-pentachlorodiphenyl  ether",Clc1cccc(Oc2ccc(Cl)c(Cl)c2Cl)c1Cl
C-2269,"2,3,4',5,6-pentachlorodiphenyl  ether",Clc1ccc(Oc2c(Cl)c(Cl)cc(Cl)c2Cl)cc1
C-2270,tetcyclacis,Clc1ccc(N2N=NC3C4CC(C5N=NC45)C32)cc1
C-2271,"2,2',3,4',6-pentachlorodiphenyl  ether",Clc1ccc(Oc2c(Cl)ccc(Cl)c2Cl)c(Cl)c1
C-2272,"2,2',4,5,6'-pentachlorodiphenyl  ether",Clc1cc(Cl)c(Oc2c(Cl)cccc2Cl)cc1Cl
C-2273,"2,2',3,4,6'-pentachlorodiphenyl  ether",Clc1ccc(Oc2c(Cl)cccc2Cl)c(Cl)c1Cl
C-2274,naproxen 2-(2-aminoacetoxy)ethyl ester,COc1ccc2cc(C(C)C(=O)OCCOC(=O)CN)ccc2c1
C-2275,"2-sulfamoyl-5-(n,n-dimethylsulfamoylamido)-1,3,4-thiadiazole",CN(C)S(=O)(=O)Nc1nnc(S(N)(=O)=O)s1
C-2276,"2,3,4,5,6-pentachlorodiphenyl  ether",Clc1c(Cl)c(Cl)c(Oc2ccccc2)c(Cl)c1Cl
C-2277,"s6,9-bis(propanoyloxymethyl)-6-mercaptopurine",CCC(=O)OCSc1ncnc2c1ncn2COC(=O)CC
C-2279,"diclofop;  (rs)-2-[4-(2,4-dichlorophenoxy)phenoxy]propanoic acid",CC(Oc1ccc(Oc2ccc(Cl)cc2Cl)cc1)C(=O)O
C-2282,carprofen;  6-chloro-alpha-methyl-9h-carbazole-2-acetic acid,CC(C(=O)O)c1ccc2c(c1)[nH]c1ccc(Cl)cc12
C-2285,naproxen 1-(2-aminoacetoxy)ethyl ester,COc1ccc2cc(C(C)C(=O)OC(C)OC(=O)CN)ccc2c1
C-2286,"danthron;  1,8-dihydroxyanthraquinone",O=C1c2cccc(O)c2C(=O)c2c(O)cccc21
C-2287,1-methyl-4-sulfapyrimidin-2-one,Cn1ccc(NS(=O)(=O)c2ccc(N)cc2)nc1=O
C-2290,acetic acid 4-(4-acetylaminobenzoylamino)phenyl ester,CC(=O)Nc1ccc(C(=O)Nc2ccc(OC(C)=O)cc2)cc1
C-2291,8-phenyltheophylline,Cn1c(=O)c2[nH]c(-c3ccccc3)nc2n(C)c1=O
C-2292,"1,3-dipropyl-8-dicyclopropylmethylxanthine",CCCn1c(=O)c2[nH]c(C(C3CC3)C3CC3)nc2n(CCC)c1=O
C-2293,proxicromil,CCCc1c2c(c(O)c3c(=O)cc(C(=O)O)oc13)CCCC2
C-2295,dexclamol,CC(C)C1(O)CCN2CC3c4ccccc4CCc4cccc(c43)C2C1
C-2297,norfloxacin,CCn1cc(C(=O)O)c(=O)c2cc(F)c(N3CCNCC3)cc21
C-2298,"s6,9-bis(butanoyloxymethyl)-6-mercaptopurine; 9-(butanoyloxymethyl)-6-(butanoyloxymethylthio)purine",CCCC(=O)OCSc1ncnc2c1ncn2COC(=O)CCC
C-2299,cephalexin,CC1=C(C(=O)O)N2C(=O)C(NC(=O)C(N)c3ccccc3)C2SC1
C-2300,n4-acetylsulfadiazine,CC(=O)Nc1ccc(S(=O)(=O)Nc2ncccn2)cc1
C-2302,"1,3-dipropyl-8-(3-oxocyclopentyl)xanthine",CCCn1c(=O)c2[nH]c(C3CCC(=O)C3)nc2n(CCC)c1=O
C-2303,"2,3,3',4,4',5'-hexachlorodiphenyl  ether",Clc1cc(Oc2ccc(Cl)c(Cl)c2Cl)cc(Cl)c1Cl
C-2304,imazaquine,CC(C)C1(C)N=C(c2nc3ccccc3cc2C(=O)O)NC1=O
C-2305,1-acetoxymethyl-3-benzoyl-5-fluorouracil,CC(=O)OCn1cc(F)c(=O)n(C(=O)c2ccccc2)c1=O
C-2307,"n1-(3,4-dichlorophenyl)sulfanilamide;  3,4-dichloro-1-sulfabenzene",Nc1ccc(S(=O)(=O)Nc2ccc(Cl)c(Cl)c2)cc1
C-2308,5-amino-2-methoxy-sulfabenzene,COc1ccc(N)cc1NS(=O)(=O)c1ccc(N)cc1
C-2309,enoxacin,CCn1cc(C(=O)O)c(=O)c2cc(F)c(N3CCNCC3)nc21
C-2310,"5-[(n,n-dimethylaminosulfonyl)imido]-4-methyl-2-aminosulfonyl-1,3,4-thiadiazoline",CN(C)S(=O)(=O)N=c1sc(S(N)(=O)=O)nn1C
C-2311,"2,2',3,4',5,5'-hexachlorodiphenyl  ether",Clc1cc(Cl)c(Cl)c(Oc2cc(Cl)c(Cl)cc2Cl)c1
C-2313,"2,2',3,3',4,5'-hexachlorodiphenyl  ether",Clc1cc(Cl)c(Cl)c(Oc2ccc(Cl)c(Cl)c2Cl)c1
C-2315,"2,3,3',4',5,6-hexachlorodiphenyl  ether",Clc1ccc(Oc2c(Cl)c(Cl)cc(Cl)c2Cl)cc1Cl
C-2316,"2,2',3,4,4',6-hexachlorodiphenyl  ether",Clc1ccc(Oc2c(Cl)cc(Cl)c(Cl)c2Cl)c(Cl)c1
C-2317,n-(5-ethoxycarbonylpyridin-2-yl)benzenesulfonamide,CCOC(=O)c1ccc(NS(=O)(=O)c2ccccc2)nc1
C-2318,n-benzoyl-o-acetyl-l-tyrosinamide,CC(=O)Oc1ccc(CC(NC(=O)c2ccccc2)C(N)=O)cc1
C-2319,"2,2',3,4',5',6-hexachlorodiphenyl  ether",Clc1cc(Cl)c(Oc2c(Cl)ccc(Cl)c2Cl)cc1Cl
C-2321,"3-[2-(n-methylguanidino)-acetylamino]-n-(5-sulfamoyl-[1,3,4]thiadiazol-2-yl)propionamide",CN(CC(=O)NCCC(=O)Nc1nnc(S(N)(=O)=O)s1)C(=N)N
C-2322,8-styryltheophylline,Cn1c(=O)c2[nH]c(/C=C/c3ccccc3)nc2n(C)c1=O
C-2323,"2,2',3,4',5,6-hexachlorodiphenyl  ether",Clc1ccc(Oc2c(Cl)c(Cl)cc(Cl)c2Cl)c(Cl)c1
C-2324,"2,2',3,3',4,6'-hexachlorodiphenyl  ether",Clc1ccc(Oc2c(Cl)ccc(Cl)c2Cl)c(Cl)c1Cl
C-2325,iopanoic acid,CCC(Cc1c(I)cc(I)c(N)c1I)C(=O)O
C-2326,methazolamide analog a14,Cn1nc(S(N)(=O)=O)sc1=NS(=O)(=O)C(F)(F)F
C-2329,8-phenylcaffeine,Cn1c(=O)c2c(nc(-c3ccccc3)n2C)n(C)c1=O
C-2332,n1-(1-allyl-2-oxopyrimidin-4-yl)sulfanilamide;  1-allyl-4-sulfapyrimidin-2-one,C=CCn1ccc(NS(=O)(=O)c2ccc(N)cc2)nc1=O
C-2334,2-(n4-acetyl)sulfathiazole,CC(=O)Nc1ccc(S(=O)(=O)Nc2nccs2)cc1
C-2335,n1-(1-isopropyl-2-oxopyrimidin-4-yl)sulfanilamide;  1-isopropyl-4-sulfapyrimidin-2-one,CC(C)n1ccc(NS(=O)(=O)c2ccc(N)cc2)nc1=O
C-2341,"s6,9-bis(pentanoyloxymethyl)-6-mercaptopurine; 9-(pentanoyloxymethyl)-6-(pentanoyloxymethylthio)purine",CCCCC(=O)OCSc1ncnc2c1ncn2COC(=O)CCCC
C-2344,amoxicillin,CC1(C)SC2C(NC(=O)C(N)c3ccc(O)cc3)C(=O)N2C1C(=O)O
C-2345,"1,3-dipropyl-8-(3-noradamantyl)xanthine",CCCn1c(=O)c2[nH]c(C34CC5CC(CC3C5)C4)nc2n(CCC)c1=O
C-2346,"4-(4-bromo-2-fluorophenylamino)-5-fluoro-1-methyl-6-oxo-1,6-dihydropyridine-3-carboxamide",Cn1cc(C(N)=O)c(Nc2ccc(Br)cc2F)c(F)c1=O
C-2347,"naproxen,  derivat 3b",COc1ccc2cc(C(C)C(=O)OCCOC(=O)C(N)CC(C)C)ccc2c1
C-2348,n1-(1-butyl-2-oxopyrimidin-4-yl)sulfanilamide;  1-butyl-4-sulfapyrimidin-2-one,CCCCn1ccc(NS(=O)(=O)c2ccc(N)cc2)nc1=O
C-2349,"naproxen,  derivat 3c",CCC(C)C(N)C(=O)OCCOC(=O)C(C)c1ccc2cc(OC)ccc2c1
C-2350,"1-(2,6-difluorophenyl)-1h,3h-thiazolo[3,4-a]benzimidazole;  nsc 625487",Fc1cccc(F)c1C1SCc2nc3ccccc3n21
C-2351,"theophyllin-7-ylmethyl 3-(n,n-diethylcarbamoyl)propionate; n,n-diethylsuccinamic acid theophyllin-7-ylmethyl ester",CCN(CC)C(=O)CCC(=O)OCn1cnc2c1c(=O)n(C)c(=O)n2C
C-2354,n1-(1-isobutyl-2-oxopyrimidin-4-yl)sulfanilamide;  1-isobutyl-4-sulfapyrimidin-2-one,CC(C)Cn1ccc(NS(=O)(=O)c2ccc(N)cc2)nc1=O
C-2355,3-benzoyl-1-butanoyloxymethyl-5-fluorouracil,CCCC(=O)OCn1cc(F)c(=O)n(C(=O)c2ccccc2)c1=O
C-2356,amifloxacin,CNn1cc(C(=O)O)c(=O)c2cc(F)c(N3CCN(C)CC3)cc21
C-2358,"6-(2,2-dimethylpropanoyloxy)-2-sulfamoylbenzothiazole",CC(C)(C)C(=O)Oc1ccc2nc(S(N)(=O)=O)sc2c1
C-2359,n1-(1-sec-butyl-2-oxopyrimidin-4-yl)sulfanilamide;  1-sec-butyl-4-sulfapyrimidin-2-one,CCC(C)n1ccc(NS(=O)(=O)c2ccc(N)cc2)nc1=O
C-2361,"naproxen,  ester 3a",COc1ccc2cc(C(C)C(=O)OCCOC(=O)CN3CCOCC3)ccc2c1
C-2362,"2,3,3',4,4',5,6-heptachlorobiphenyl",Clc1ccc(-c2c(Cl)c(Cl)c(Cl)c(Cl)c2Cl)cc1Cl
C-2363,"2,3,3',4',5,5',6-heptachlorobiphenyl",Clc1cc(-c2c(Cl)c(Cl)cc(Cl)c2Cl)cc(Cl)c1Cl
C-2364,mitomycin c n-propoxycarbonyl derivative,CCCOC(=O)N1C2CN3C4=C(C(=O)C(N)=C(C)C4=O)C(COC(N)=O)C3(OC)C21
C-2368,8-styrylcaffeine,Cn1c(=O)c2c(nc(/C=C/c3ccccc3)n2C)n(C)c1=O
C-2373,naproxen-derivat 3f,CCC(C)C(N)C(=O)OCCCCOC(=O)C(C)c1ccc2cc(OC)ccc2c1
C-2381,"2,3,3',4,4',5,5'-heptachlorodiphenyl  ether",Clc1cc(Oc2cc(Cl)c(Cl)c(Cl)c2Cl)cc(Cl)c1Cl
C-2383,"3,4'-ace-1,2-benzanthracene",c1ccc2cc3c(cc4c5c(cccc53)CC4)cc2c1
C-2384,sulfaproxyline,CC(C)Oc1ccc(C(=O)NS(=O)(=O)c2ccc(N)cc2)cc1
C-2385,2-carboxy-7-methylthioxanthone; 7-methylthioxanthone-2-carboxylic; 7-methylsulfanyl-9-oxo-9h-xanthene-2-carboxylic acid acid,CSc1ccc2oc3ccc(C(=O)O)cc3c(=O)c2c1
C-2387,lomefloxacin,CCn1cc(C(=O)O)c(=O)c2cc(F)c(N3CCNC(C)C3)c(F)c21
C-2388,enrofloxacin,CCN1CCN(c2cc3c(cc2F)c(=O)c(C(=O)O)cn3C2CC2)CC1
C-2389,"oxaprozin;  4,5-diphenyl-2-oxazolepropanoic acid",O=C(O)CCc1nc(-c2ccccc2)c(-c2ccccc2)o1
C-2392,"acetrizoic  acid;  3-acetylamino-2,4,6-triiodobenzoic  acid",CC(=O)Nc1c(I)cc(I)c(C(=O)O)c1I
C-2394,"2,2',3,4,4',5,6-heptachlorodiphenyl  ether",Clc1ccc(Oc2c(Cl)c(Cl)c(Cl)c(Cl)c2Cl)c(Cl)c1
C-2395,bromerguride,CCN(CC)C(=O)NC1C=C2c3cccc4[nH]c(Br)c(c34)CC2N(C)C1
C-2396,"3,3-diphenylphthalide",O=C1OC(c2ccccc2)(c2ccccc2)c2ccccc21
C-2398,"3',4',5,7-tetrahydroxyflavone; luteolin",O=c1cc(-c2ccc(O)c(O)c2)oc2cc(O)cc(O)c12
C-2400,"10-butyl-1,2-benzanthracene",CCCCc1ccc2cc3ccc4ccccc4c3cc2c1
C-2401,cefroxadine,COC1=C(C(=O)O)N2C(=O)C(NC(=O)C(N)C3=CCC=CC3)C2SC1
C-2403,"1-(methylaminoacetylamino)-3-chloro-4,6-disulfamoylbenzene; n-(5-chloro-2,4-disulfamoylphenyl)-2-(methylamino)acetamide",CNCC(=O)Nc1cc(Cl)c(S(N)(=O)=O)cc1S(N)(=O)=O
C-2404,"9-chloro-7-methyl-1,2-benzanthracene;  9-chloro-7-methylbenz[a]anthracene",Cc1c2cc(Cl)ccc2cc2c1ccc1ccccc12
C-2406,fleroxacin,CN1CCN(c2c(F)cc3c(=O)c(C(=O)O)cn(CCF)c3c2F)CC1
C-2407,s-(-)-nadifloxacin;  jinofloxacin,CC1CCc2c(N3CCC(O)CC3)c(F)cc3c(=O)c(C(=O)O)cn1c23
C-2408,n4-acetyl-n1-(1-ethyl-2-oxopyrimidin-4-yl)sulfanilamide; 4-(n4-acetylsulfanilamido)-1-ethyl-1h-pyrimidin-2-one; n4-acetylsulfacytine,CCn1ccc(NS(=O)(=O)c2ccc(NC(C)=O)cc2)nc1=O
C-2409,"n4-acetylsulfaethidole; 2-(n4-acetylsulfa)-5-ethyl-1,3,4-thiadiazole",CCc1nnc(NS(=O)(=O)c2ccc(NC(C)=O)cc2)s1
C-2411,"4-(4-bromo-2-fluorophenylamino)-1,5-dimethyl-6-oxo-1,6-dihydropyridine-3-carboxylic acid methoxyamide",CONC(=O)c1cn(C)c(=O)c(C)c1Nc1ccc(Br)cc1F
C-2413,coroxon,CCOP(=O)(OCC)Oc1ccc2c(C)c(Cl)c(=O)oc2c1
C-2422,"acyclovir ester iii,  o-[(4-dimethylaminomethyl)benzoyl]acyclovir",CN(C)Cc1ccc(C(=O)OCCOCn2cnc3c(=O)[nH]c(N)nc32)cc1
C-2423,n3-[(3-hydroxy-2-hydroxymethyl)propanoyloxymethyl]phenytoin,O=C(OCN1C(=O)NC(c2ccccc2)(c2ccccc2)C1=O)C(CO)CO
C-2425,"ketoprofen,  ester 4c; n-methyl-n-[2-(2'-(3''-benzoyl-phenyl)propanoyloxy)acetyl]glycineamide",CC(C(=O)OCC(=O)N(C)CC(N)=O)c1cccc(C(=O)c2ccccc2)c1
C-2426,7-pentyl-benz[a]anthracene,CCCCCc1c2ccccc2cc2c1ccc1ccccc12
C-2427,"2,2',3,3',4,4',5,5'-octachlorodiphenyl  ether",Clc1cc(Oc2cc(Cl)c(Cl)c(Cl)c2Cl)c(Cl)c(Cl)c1Cl
C-2428,"4-(4-bromo-2-fluorophenylamino)-n-ethoxy-1,5-dimethyl-6-oxo-1,6-dihydropyridine-3-carboxamide",CCONC(=O)c1cn(C)c(=O)c(C)c1Nc1ccc(Br)cc1F
C-2432,2-carboxy-7-methylsulfinylxanthone; 7-methylsulfinylxanthone-2-carboxylic acid; 7-methylsulfinyl-9-oxo-9h-xanthene-2-carboxylic acid,CS(=O)c1ccc2oc3ccc(C(=O)O)cc3c(=O)c2c1
C-2434,rs-82917;  7-(4-methylthiobenzoyl)benzofuran-5-yl-acetic acid,CSc1ccc(C(=O)c2cc(CC(=O)O)cc3ccoc23)cc1
C-2435,chlorsulfuron,COc1nc(C)nc(NC(=O)NS(=O)(=O)c2ccccc2Cl)n1
C-2436,"2-sulfamoyl-5-phenylsulfonamido-1,3,4-thiadiazole",NS(=O)(=O)c1nnc(NS(=O)(=O)c2ccccc2)s1
C-2438,"4-(4-bromo-2-fluorophenylamino)-5-fluoro-1-methyl-6-oxo-1,6-dihydropyridine-3-carboxylic acid ethoxyamide",CCONC(=O)c1cn(C)c(=O)c(F)c1Nc1ccc(Br)cc1F
C-2439,"1,2,3,6,7,8-hexachlorodibenzofuran",Clc1cc2c(oc3cc(Cl)c(Cl)c(Cl)c32)c(Cl)c1Cl
C-2442,"quercetin dihydrate; 3,5,7,3',4'-pentahydroxyflavone*2h2o; meletin; sophoretin",O=c1c(O)c(-c2ccc(O)c(O)c2)oc2cc(O)cc(O)c12
C-2444,miconazole,Clc1ccc(COC(Cn2ccnc2)c2ccc(Cl)cc2Cl)c(Cl)c1
C-2445,tmppt; tetramethylpyrimidopteridinetetrone,Cn1c(=O)c2nc3c(=O)n(C)c(=O)n(C)c3nc2n(C)c1=O
C-2447,"2-sulfamoyl-5-benzylsulfonylamido-1,3,4-thiadiazole; 5-benzylsulfonylamino-1,3,4-thiadiazole-2-sulfonamide",NS(=O)(=O)c1nnc(NS(=O)(=O)Cc2ccccc2)s1
C-2449,coumachlor  (hemiketal isomer),CC1(O)CC(c2ccc(Cl)cc2)c2c(c3ccccc3oc2=O)O1
C-2450,valdecoxib,Cc1onc(-c2ccccc2)c1-c1ccc(S(N)(=O)=O)cc1
C-2451,"4-(4-bromo-2-fluorophenylamino)-n-(2-hydroxyethoxy)-1,5-dimethyl-6-oxo-1,6-dihydropyridine-3-carboxamide",Cc1c(Nc2ccc(Br)cc2F)c(C(=O)NOCCO)cn(C)c1=O
C-2452,2-sulfamoyl-6-(aminoacetamidoacetoxyethoxy)benzothiazole,NCC(=O)NCC(=O)OCCOc1ccc2nc(S(N)(=O)=O)sc2c1
C-2453,"2-sulfamoyl-5-(4'-tolyl)sulfonamido-1,3,4-thiadiazole; 5-(4-methylbenzenesulfonylamino)-1,3,4-thiadiazole-2-sulfonamide",Cc1ccc(S(=O)(=O)Nc2nnc(S(N)(=O)=O)s2)cc1
C-2454,bumetanide,CCCCNc1cc(C(=O)O)cc(S(N)(=O)=O)c1Oc1ccccc1
C-2458,"5-(4-aminobenzenesulfonamido)-1,3,4-thiadiazole-2-sulfonamide",Nc1ccc(S(=O)(=O)Nc2nnc(S(N)(=O)=O)s2)cc1
C-2460,tamoxifen,CC/C(=C(\c1ccccc1)c1ccc(OCCN(C)C)cc1)c1ccccc1
C-2462,"5-(3-aminobenzenesulfonamido)-1,3,4-thiadiazole-2-sulfonamide",Nc1cccc(S(=O)(=O)Nc2nnc(S(N)(=O)=O)s2)c1
C-2463,midazolam,Cc1ncc2n1-c1ccc(Cl)cc1C(c1ccccc1F)=NC2
C-2468,"2-Amino-2-(4-aminophenyl)-N-[(2R,5S,6S)-3,3-dimethyl-7-oxo-2-(2H-tetrazol-5-yl)-4-thia-1-azabicyclo[3.2.0]hept-6-yl]acetamide",CC1(C)SC2C(NC(=O)C(N)c3ccc(N)cc3)C(=O)N2C1c1nnn[nH]1
C-2469,"2-sulfamoyl-5-pentafluorobenzoylamido-1,3,4-thiadiazole",NS(=O)(=O)c1nnc(NC(=O)c2c(F)c(F)c(F)c(F)c2F)s1
C-2471,acyclovir ester vi;  acyclovir 3-(dipropylaminomethyl)benzoate,CCCN(CCC)Cc1cccc(C(=O)OCCOCn2cnc3c(=O)[nH]c(N)nc32)c1
C-2472,"2-sulfamoyl-5-(4-chlorobenzenesulfonamido)-1,3,4-thiadiazole",NS(=O)(=O)c1nnc(NS(=O)(=O)c2ccc(Cl)cc2)s1
C-2473,n1-(4-sulfamoylbenzyl)-n3-[(1-carboxy-2-hydroxy-2-phenyl)ethyl]thiourea; 2-(4-sulfamoylbenzyl)thioureido-3-hydroxy-3-phenylpropanoic acid,NS(=O)(=O)c1ccc(CNC(=S)NC(C(=O)O)C(O)c2ccccc2)cc1
C-2475,"2-sulfamoyl-4-methyl-5-benzylsulfonylimido-1,3,4-thiadiazoline; 5-benzylsulfonylimido-4-methyl-delta2-1,3,4-thiadiazoline-2-sulfonamide",Cn1nc(S(N)(=O)=O)sc1=NS(=O)(=O)Cc1ccccc1
C-2476,"2-sulfamoyl-5-(4'-anisyl)sulfonylamido-1,3,4-thiadiazole; 5-(4-methoxybenzenesulfonylamino)-1,3,4-thiadiazole-2-sulfonamide",COc1ccc(S(=O)(=O)Nc2nnc(S(N)(=O)=O)s2)cc1
C-2478,prazosin,COc1cc2nc(N3CCN(C(=O)c4ccco4)CC3)nc(N)c2cc1OC
C-2480,"2-sulfamoyl-4-methyl-5-(4-tolylsulfonylimido)-1,3,4-thiadiazoline; 5-(4-methylbenzenesulfonylimido)-4-methyl-delta2-1,3,4-thiadiazoline-2-sulfonamide",Cc1ccc(S(=O)(=O)N=c2sc(S(N)(=O)=O)nn2C)cc1
C-2482,naproxen-derivat 3 d,COc1ccc2cc(C(C)C(=O)OCCOC(=O)C(N)Cc3ccccc3)ccc2c1
C-2484,alpha-cyclodextrin;  alfadex,OCC1OC2OC3C(CO)OC(OC4C(CO)OC(OC5C(CO)OC(OC6C(CO)OC(OC7C(CO)OC(OC1C(O)C2O)C(O)C7O)C(O)C6O)C(O)C5O)C(O)C4O)C(O)C3O
C-2485,n1-(1-benzyl-2-oxopyrimidin-4-yl)sulfanilamide;  1-benzyl-4-sulfapyrimidin-2-one,Nc1ccc(S(=O)(=O)Nc2ccn(Cc3ccccc3)c(=O)n2)cc1
C-2486,"5-(4-fluorobenzenesulfonylimido)-4-methyl-2-sulfonamido-delta2-1,3,4-thiadiazoline",Cn1nc(S(N)(=O)=O)sc1=NS(=O)(=O)c1ccc(F)cc1
C-2488,n-[(2-methylamino)acetyl]dorzolamide,CCN(C(=O)CNC)C1CC(C)S(=O)(=O)c2sc(S(N)(=O)=O)cc21
C-2489,"5-(4-aminobenzenesulfonylimido)-4-methyl-delta2-1,3,4-thiadiazoline-2-sulfonamide",Cn1nc(S(N)(=O)=O)sc1=NS(=O)(=O)c1ccc(N)cc1
C-2490,norethindrone  biphenyl-4-carboxylate,C#CC1(OC(=O)c2ccc(-c3ccccc3)cc2)CCC2C3CCC4=CC(=O)CCC4C3CCC21C
C-2491,"5-(3-aminobenzenesulfonylimido)-4-methyl-delta2-1,3,4-thiadiazoline-2-sulfonamide",Cn1nc(S(N)(=O)=O)sc1=NS(=O)(=O)c1cccc(N)c1
C-2492,"5-(2,4,6-trimethylbenzenesulfonamido)-1,3,4-thiadiazole-2-sulfonamide",Cc1cc(C)c(S(=O)(=O)Nc2nnc(S(N)(=O)=O)s2)c(C)c1
C-2494,aztreonam,CC1C(NC(=O)/C(=N\OC(C)(C)C(=O)O)c2csc(N)n2)C(=O)N1S(=O)(=O)O
C-2495,naproxen-derivat 3 i,COc1ccc2cc(C(C)C(=O)OC(C)OC(=O)C(N)Cc3ccccc3)ccc2c1
C-2496,"2-sulfamoyl-5-(4-bromobenzenesulfonamido)-1,3,4-thiadiazole",NS(=O)(=O)c1nnc(NS(=O)(=O)c2ccc(Br)cc2)s1
C-2497,"5-(4-chlorobenzenesulfonylimido)-4-methyl-2-sulfonamido-delta2-1,3,4-thiadiazoline",Cn1nc(S(N)(=O)=O)sc1=NS(=O)(=O)c1ccc(Cl)cc1
C-2498,2-chloro-4-[(4-'acetylpiperazin-1'-yl)acryloyl]phenyl   benzodioxan-6''-yl  sulfide,CC(=O)N1CCN(C(=O)/C=C/c2ccc(Sc3ccc4c(c3)OCCO4)c(Cl)c2)CC1
C-2500,"4-(6,7-dimethoxyquinazolin-4-yl)piperazine-1-carbothioic acid (furan-2-ylmethyl)amide",COc1cc2ncnc(N3CCN(C(=S)NCc4ccco4)CC3)c2cc1OC
C-2501,"4-(6,7-dimethoxyquinazolin-4-yl)piperazine-1-carboxylic acid thiophen-3-ylamide",COc1cc2ncnc(N3CCN(C(=O)Nc4ccsc4)CC3)c2cc1OC
C-2502,n4-[2-(nicotinoylamino)pyrimidin-4-yl]sulfanilamide;  2-(nicotinoylamino)-4-(4-sulfamoylphenylamino)pyrimidine,NS(=O)(=O)c1ccc(Nc2ccnc(NC(=O)c3cccnc3)n2)cc1
C-2503,"amidotrizoic  acid;  diatrizoic acid;  3,5-diacetamido-2,4,6-triiodobenzoic acid",CC(=O)Nc1c(I)c(NC(C)=O)c(I)c(C(=O)O)c1I
C-2504,norethindrone  4-phenoxybenzoate,C#CC1(OC(=O)c2ccc(Oc3ccccc3)cc2)CCC2C3CCC4=CC(=O)CCC4C3CCC21C
C-2505,"2-sulfamoyl-4-methyl-5-(4-anisylsulfonylimido)-1,3,4-thiadiazoline; 5-(4-methoxybenzenesulfonylimido)-4-methyl-delta2-1,3,4-thiadiazoline-2-sulfonamide",COc1ccc(S(=O)(=O)N=c2sc(S(N)(=O)=O)nn2C)cc1
C-2507,"2,3-dichloro-4,6-disulfamoyl-1-glycylglycylamidobenzene",NCC(=O)NCC(=O)Nc1c(S(N)(=O)=O)cc(S(N)(=O)=O)c(Cl)c1Cl
C-2508,minocycline,CN(C)c1ccc(O)c2c1CC1CC3C(N(C)C)C(O)=C(C(N)=O)C(=O)C3(O)C(O)=C1C2=O
C-2512,"5-(2-carboxybenzenesulfonamido)-1,3,4-thiadiazole-2-sulfonamide",NS(=O)(=O)c1nnc(NS(=O)(=O)c2ccccc2C(=O)O)s1
C-2513,"5-(4-acetylaminobenzenesulfonamido)-1,3,4-thiadiazole-2-sulfonamide",CC(=O)Nc1ccc(S(=O)(=O)Nc2nnc(S(N)(=O)=O)s2)cc1
C-2515,2-chloro-4-[(4'-acetylpiperazin-1'-yl)carbonyl)ethenyl]phenyl  indol-5''-yl  sulfide,CC(=O)N1CCN(C(=O)/C=C/c2ccc(Sc3ccc4[nH]ccc4c3)c(Cl)c2)CC1
C-2516,"2-sulfamoyl-5-(2,4,6-trimethylbenzenesulfonylimido)-4-methyl-1,3,4-thiadiazoline",Cc1cc(C)c(S(=O)(=O)N=c2sc(S(N)(=O)=O)nn2C)c(C)c1
C-2517,nicosulfuron,COc1cc(OC)nc(NC(=O)NS(=O)(=O)c2ncccc2C(=O)N(C)C)n1
C-2520,"2-sulfamoyl-5-(4-iodobenzenesulfonamido)-1,3,4-thiadiazole",NS(=O)(=O)c1nnc(NS(=O)(=O)c2ccc(I)cc2)s1
C-2522,"5-(4-bromobenzenesulfonylimido)-4-methyl-2-sulfonamido-delta2-1,3,4-thiadiazoline",Cn1nc(S(N)(=O)=O)sc1=NS(=O)(=O)c1ccc(Br)cc1
C-2523,"dpx-m6316;  methyl  3-(4',6'-dimethoxy-1',3',5'-triazin-2'-yl)ureidosulfonylthiophene-2-carboxylate",COC(=O)c1sccc1S(=O)(=O)NC(=O)Nc1nc(OC)nc(OC)n1
C-2525,flavopiridol,CN1CCC(c2c(O)cc(O)c3c(=O)cc(-c4ccccc4Cl)oc23)C(O)C1
C-2526,flutrimazole,Fc1ccc(C(c2ccccc2)(c2ccccc2F)n2ccnc2)cc1
C-2527,tenoxicam,CN1C(C(=O)Nc2ccccn2)=C(O)c2sccc2S1(=O)=O
C-2528,"n1-(2-sulfamoyl-1,3,4-thiadiazol-5-yl)-n4-(glycyl)sulfanilamide",NCC(=O)Nc1ccc(S(=O)(=O)Nc2nnc(S(N)(=O)=O)s2)cc1
C-2531,difloxacin,CN1CCN(c2cc3c(cc2F)c(=O)c(C(=O)O)cn3-c2ccc(F)cc2)CC1
C-2532,brinzolamide,CCNC1CN(CCCOC)S(=O)(=O)c2sc(S(N)(=O)=O)cc21
C-2534,"2-sulfamoyl-4-methyl-5-(4-acetamidobenzenesulfonylimido)-1,3,4-thiadiazoline; 5-(4-acetylaminobenzenesulfonylimido)-4-methyl-delta2-1,3,4-thiadiazoline-2-sulfonamide",CC(=O)Nc1ccc(S(=O)(=O)N=c2sc(S(N)(=O)=O)nn2C)cc1
C-2535,"5-(2-carboxybenzenesulfonylimido)-4-methyl-delta2-1,3,4-thiadiazoline-2-sulfonamide",Cn1nc(S(N)(=O)=O)sc1=NS(=O)(=O)c1ccccc1C(=O)O
C-2541,fluorescein (red),O=C(O)c1ccccc1-c1c2ccc(=O)cc-2oc2cc(O)ccc12
C-2542,avitriptan;  bms-180048,COc1cncnc1N1CCN(CCc2c[nH]c3ccc(CS(=O)(=O)N(C)C)cc23)CC1
C-2543,"5-(4-iodobenzenesulfonylimido)-4-methyl-2-sulfonamido-delta2-1,3,4-thiadiazoline",Cn1nc(S(N)(=O)=O)sc1=NS(=O)(=O)c1ccc(I)cc1
C-2544,cefazolin,Cc1nnc(SCC2=C(C(=O)O)N3C(=O)C(NC(=O)Cn4cnnn4)C3SC2)s1
C-2545,phenyl-kni-727,CC(C)(C)NC(=O)C1N(C(=O)C(O)C(Cc2ccccc2)NC(=O)c2ccccc2)CSC1(C)C
C-2546,"acetazolamide  analog c 13; 5-pentafluorobenzenesulfonylamino-1,3,4-thiadiazole-2-sulfonamide",NS(=O)(=O)c1nnc(NS(=O)(=O)c2c(F)c(F)c(F)c(F)c2F)s1
C-2547,cefamandole,Cn1nnnc1SCC1=C(C(=O)O)N2C(=O)C(NC(=O)C(O)c3ccccc3)C2SC1
C-2548,brequinar,Cc1c(-c2ccc(-c3ccccc3F)cc2)nc2ccc(F)cc2c1C(=O)O
C-2549,flubenzimine,FC(F)(F)N=C1SC(=Nc2ccccc2)N(c2ccccc2)C1=NC(F)(F)F
C-2550,benzyl-kni-727,CC(C)(C)NC(=O)C1N(C(=O)C(O)C(Cc2ccccc2)NC(=O)Cc2ccccc2)CSC1(C)C
C-2551,temafloxacin,CC1CN(c2cc3c(cc2F)c(=O)c(C(=O)O)cn3-c2ccc(F)cc2F)CCN1
C-2552,4-tolyl-kni-727,Cc1ccc(C(=O)NC(Cc2ccccc2)C(O)C(=O)N2CSC(C)(C)C2C(=O)NC(C)(C)C)cc1
C-2553,folic  acid,Nc1nc(=O)c2nc(CNc3ccc(C(=O)NC(CCC(=O)O)C(=O)O)cc3)cnc2[nH]1
C-2556,n4-[(2-phenylsulfonylamino)pyrimidin-4-yl]sulfanilamide; 2-(phenylsulfonylamino)-4-(4-sulfamoylphenylamino)pyrimidine,NS(=O)(=O)c1ccc(Nc2ccnc(NS(=O)(=O)c3ccccc3)n2)cc1
C-2557,beta-cyclodextrin;  betadex,OCC1OC2OC3C(CO)OC(OC4C(CO)OC(OC5C(CO)OC(OC6C(CO)OC(OC7C(CO)OC(OC8C(CO)OC(OC1C(O)C2O)C(O)C8O)C(O)C7O)C(O)C6O)C(O)C5O)C(O)C4O)C(O)C3O
C-2558,"2,6-demethyl-kni-727",CC(C)(C)NC(=O)C1N(C(=O)C(O)C(Cc2ccccc2)NC(=O)COc2ccccc2)CSC1(C)C
C-2559,n4-[2-(benzylsulfonamido)pyrimidin-4-yl)sulfanilamide; 4-[2-(benzylsulfonylamino)pyrimidin-4-ylamino]benzenesulfonamide,NS(=O)(=O)c1ccc(Nc2ccnc(NS(=O)(=O)Cc3ccccc3)n2)cc1
C-2560,4-chlorophenyl-kni-727,CC(C)(C)NC(=O)C1N(C(=O)C(O)C(Cc2ccccc2)NC(=O)c2ccc(Cl)cc2)CSC1(C)C
C-2562,4-methoxyphenylkni-727,COc1ccc(C(=O)NC(Cc2ccccc2)C(O)C(=O)N2CSC(C)(C)C2C(=O)NC(C)(C)C)cc1
C-2563,"2-(n4-glycylglycylsulfanilamido)-1,3,4-thiadiazole-5-sulfonamide",NCC(=O)NCC(=O)Nc1ccc(S(=O)(=O)Nc2nnc(S(N)(=O)=O)s2)cc1
C-2564,triflusulfuron-methyl,COC(=O)c1cccc(C)c1S(=O)(=O)NC(=O)Nc1nc(OCC(F)(F)F)nc(N(C)C)n1
C-2565,kni-727,Cc1cccc(C)c1OCC(=O)NC(Cc1ccccc1)C(O)C(=O)N1CSC(C)(C)C1C(=O)NC(C)(C)C
C-2568,2-sulfanilamido-4-(diphenyl-4-yl)thiazole,Nc1ccc(S(=O)(=O)Nc2nc(-c3ccc(-c4ccccc4)cc3)cs2)cc1
C-2569,2-(4-bromophenylsulfonylamino)-4-(4-sulfamoylphenylamino)pyrimidine; n4-[2-(4-bromophenylsulfonylamino)pyrimidin-4-yl]sulfanilamide,NS(=O)(=O)c1ccc(Nc2ccnc(NS(=O)(=O)c3ccc(Br)cc3)n2)cc1
C-2570,4-[2-(4-tosylureido)pyrimidin-4-yl-amino]benzenesulfonamide,Cc1ccc(S(=O)(=O)NC(=O)Nc2nccc(Nc3ccc(S(N)(=O)=O)cc3)n2)cc1
C-2571,chlorfluazuron;  atabron,O=C(NC(=O)c1c(F)cccc1F)Nc1cc(Cl)c(Oc2ncc(C(F)(F)F)cc2Cl)c(Cl)c1
C-2572,n-phosphorylated cimicoxib;  n-[4-(4-chloro-5-(3-fluoro-4-methoxyphenyl)imidazol-1-yl)phenylsulfonyl]phosphoramidic acid,COc1ccc(-c2c(Cl)ncn2-c2ccc(S(=O)(=O)NP(=O)(O)O)cc2)cc1F
C-2573,4-[2-(3-trifluoromethylphenylsulfonylamino)pyrimidin-4-ylamino]benzenesulfonamide,NS(=O)(=O)c1ccc(Nc2ccnc(NS(=O)(=O)c3cccc(C(F)(F)F)c3)n2)cc1
C-2574,4-[2-(4-chlorphenylsulfonylureido)pyrimidin-4-ylamino]benzenesulfonamide,NS(=O)(=O)c1ccc(Nc2ccnc(NC(=O)NS(=O)(=O)c3ccc(Cl)cc3)n2)cc1
C-2575,gamma-cyclodextrin,OCC1OC2OC3C(CO)OC(OC4C(CO)OC(OC5C(CO)OC(OC6C(CO)OC(OC7C(CO)OC(OC8C(CO)OC(OC9C(CO)OC(OC1C(O)C2O)C(O)C9O)C(O)C8O)C(O)C7O)C(O)C6O)C(O)C5O)C(O)C4O)C(O)C3O
C-2576,lasinavir,COCCNC(=O)C(NC(=O)C(Cc1cc(OC)c(OC)c(OC)c1)CC(O)C(Cc1ccccc1)NC(=O)OC(C)(C)C)C(C)C
C-2578,2-pentafluorophenylsulfonylamino-4-(4-sulfamoylphenylamino)pyrimidine;  n4-[2-(pentafluorophenylsulfonylamino)pyrimidin-4-yl]sulfanilamide,NS(=O)(=O)c1ccc(Nc2ccnc(NS(=O)(=O)c3c(F)c(F)c(F)c(F)c3F)n2)cc1
C-2579,sb 209670,CCCOc1ccc2c(c1)C(c1ccc(OC)cc1OCC(=O)O)C(C(=O)O)C2c1ccc2c(c1)OCO2
C-2580,dihydroergocristine,CC(C)C1(NC(=O)C2CC3c4cccc5[nH]cc(c45)CC3N(C)C2)OC2(O)C3CCCN3C(=O)C(Cc3ccccc3)N2C1=O
C-2583,cosalane;  nsc 658586,CC(C)CCCC(C)C1CCC2C3CCC4CC(C)(CCC=C(c5cc(Cl)c(O)c(C(=O)O)c5)c5cc(Cl)c(O)c(C(=O)O)c5)CCC4(C)C3CCC12C
C-2584,boc-phe-is-sta-leu-nh(ch2)3n(ch2ch2oh)2 (analog 22),CC(C)CC(NC(=O)CC(O)C(CC(C)C)NC(=O)C(Cc1c[nH]cn1)NC(=O)C(Cc1ccccc1)NC(=O)OC(C)(C)C)C(=O)NCCCN(CCO)CCO
C-2585,"boc-phe-his-sta-leu-nh-ch2ch2-ch(nh2)-cooh, analog 16)",CC(C)CC(NC(=O)CC(O)C(CC(C)C)NC(=O)C(Cc1c[nH]cn1)NC(=O)C(Cc1ccccc1)NC(=O)OC(C)(C)C)C(=O)NCCC(N)C(=O)O
C-2586,kni-272;  kynostatin,CSCC(NC(=O)COc1cccc2cnccc12)C(=O)NC(Cc1ccccc1)C(O)C(=O)N1CSCC1C(=O)NC(C)(C)C
C-2587,bromothymol  blue,Cc1cc(C2(c3cc(C)c(O)c(Br)c3C(C)C)OS(=O)(=O)c3ccccc32)c(C(C)C)c(Br)c1O
C-2588,boc-phe-his-sta-leu-nhch2-4-pyridyl (analog 5),CC(C)CC(NC(=O)CC(O)C(CC(C)C)NC(=O)C(Cc1c[nH]cn1)NC(=O)C(Cc1ccccc1)NC(=O)OC(C)(C)C)C(=O)NCc1ccncc1
C-2589,boc-phe-his-sta-leu-nh2-2-pyridyl (analog 4),CC(C)CC(NC(=O)CC(O)C(CC(C)C)NC(=O)C(Cc1c[nH]cn1)NC(=O)C(Cc1ccccc1)NC(=O)OC(C)(C)C)C(=O)NCc1ccccn1
C-2591,"boc-phe-his-sta-leu-nhch2-ph--3-ch2nh2, analog 11",CC(C)CC(NC(=O)CC(O)C(CC(C)C)NC(=O)C(Cc1c[nH]cn1)NC(=O)C(Cc1ccccc1)NC(=O)OC(C)(C)C)C(=O)NCc1cccc(CN)c1
C-2592,boc-phe-his-sta-leu-nh-ch2-ch(nh2)-2-pyridyl;  (analog 8),CC(C)CC(NC(=O)CC(O)C(CC(C)C)NC(=O)C(Cc1c[nH]cn1)NC(=O)C(Cc1ccccc1)NC(=O)OC(C)(C)C)C(=O)NCC(N)c1ccccn1
C-2593,iodipamide;  adipiodone,O=C(CCCCC(=O)Nc1c(I)cc(I)c(C(=O)O)c1I)Nc1c(I)cc(I)c(C(=O)O)c1I
C-2594,boc-phe-his-achpa-leu-nh-ch2-ph-3-ch2-nh2 (analog 12),CC(C)CC(NC(=O)CC(O)C(CC1CCCCC1)NC(=O)C(Cc1c[nH]cn1)NC(=O)C(Cc1ccccc1)NC(=O)OC(C)(C)C)C(=O)NCc1cccc(CN)c1
C-2595,"boc-phe-his-sta-leu-nh-chph-cooh, analog 18",CC(C)CC(NC(=O)CC(O)C(CC(C)C)NC(=O)C(Cc1c[nH]cn1)NC(=O)C(Cc1ccccc1)NC(=O)OC(C)(C)C)C(=O)NC(C(=O)O)c1ccccc1
C-2596,"l-365,209, analog 2;  (cyclic hexapeptide)",CCC(C)C1NC(=O)C(Cc2ccccc2)NC(=O)C2CCCN2C(=O)C(Cc2ccccc2)N(C)C(=O)C2CCCCN2C(=O)C2CCCCN2C1=O
C-2597,"boc-phe-his-sta-leu-nhch(cooh)ch2-c6h4-3-nh2,  tetrapeptide derivative (15)",CC(C)CC(NC(=O)CC(O)C(CC(C)C)NC(=O)C(Cc1c[nH]cn1)NC(=O)C(Cc1ccccc1)NC(=O)OC(C)(C)C)C(=O)NC(Cc1cccc(CN)c1)C(=O)O
C-2598,"l-365,209, analog 10;  (cyclic hexapeptide)",CCC(C)C1NC(=O)C(Cc2c[nH]c3ccccc23)NC(=O)C2CCCN2C(=O)C(Cc2c[nH]cn2)NC(=O)C2CCCCN2C(=O)C2CCCCN2C1=O
C-2599,"l-365,209  (analog 6 );  (cyclic hexapeptide)",CCC(C)C1NC(=O)C(Cc2ccccc2)NC(=O)C2CCCN2C(=O)C(Cc2ccccc2)N(C)C(=O)C(CCCN)NC(=O)C2CCC=NN2C1=O
C-2600,"l-365,209 -analog 11;  (cyclic hexapeptide)",CCC(C)C1NC(=O)C(Cc2ccc3ccccc3c2)NC(=O)C2CCCN2C(=O)C(Cc2c[nH]cn2)NC(=O)C2CCCCN2C(=O)C2CCCCN2C1=O
C-2601,"l -365, 209,   analog 9 ;  (cyclic  hexapeptide)",CCC(C)C1NC(=O)C(Cc2c[nH]c3ccccc23)NC(=O)C2CCCN2C(=O)C(Cc2ccccc2)N(C)C(=O)C2CNCCN2C(=O)C2CCCCN2C1=O
C-2602,"l-365,209 -analog 12,  (cyclic hexapeptide)",CCC(C)C1NC(=O)C(Cc2c[nH]c3ccccc23)NC(=O)C2CCCN2C(=O)C(Cc2c[nH]cn2)NC(=O)C2CCCCN2C(=O)C2CCC=NN2C1=O
C-2603,"l-365,209 ;  (cyclic  hexapeptide)",CCC(C)C1NC(=O)C(Cc2ccccc2)NC(=O)C2CCCN2C(=O)C(Cc2ccccc2)N(C)C(=O)C2CCC=NN2C(=O)C2CCC=NN2C1=O
D-11,dodecane,CCCCCCCCCCCC
D-91,bromoethene,C=CBr
D-147,dichlorvos,COP(=O)(OC)OC=C(Cl)Cl
D-290,pirimiphos-methyl,CCN(CC)c1nc(C)cc(OP(=S)(OC)OC)n1
D-296,"azinphos-ethyl, o-analog",CCOP(=O)(OCC)SCn1nnc2ccccc2c1=O
D-303,diclofop-methyl,COC(=O)C(C)Oc1ccc(Oc2ccc(Cl)cc2Cl)cc1
D-316,metsulfuron-methyl,COC(=O)c1ccccc1S(=O)(=O)NC(=O)Nc1nc(C)nc(OC)n1
D-549,dimethylamine,CNC
D-652,trichloroacetic acid,O=C(O)C(Cl)(Cl)Cl
D-874,p-hydroxypropiophenone,CCC(=O)c1ccc(O)cc1
D-950,1-lauryl-2-pyrrolodone,CCCCCCCCCCCCN1CCCC1=O
D-951,1-lauryl-4-carboxy-2-pyrrolodone,CCCCCCCCCCCCN1CC(C(=O)O)CC1=O
D-952,1-methyl-4-carboxy-2-pyrrolodone,CN1CC(C(=O)O)CC1=O
D-954,1-methyl-4-methoxycarbonyl,COC(=O)C1CC(=O)N(C)C1
D-956,1-hexyl-4-methoxycarbonyl-,CCCCCCN1CC(C(=O)OC)CC1=O
D-1081,disperse red 9,CNc1cccc2c1C(=O)c1ccccc1C2=O
D-1082,disperse violet 1,Nc1ccc(N)c2c1C(=O)c1ccccc1C2=O
D-1084,disperse red 11,COc1cc(N)c2c(c1N)C(=O)c1ccccc1C2=O
D-1216,"2,6-dihydroxynaphthalene",Oc1ccc2cc(O)ccc2c1
D-1325,maltol,Cc1occc(=O)c1O
D-1339,"tryptophan, 5-hydroxy-",NC(Cc1c[nH]c2ccc(O)cc12)C(=O)O
D-1348,biotin,O=C(O)CCCCC1SCC2NC(=O)NC21
D-1355,ethyl methanesulfonate,CCOS(C)(=O)=O
D-1359,"butanedioic acid, mercapto-",O=C(O)CC(S)C(=O)O
D-1360,"1-propanone, 1-(4-hydroxyphenyl)-",CCC(=O)c1ccc(N)cc1
D-1366,fluoroethene,C=CF
D-1378,"ethane, chloropentafluoro-",FC(F)(F)C(F)(F)Cl
D-1379,perfluoropropane,FC(F)(F)C(F)(F)C(F)(F)F
D-1387,quinic acid,O=C(O)C1(O)CC(O)C(O)C(O)C1
D-1403,2-p-sulfanilylanilinoethanol,Nc1ccc(S(=O)(=O)c2ccc(NCCO)cc2)cc1
D-1405,terpin,CC1(O)CCC(C(C)(C)O)CC1
D-1420,"2-naphthalenamine, 1-(phenylazo)-",Nc1ccc2ccccc2c1N=Nc1ccccc1
D-1421,homatropine,CN1C2CCC1CC(OC(=O)C(O)c1ccccc1)C2
D-1433,"1,2,4,5-benzenetetracarboxylic acid",O=C(O)c1cc(C(=O)O)c(C(=O)O)cc1C(=O)O
D-1450,"1,2-dibromo-3-chloropropane",ClCC(Br)CBr
D-1451,"1,3-dichloro-2-propanol",OC(CCl)CCl
D-1458,"benzene, (trichloromethyl)-",ClC(Cl)(Cl)c1ccccc1
D-1464,"1,2,3-propanetricarboxylic acid",O=C(O)CC(CC(=O)O)C(=O)O
D-1473,"benzene, 1,1'- oxybis(methylene) bis-",c1ccc(COCc2ccccc2)cc1
D-1513,"4-heptanol, 2,6-dimethyl-",CC(C)CC(O)CC(C)C
D-1519,"thiourea, 2-propenyl-",C=CCNC(N)=S
D-1523,divinyl ether,C=COC=C
D-1540,"1,2-ethanediamine, n,n'-bis(2-aminoethyl)-",NCCNCCNCCN
D-1542,"1,2-ethanediamine, n-(2-aminoethyl)-n'- 2-",NCCNCCNCCNCCN
D-1545,sulfonal,CCS(=O)(=O)C(C)(C)S(=O)(=O)CC
D-1546,octafluorocyclobutane,FC1(F)C(F)(F)C(F)(F)C1(F)F
D-1573,"2-bromo-1,1,1,2-tetrafluoroethane",FC(Br)C(F)(F)F
D-1574,usnic acid,CC(=O)c1c(O)c(C)c(O)c2c1OC1=CC(=O)C(C(C)=O)C(=O)C12C
D-1581,narceine,COc1ccc(C(=O)Cc2c(CCN(C)C)cc3c(c2OC)OCO3)c(C(=O)O)c1OC
D-1625,"1,2-difluorobenzene",Fc1ccccc1F
D-1627,"ethene, (2,2,2-trifluoroethoxy)-",C=COCC(F)(F)F
D-1635,proscillaridin,CC1OC(O[C@@H]2C=C3CC[C@@H]4[C@H](CC[C@]5(C)[C@@H](c6ccc(=O)oc6)CC[C@]45O)[C@@]3(C)CC2)C(O)C(O)C1O
D-1666,methanedisulfonic acid,O=S(=O)(O)CS(=O)(=O)O
D-1673,tert-butyl chloride,CC(C)(C)Cl
D-1675,chlorobenzilate,CCOC(=O)C(O)(c1ccc(Cl)cc1)c1ccc(Cl)cc1
D-1687,"2,4,6,3'4'-penta-hydroxy-benzophenol",O=C(c1ccc(O)c(O)c1)c1c(O)cc(O)cc1O
D-1688,"2h-pyran-2,4-(3h)-dione, 3-acetyl-6-methyl-",CC(=O)C1C(=O)C=C(C)OC1=O
D-1689,ricinine,COc1ccn(C)c(=O)c1C#N
D-1704,glybuthiazole,CC(C)(C)c1nnc(NS(=O)(=O)c2ccc(N)cc2)s1
D-1707,3-ethylpyridine,CCc1cccnc1
D-1708,tropacocaine,CN1C2CCC1CC(OC(=O)c1ccccc1)C2
D-1711,isobutyl urethane,CCOC(=O)NCC(C)C
D-1712,"butanoic acid, pentyl ester",CCCCCOC(=O)CCC
D-1720,"glycine, n-acetyl-",CC(=O)NCC(=O)O
D-1724,verbenalin,COC(=O)C1=CO[C@@H](O[C@@H]2O[C@H](CO)[C@@H](O)[C@H](O)[C@H]2O)[C@H]2[C@@H]1C(=O)C[C@@H]2C
D-1748,"1,2,3-benzenetricarboxylic acid",O=C(O)c1cccc(C(=O)O)c1C(=O)O
D-1756,propyliodone,CCCOC(=O)Cn1cc(I)c(=O)c(I)c1
D-1767,"2(3h)-furanone, 5-methyl-",CC1=CCC(=O)O1
D-1774,"2,3-dimethyl-2-butanol",CC(C)C(C)(C)O
D-1775,"2,3,3-trimethyl-2-butanol",CC(C)(C)C(C)(C)O
D-1778,"propanedioic acid, 2,2-dimethyl-",CC(C)(C(=O)O)C(=O)O
D-1780,"butanedioic acid, 2,2-dimethyl-",CC(C)(CC(=O)O)C(=O)O
D-1791,4-hydroxyquinoline,O=c1cc[nH]c2ccccc12
D-1793,n-benzoylbenzamide,O=C(NC(=O)c1ccccc1)c1ccccc1
D-1795,"benzene, 1,2-diiodo-",Ic1ccccc1I
D-1807,5-nonanol,CCCCC(O)CCCC
D-1816,"pentane, 2-chloro-",CCCC(C)Cl
D-1821,"benzene, 1,3-diiodo-",Ic1cccc(I)c1
D-1837,"2,3,4-pyridinetricarboxylic acid",O=C(O)c1ccnc(C(=O)O)c1C(=O)O
D-1856,bromosuccinic acid,O=C(O)CC(Br)C(=O)O
D-1860,"benzenesulfonamide, 4-amino-n-(6-ethoxy-3-pyrid-",CCOc1ccc(NS(=O)(=O)c2ccc(N)cc2)nn1
D-1894,2-isopropyl naphthalene,CC(C)c1ccc2ccccc2c1
D-1910,"1,6-heptadiyne",C#CCCCC#C
D-1912,7-methyl-1-octanol,CC(C)CCCCCCO
D-1913,chlorflurecol,O=C(O)C1(O)c2ccccc2-c2ccc(Cl)cc21
D-1917,tutin,C=C(C)[C@@H]1[C@H]2OC(=O)[C@@H]1[C@]1(O)[C@H]3O[C@H]3[C@]3(CO3)[C@]1(C)[C@@H]2O
D-1920,4'-((6-hydroxy-m-tolyl)azo)acetanilide,CC(=O)Nc1ccc(N/N=C2\C=C(C)C=CC2=O)cc1
D-1932,hyenanchin,C=C(C)C1(O)[C@H]2OC(=O)[C@@H]1[C@]1(O)[C@H]3O[C@H]3[C@]3(CO3)[C@]1(C)[C@@H]2O
D-1964,4-nonanol,CCCCCC(O)CCC
D-1966,3-chlorocrotonic acid,C/C(Cl)=C\C(=O)O
D-1995,"2,2-diethyl-1-pentanol",CCCC(CC)(CC)CO
D-2035,secbumeton,CCNc1nc(NC(C)CC)nc(OC)n1
D-2039,3-chlorophthalic acid,O=C(O)c1cccc(Cl)c1C(=O)O
D-2051,tebuthiuron,CNC(=O)N(C)c1nnc(C(C)(C)C)s1
D-2069,hydroprene,CCOC(=O)/C=C(C)/C=C/CC(C)CCCC(C)C
D-2097,cyromazine,Nc1nc(N)nc(NC2CC2)n1
D-2100,fenthhiaprop ethyl,CCOC(=O)C(C)Oc1cccc(Oc2nc3ccc(Cl)cc3s2)c1
E-127,"2,3-dichloro-2-methylbutane",CC(Cl)C(C)(C)Cl
E-148,pentachlorobutadiene,ClC(Cl)=CC(Cl)=C(Cl)Cl
E-183,"2,4,5-PCB",Clc1cc(Cl)c(-c2ccccc2)cc1Cl
E-208,"2,2',4,4',6,6'-PCB",Clc1cc(Cl)c(-c2cc(Cl)cc(Cl)c2Cl)c(Cl)c1
E-256,"2,3-dimethyl-2-pentanol",CCC(C)C(C)(C)O
E-307,1-hexen-3-one,C=CC(=O)CCC
E-322,caprylic_acid,CCCCCCCC(=O)O
E-329,phenylacetic_acid,O=C(O)Cc1ccccc1
E-368,ethyl_acrylate,C=CC(=O)OCC
E-369,methyl_methacrylate,C=C(C)C(=O)OC
E-376,benzyl_butyl_phthalate,CCCCOC(=O)c1ccccc1C(=O)OCc1ccccc1
E-392,ditolyl_ether,Cc1cccc(Oc2cccc(C)c2)c1
E-400,fructose,OCC1(O)OCC(O)C(O)C1O
E-419,p-hydroxybenzoic_acid,O=C(O)c1ccc(O)cc1
E-434,o-chlorobenzoic_acid,O=C(O)c1ccccc1Cl
E-436,bis-(2-chloroethyl)_ether,ClCCOCCCl
E-441,heptylamine,CCCCCCCN
E-452,benzylamine,NCc1ccccc1
E-569,pyrrolidine,C1CCNC1
E-573,N-methylpiperidine,CN1CCCCC1
E-616,quanidinoacetic_acid,N=C(N)NCC(=O)O
E-652,tricresyl_phosphate,Cc1cc(O)ccc1OP(=O)(Oc1cc(O)ccc1C)Oc1c(C)cccc1O
E-655,prometryn,COP(=S)(OC)SCN1C(=O)c2ccccc2C1=O
E-672,3-pentenenitrile,CC=CCC#N
E-673,4-aminoacetanilide,CC(=O)Nc1ccc(N)cc1
E-677,4-iodoacetanilide,CC(=O)Nc1ccc(I)cc1
E-678,4-methoxyacetanilide,COc1ccc(NC(C)=O)cc1
E-680,dibucaine,CCCCOc1cc(C(=O)NCCN(CC)CC)c2ccccc2n1
E-714,hexyl-4-aminobenzoate,CCCCCCOC(=O)c1ccc(N)cc1
E-726,naepaine,CCCCCNCCOC(=O)c1ccc(N)cc1
E-728,stadacaine,CCCCOc1ccc(C(=O)OCCN(CC)CC)cc1
E-729,tripelenamine,CN(C)CCN(Cc1ccccc1)c1ccccn1
E-733,"4,5-dichloroquiaiacol",COc1cc(Cl)c(Cl)cc1O
E-740,1-Acetylurea,CC(=O)NC(N)=O
E-749,bis-(2.chloroethyl)-sulfone,O=S(=O)(CCl)CCCl
E-754,Orotic_Acid,O=C(O)c1cc(=O)[nH]c(=O)[nH]1
E-760,5-Ethylhydantoin,CCC1NC(=O)NC1=O
E-764,"4,5,7-Trichloro-2,1,3-benzothiadiazole",Clc1cc(Cl)c2nsnc2c1Cl
E-765,7-Chloropteridine,Clc1cnc2ncncc2n1
E-768,7-Mercaptopteridine,Sc1cnc2ncncc2n1
E-777,n-Amyl_Carbamate,CCCCCOC(N)=O
E-778,tert-Amyl_Carbamate,CC(C)(C)COC(N)=O
E-786,7-Methylpteridine,Cc1cnc2ncncc2n1
E-789,2-Methylthiopteridine,CSc1ncnc2nccnc12
E-791,Salicylaldehyde,O=Cc1ccccc1O
E-794,4-Phenylsemicarbazide,NNC(=O)Nc1ccccc1
E-797,2-Methylcyclohexanone,CC1CCCCC1=O
E-798,n-Hexyl_Carbamate,CCCCCCOC(N)=O
E-806,Cyclohexanol_Acetate,CC(=O)OC1CCCCC1
E-809,m-Aminoacetophenone,CC(=O)c1cccc(N)c1
E-820,"2,4-Octadione",CCCCC(=O)CC(C)=O
E-821,"3-Propyl-2,4-pentadione",CCCC(C(C)=O)C(C)=O
E-822,"5,5-Dimethyl-2,4-hexadione",CC(=O)CC(=O)C(C)(C)C
E-829,n-Heptyl_Carbamate,CCCCCCCOC(N)=O
E-843,l-Camphoronic_Acid,CC(C)(C(=O)O)C(C)(CC(=O)O)C(=O)O
E-847,n-Octyl_Carbamate,CCCCCCCCOC(N)=O
E-855,Sulfapyrazine,Nc1ccc(S(=O)(=O)Nc2cnccn2)cc1
E-871,l-Dihydrocarvone,C=C(C)C1CCC(C)C(=O)C1
E-872,d-Camphoric_Acid,CC1(C(=O)O)CCC(C(=O)O)C1(C)C
E-878,Vasicinone,OC1CCN2C1=Nc1ccccc1C2O
E-880,Sulfapyridine,Nc1ccc(S(=O)(=O)Nc2ccccn2)cc1
E-885,Sulfisoxazole,Cc1noc(NS(=O)(=O)c2ccc(N)cc2)c1C
E-918,Acetyl_Sulfisoxazole,CC(=O)N(c1onc(C)c1C)S(=O)(=O)c1ccc(N)cc1
E-927,"2-Phenyl-3,1-benzoxazin-4-one",O=c1nc(-c2ccccc2)oc2ccccc12
E-931,Gentisin,COc1cc(O)c2c(=O)c3cc(O)ccc3oc2c1
E-934,2-(4-Aminophenyl)-6-methyl-benzothiazole,Cc1ccc2nc(-c3ccc(N)cc3)sc2c1
E-937,"DL-1,2-Diphenylethanol",OC(Cc1ccccc1)c1ccccc1
E-948,Liothyronine,NC(Cc1cc(I)c(Oc2ccc(O)c(I)c2)c(I)c1)C(=O)O
E-956,Acetohexamide,CC(=O)c1ccc(S(=O)(=O)NC(=O)NC2CCCCC2)cc1
E-969,Triflupromazine,CN(C)CCCN1c2ccccc2Sc2ccc(C(F)(F)F)cc21
E-985,Mepazine,CN1CCCC(CN2c3ccccc3Sc3ccccc32)C1
E-990,Androstane-17-one,CC12CCC3C(CCC4CCCCC43C)C1CCC2=O
E-1000,Demeclocycline,CN(C)C1C(O)=C(C(N)=O)C(=O)C2(O)C(O)=C3C(=O)c4c(O)ccc(Cl)c4C(O)C3CC12
E-1001,Pericyazine,N#Cc1ccc2c(c1)N(CCCN1CCC(O)CC1)c1ccccc1S2
E-1002,Aldosterone,CC12CCC(=O)C=C1CCC1C2C2CC3(C(O)O2)C(C(=O)CO)CCC13
E-1006,Chlortetracycline,CN(C)C1C(O)=C(C(N)=O)C(=O)C2(O)C(O)=C3C(=O)c4c(O)ccc(Cl)c4C(C)(O)C3CC12
E-1008,Doxycycline,CC1c2cccc(O)c2C(=O)C2=C(O)C3(O)C(=O)C(C(N)=O)=C(O)C(N(C)C)C3C(O)C21
E-1013,Thiopropazate,CC(=O)OCCN1CCN(CCCN2c3ccccc3Sc3ccc(Cl)cc32)CC1
E-1016,Rolitetracycline,CN(C)C1C(O)=CC(=O)C2(O)C(O)=C3C(=O)c4ccccc4C(C)(O)C3CC12
E-1018,Natamycin,CC1CC=CC=CC=CC=CC(OC2OC(C)C(O)C(N)C2O)CC2OC(O)(CC(O)CC3OC3C=CC(=O)O1)CC(O)C2C(=O)O
E-1038,"1,7-phenantroline",c1ccc2c(c1)ccc1nccnc12
E-1062,4-chlorobiphenyl,Clc1ccc(-c2ccccc2)cc1
E-1064,"2,2',5-PCB",Clc1ccc(Cl)c(-c2ccccc2Cl)c1
E-1067,"2,2',5,6'-PCB",Clc1ccc(Cl)c(-c2c(Cl)cccc2Cl)c1
E-1077,"2,3-dimethylbutanol",CC(C)C(C)CO
E-1123,salicylic_acid,O=C(O)c1ccccc1O
E-1127,p-chlorobenzoic_acid,O=C(O)c1ccc(Cl)cc1
E-1129,hexylamine,CCCCCCN
E-1130,n-octylamine,CCCCCCCCN
E-1205,L-Asparagine,NC(=O)CC(N)C(=O)O
E-1216,7-Methylthiopteridine,CSc1cnc2ncncc2n1
E-1224,"6-Methyl-2,4-heptadione",CC(=O)CC(=O)CC(C)C
E-1241,Phenbutamide,CCCCNC(=O)NS(=O)(=O)c1ccccc1
E-1244,Quinhydrone,O=C1C=CC(O)(c2cc(O)ccc2O)C=C1
E-1251,Benzoin,O=C(Oc1ccccc1)c1ccccc1
E-1261,Dienestrol,C=CC(c1ccc(O)cc1)C(C=C)c1ccc(O)cc1
E-1263,Hydrocinchonine,CCC1CN2CCC1CC2C(O)c1ccnc2ccccc12
E-1274,acetylsalicylic_acid,CC(=O)Oc1ccccc1C(=O)O
F-1,"spiro[5,6-dihydroimidazo[2,3-b][3]benzazepine-11,4'-piperidine]-3-carboxamide",NC(=O)c1cnc2n1CCc1ccccc1C21CCNCC1
F-2,4-[(10-Methyl-9-anthryl)methyl]morpholine,Cc1c2ccccc2c(CN2CCOCC2)c2ccccc12
F-6,8-Phenyl-7H-purine,C1=NC=NC2N=C(c3ccccc3)N=C12
F-15,"N,N-dichloro-4-methylbenzenesulfonamide",Cc1ccc(S(=O)(=O)N(Cl)Cl)cc1
F-16,"2-(2,4,6-trichlorophenoxy)acetic acid",O=C(O)COc1c(Cl)cc(Cl)cc1Cl
F-17,1-ethyl-3-oxo-1~{H}-2-benzofuran-5-carbonitrile,CCC1OC(=O)c2cc(C#N)ccc21
F-20,"2,4-dimethyl-3H-1,5-benzodiazepine",CC1=Nc2ccccc2N=C(C)C1
F-21,"5-methyl-1-benzothiophene 1,1-dioxide",Cc1ccc2c(c1)C=CS2(=O)=O
F-23,"6-methyl-3-oxa-13-azatetracyclo[7.7.1.0^{2,7}.0^{13,17}]heptadeca-1(17),2(7),5,8-tetraen-4-one",Cc1cc(=O)oc2c3c4c(cc12)CCCN4CCC3
F-26,"3-methyl-1-benzothiophene 1,1-dioxide",CC1=CS(=O)(=O)c2ccccc21
F-27,"(2,2-dimethyl-1,3-dithiolan-4-yl)methyl carbamate",CC1(C)SCC(COC(N)=O)S1
F-29,"1,4-dioxaspiro[4.5]decan-2-ylmethyl carbamate",NC(=O)OCC1COC2(CCCCC2)O1
F-30,"1,4-dithiaspiro[4.5]decan-2-ylmethyl carbamate",NC(=O)OCC1CSC2(CCCCC2)S1
F-32,"2,5-dimethylpyrano[5,6-f][1]benzoxol-7-one",Cc1cc2cc3c(C)cc(=O)oc3cc2o1
F-33,"2,3-dimethylquinolin-8-ol",Cc1cc2cccc(O)c2nc1C
F-36,"9H-Pyrido[3,4-B]indole",c1ccc2c(c1)[nH]c1cnccc12
F-37,"N,N-dibromobenzenesulfonamide",O=S(=O)(c1ccccc1)N(Br)Br
F-38,4-oxa-1-thiaspiro[4.5]decan-3-ylmethyl carbamate,NC(=O)OCC1CSC2(CCCCC2)O1
F-42,"3,9-di(propan-2-yl)-2,4,8,10-tetraoxaspiro[5.5]undecane",CC(C)C1OCC2(CO1)COC(C(C)C)OC2
F-43,"1,3,5-Trimethoxybenzene",COc1cc(OC)cc(OC)c1
F-48,3-(2-oxopyridin-1-yl)propanoic acid,O=C(O)CCn1ccccc1=O
F-53,"5,5-dimethyl-2-phenyl-3H-imidazol-4-one",CC1(C)N=C(c2ccccc2)NC1=O
F-56,"N-benzyl-5-oxahexacyclo[5.4.1.0^{2,6}.0^{3,10}.0^{4,8}.0^{9,12}]dodecan-4-amine",c1ccc(CNC23OC4C5C6CC(C7C6C4C72)C53)cc1
F-59,"1,1-dimethyl-3-oxo-2-benzofuran-5-carbonitrile",CC1(C)OC(=O)c2cc(C#N)ccc21
F-62,7-prop-2-enylquinazolin-8-ol,C=CCc1ccc2cncnc2c1O
F-67,10H-Phenothiazine,c1ccc2c(c1)Nc1ccccc1S2
F-70,"1-Methyl-9H-pyrido[3,4-b]indole",Cc1nccc2c1[nH]c1ccccc12
F-72,"3,3-diethylpiperidine-2,6-dione",CCC1(CC)CCC(=O)NC1=O
F-73,ethyl 2-sulfanylidene-1~{H}-pyrimidine-5-carboxylate,CCOC(=O)c1cnc(=S)[nH]c1
F-74,"Dibenzothiophene 5,5-dioxide",O=S1(=O)c2ccccc2-c2ccccc21
F-80,"3,6-diethyl-3,6-dimethylpiperazine-2,5-dione",CCC1(C)NC(=O)C(C)(CC)NC1=O
F-81,phenothiazin-3-one,O=c1ccc2nc3ccccc3sc-2c1
F-85,"2-(4-methylphenyl)-1,3-benzothiazole",Cc1ccc(-c2nc3ccccc3s2)cc1
F-86,"furo[3,2-g]chromen-7-one",O=c1ccc2cc3ccoc3cc2o1
F-87,3-hydroxy-2-methyl-1-phenylpyridin-4-one,Cc1c(O)c(=O)ccn1-c1ccccc1
F-88,3-hydroxy-2-methyl-1-(4-methylphenyl)pyridin-4-one,Cc1ccc(-n2ccc(=O)c(O)c2C)cc1
F-90,N-heptylpyridine-3-carboxamide,CCCCCCCNC(=O)c1cccnc1
F-93,"2-Methyl-4,6-dioxo-1H-pyrimidine-5-carboxamide",CC1=NC(=O)C(C(N)=O)C(=O)N1
F-97,"6-sulfanylidene-7,9-dihydro-3H-purine-2,8-dione",O=c1[nH]c(=S)c2[nH]c(=O)[nH]c2[nH]1
F-98,"3,4-Dihydro-1H-1,4-benzodiazepine-2,5-dione",O=C1CNC(=O)c2ccccc2N1
F-100,N-(3-oxo-1H-2-benzofuran-5-yl)acetamide,CC(=O)Nc1ccc2c(c1)C(=O)OC2
F-103,10-methylacridin-9-one,Cn1c2ccccc2c(=O)c2ccccc21
F-107,"3-Amino-2-phenyl-1H-1,2,4-triazol-5-one",Nc1nc(=O)[nH]n1-c1ccccc1
F-109,"5-amino-2-phenyl-4~{H}-1,2,4-triazol-3-one",Nc1nc(=O)n(-c2ccccc2)[nH]1
F-113,"5,5-diethyl-2-sulfanylidene-1,3-diazinane-4,6-dione",CCC1(CC)C(=O)NC(=S)NC1=O
F-117,"2-(1,5-dimethylpyrazol-3-yl)oxypyridine",Cc1cc(Oc2ccccn2)nn1C
F-118,"4-(5-amino-1,3,4-oxadiazol-2-yl)phenol",Nc1nnc(-c2ccc(O)cc2)o1
F-119,"methyl 5,9-dimethyl-7-oxopyrano[3,2-f][1]benzoxole-2-carboxylate",COC(=O)c1cc2cc3c(C)cc(=O)oc3c(C)c2o1
F-121,"1,5-dimethyl-2,4,6,8-tetrazabicyclo[3.3.1]nonane-3,7-dione",CC12CC(C)(NC(=O)N1)NC(=O)N2
F-122,"3,3,6,6-tetraethylpiperazine-2,5-dione",CCC1(CC)NC(=O)C(CC)(CC)NC1=O
F-123,"2-(4-methyl-2,6-dioxo-3H-pyrimidin-5-yl)acetic acid",Cc1[nH]c(=O)[nH]c(=O)c1CC(=O)O
F-128,N-diethylsulfinamoyl-N-ethylethanamine,CCN(CC)S(=O)N(CC)CC
F-129,2-(2-cyanoethylamino)-3-methylbutanoic acid,CC(C)C(NCCC#N)C(=O)O
F-131,2-(bis(2-cyanoethyl)amino)propanoic acid,CC(C(=O)O)N(CCC#N)CCC#N
F-136,Tributyl phosphate,CCCCOP(=O)(OCCCC)OCCCC
F-138,2-[[2-[(2-aminoacetyl)amino]acetyl]amino]acetic acid,NCC(=O)NCC(=O)NCC(=O)O
F-141,"N,N-Bis(2-cyanoethyl)leucine",CC(C)CC(C(=O)O)N(CCC#N)CCC#N
F-144,"(2E)-2-(2,3,4,5-Tetrahydroxyhexylidene)hydrazinecarboxamide",CC(O)C(O)C(O)C(O)C=NNC(N)=O
F-146,2-amino-3-[2-(2-amino-3-hydroxy-3-oxopropyl)sulfanylethylsulfanyl]propanoic acid,NC(CSCCSCC(N)C(=O)O)C(=O)O
F-147,2-amino-3-[3-(2-amino-3-hydroxy-3-oxopropyl)sulfanylpropylsulfanyl]propanoic acid,NC(CSCCCSCC(N)C(=O)O)C(=O)O
F-148,2-amino-3-[4-(2-amino-3-hydroxy-3-oxopropyl)sulfanylbutylsulfanyl]propanoic acid,NC(CSCCCCSCC(N)C(=O)O)C(=O)O
F-150,2-amino-3-[5-(2-amino-3-hydroxy-3-oxopropyl)sulfanylpentylsulfanyl]propanoic acid,NC(CSCCCCCSCC(N)C(=O)O)C(=O)O
F-151,2-amino-3-[6-(2-amino-3-hydroxy-3-oxopropyl)sulfanylhexylsulfanyl]propanoic acid,NC(CSCCCCCCSCC(N)C(=O)O)C(=O)O
F-152,"2,8-Dihydroxyadenine",Nc1[nH]c(=O)[nH]c2nc(=O)[nH]c1-2
F-154,2-[[2-[2-[(2-aminoacetyl)amino]propanoylamino]-4-methylpentanoyl]amino]-3-methylbutanoic acid,CC(C)CC(NC(=O)C(C)NC(=O)CN)C(=O)NC(C(=O)O)C(C)C
F-156,hexyl 2-hydroxypropanoate,CCCCCCOC(=O)C(C)O
F-162,2-(carbamoylamino)hexanoic acid,CCCCC(NC(N)=O)C(=O)O
F-163,2-acetamido-4-methylsulfanylbutanoic acid,CSCCC(NC(C)=O)C(=O)O
F-164,"1,2-bis(2-chloroethylsulfinyl)ethane",O=S(CCCl)CCS(=O)CCCl
F-165,2-(1-hydroxy-1-oxopropan-2-yl)disulfanylpropanoic acid,CC(SSC(C)C(=O)O)C(=O)O
F-166,2-[(2-aminoacetyl)amino]-4-methylpentanoic acid,CC(C)CC(NC(=O)CN)C(=O)O
F-167,2-(1-hydroxy-1-oxobutan-2-yl)sulfanylbutanoic acid,CCC(SC(CC)C(=O)O)C(=O)O
F-168,2-[(1-hydroxy-1-oxopropan-2-yl)sulfanylmethylsulfanyl]propanoic acid,CC(SCSC(C)C(=O)O)C(=O)O
F-169,"3,4-Dideoxy-2,5-di-S-methyl-2,5-dithiohexaric acid",CSC(CCC(SC)C(=O)O)C(=O)O
F-170,2-[(2-amino-3-methylbutanoyl)amino]-3-methylbutanoic acid,CC(C)C(N)C(=O)NC(C(=O)O)C(C)C
F-171,2-amino-3-(2-amino-3-hydroxy-3-oxopropyl)sulfanylpropanoic acid,NC(CSCC(N)C(=O)O)C(=O)O
F-172,2-[(2-amino-4-methylpentanoyl)amino]-3-methylbutanoic acid,CC(C)CC(N)C(=O)NC(C(=O)O)C(C)C
F-173,2-acetamidopentanedioic acid,CC(=O)NC(CCC(=O)O)C(=O)O
F-175,2-ethylsulfanylcarbothioyloxybutanedioic acid,CCSC(=S)OC(CC(=O)O)C(=O)O
F-176,4-Amino-2-[(ethoxycarbonothioyl)sulfanyl]-4-oxobutanoic acid,CCOC(=S)SC(CC(N)=O)C(=O)O
F-177,2-ethoxycarbothioylsulfanylbutanedioic acid,CCOC(=S)SC(CC(=O)O)C(=O)O
F-179,"3,4-Dideoxy-2,5-di-S-ethyl-2,5-dithiohexaric acid",CCSC(CCC(SCC)C(=O)O)C(=O)O
F-180,2-[(2-amino-4-methylpentanoyl)amino]-4-methylpentanoic acid,CC(C)CC(N)C(=O)NC(CC(C)C)C(=O)O
F-181,2-amino-4-(3-amino-4-hydroxy-4-oxobutyl)disulfanylbutanoic acid,NC(CCSSCCC(N)C(=O)O)C(=O)O
F-182,"2,5-Di-S-allyl-3,4-dideoxy-2,5-dithiohexaric acid",C=CCSC(CCC(SCC=C)C(=O)O)C(=O)O
F-184,N-(2-Bromo-4-methylpentanoyl)alanylalanine,CC(C)CC(Br)C(=O)NC(C)C(=O)NC(C)C(=O)O
F-185,2-[[2-[(2-aminoacetyl)amino]acetyl]amino]-4-methylpentanoic acid,CC(C)CC(NC(=O)CNC(=O)CN)C(=O)O
F-186,"(1,2,4,5-tetraacetyloxy-1-methoxypentan-3-yl) acetate",COC(OC(C)=O)C(OC(C)=O)C(OC(C)=O)C(COC(C)=O)OC(C)=O
F-192,"1,3-benzothiazole-2-sulfonamide",NS(=O)(=O)c1nc2ccccc2s1
F-193,octanebis(thioic S-acid),OC(=S)CCCCCCC(O)=S
F-195,N'-butanoylbutanehydrazide,CCCC(=O)NNC(=O)CCC
F-197,N-(diethylsulfamoyl)-N-ethylethanamine,CCN(CC)S(=O)(=O)N(CC)CC
F-199,decyl 2-hydroxypropanoate,CCCCCCCCCCOC(=O)C(C)O
F-200,6-(carbamoylamino)hexanoic acid,NC(=O)NCCCCCC(=O)O
F-201,nonanebis(thioic S-acid),OC(=S)CCCCCCCC(O)=S
F-203,decanebis(thioic S-acid),OC(=S)CCCCCCCCC(O)=S
F-209,methyl 2-cyano-5-methyl-3-oxohexanoate,COC(=O)C(C#N)C(=O)CC(C)C
F-210,N-pentanoylpentanehydrazide,CCCCC(=O)NNC(=O)CCCC
F-212,ethyl 2-[[(~{E})-4-oxopent-2-en-2-yl]amino]acetate,CCOC(=O)CNC(C)=CC(C)=O
F-213,"5,5-dimethyl-3-(phenylmethyl)imidazolidine-2,4-dione",CC1(C)NC(=O)N(Cc2ccccc2)C1=O
F-221,octyl 2-acetyloxypropanoate,CCCCCCCCOC(=O)C(C)OC(C)=O
F-222,"7-Methoxy-1-methyl-9H-pyrido[3,4-b]indole",COc1ccc2c(c1)[nH]c1c(C)nccc12
F-227,[(~{Z})-[(1~{Z})-1-(carbamoylhydrazinylidene)propan-2-ylidene]amino]urea,CC(C=NNC(N)=O)=NNC(N)=O
F-229,N-butylsulfonylbutane-1-sulfonamide,CCCCS(=O)(=O)NS(=O)(=O)CCCC
F-232,2-hydroxy-N-[6-(2-hydroxypropanoylamino)hexyl]propanamide,CC(O)C(=O)NCCCCCCNC(=O)C(C)O
F-237,N-hexylsulfonylhexane-1-sulfonamide,CCCCCCS(=O)(=O)NS(=O)(=O)CCCCCC
F-238,"1,2,2-triacetyloxyethyl acetate",CC(=O)OC(OC(C)=O)C(OC(C)=O)OC(C)=O
F-239,2-hydroxyethyl N-[6-(2-hydroxyethoxycarbonylamino)hexyl]carbamate,O=C(NCCCCCCNC(=O)OCCO)OCCO
F-240,dihexyl decanedioate,CCCCCCOC(=O)CCCCCCCCC(=O)OCCCCCC
F-241,1-[bis(propylsulfonyl)methylsulfonyl]propane,CCCS(=O)(=O)C(S(=O)(=O)CCC)S(=O)(=O)CCC
F-247,4-hydroxybutyl N-[6-(4-hydroxybutoxycarbonylamino)hexyl]carbamate,O=C(NCCCCCCNC(=O)OCCCCO)OCCCCO
F-248,1-[bis(butylsulfonyl)methylsulfonyl]butane,CCCCS(=O)(=O)C(S(=O)(=O)CCCC)S(=O)(=O)CCCC
F-251,"2-amino-1,8-dihydropteridine-4,7-dione",Nc1nc2[nH]c(=O)cnc2c(=O)[nH]1
F-252,"6-methyl-3,8-dihydropteridine-4,7-dione",Cc1nc2c(=O)[nH]cnc2[nH]c1=O
F-254,4-chloro-3-[(4-hydroxyphenyl)diazenyl]benzoic acid,O=C(O)c1ccc(Cl)c(N=Nc2ccc(O)cc2)c1
F-255,"(2~{Z})-2-(1,3-thiazole-2-carbonylhydrazinylidene)propanoic acid",CC(=NNC(=O)c1nccs1)C(=O)O
F-257,"1,5-dihydropteridine-2,4,6-trione",O=c1cnc2[nH]c(=O)[nH]c(=O)c2[nH]1
F-260,3-[(4-hydroxyphenyl)diazenyl]benzoic acid,O=C(O)c1cccc(N=Nc2ccc(O)cc2)c1
F-261,2-[(4-hydroxyphenyl)diazenyl]benzoic acid,O=C(O)c1ccccc1N=Nc1ccc(O)cc1
F-262,4-(methyl-octylamino)diazenylbenzoic acid,CCCCCCCCN(C)N=Nc1ccc(C(=O)O)cc1
F-263,5-Chloro-2-[(E)-(4-hydroxyphenyl)diazenyl]benzoic acid,O=C(O)c1cc(Cl)ccc1N=Nc1ccc(O)cc1
F-265,(2~{Z})-2-(pyridine-4-carbonylhydrazinylidene)propanoic acid,CC(=NNC(=O)c1ccncc1)C(=O)O
F-266,"9-methyl-3,7-dihydropurine-2,6,8-trione",Cn1c(=O)[nH]c2c(=O)[nH]c(=O)[nH]c21
F-267,"4-Amino-6,7-dimethoxy-2-benzofuran-1(3H)-one",COc1cc(N)c2c(c1OC)C(=O)OC2
F-268,"2,2,2-Trifluoro-1-phenylethanone",O=C(c1ccccc1)C(F)(F)F
F-272,2-chloro-1-(4-hydroxy-2-methyl-5-propan-2-ylphenyl)ethanone,Cc1cc(O)c(C(C)C)cc1C(=O)CCl
F-276,"3,4,5,6-tetrachlorobenzene-1,2-diol",Oc1c(O)c(Cl)c(Cl)c(Cl)c1Cl
F-292,"Ethyl 4-carbamoyl-2,5-dimethyl-1-piperazinecarboxylate",CCOC(=O)N1CC(C)N(C(N)=O)CC1C
F-294,"9-hydroxyfuro[3,2-g]chromen-7-one",O=c1ccc2cc3ccoc3c(O)c2o1
F-295,"4-Bromo-5-(4-bromophenyl)dihydro-2,3-furandione",O=C1OC(c2ccc(Br)cc2)C(Br)C1=O
F-296,"(5~{Z})-5-[(3,4-dihydroxyphenyl)methylidene]-2-sulfanylidene-1,3-thiazolidin-4-one",O=C1NC(=S)SC1=Cc1ccc(O)c(O)c1
F-299,4-Methoxycarbonylbenzoic acid,COC(=O)c1ccc(C(=O)O)cc1
F-310,"1,3-Benzodioxole-5-carbohydrazide",NNC(=O)c1ccc2c(c1)OCO2
F-314,7-diethylamino-4-methylchromen-2-one,CCN(CC)c1ccc2c(C)cc(=O)oc2c1
F-315,5-aminoquinoline-8-sulfonic acid,Nc1ccc(S(=O)(=O)O)c2ncccc12
F-316,5-aminoquinoline-6-sulfonic acid,Nc1c(S(=O)(=O)O)ccc2ncccc12
F-317,"3-chloro-2,6-dimethoxyphenol",COc1ccc(Cl)c(OC)c1O
F-320,"5-ethyl-5-(2-hydroxyethyl)-2-sulfanylidene-1,3-diazinane-4,6-dione",CCC1(CCO)C(=O)NC(=S)NC1=O
F-321,"4-methoxyfuro[3,2-g]chromen-7-one",COc1c2ccoc2cc2oc(=O)ccc12
F-322,4-Amino-N-(3H-pyrrol-2-yl)benzenesulfonamide,Nc1ccc(S(=O)(=O)N=C2CC=CN2)cc1
F-324,2-(Ethylamino)-2-oxoethyl benzoate,Cc1cc(=O)n(O)c2ccc3ccccc3c12
F-329,2-(phenylmethoxycarbothioylsulfanyl)acetic acid,O=C(O)CSC(=S)OCc1ccccc1
F-333,"5,5-dipropyl-1,3-diazinane-2,4,6-trione",CCCC1(CCC)C(=O)NC(=O)NC1=O
F-335,"dipentyl benzene-1,2-dicarboxylate",CCCCCOC(=O)c1ccccc1C(=O)OCCCCC
F-338,phenylmethyl N-[2-[(2-amino-2-oxoethyl)amino]-2-oxoethyl]carbamate,NC(=O)CNC(=O)CNC(=O)OCc1ccccc1
F-339,arildone,CCC(=O)C(CCCCCCOc1ccc(OC)cc1Cl)C(=O)CC
F-344,"5-acetyl-6-methylpyridine-3,4-dicarboxylic acid",CC(=O)c1c(C)ncc(C(=O)O)c1C(=O)O
F-345,"(4E)-4-[(1,3-Thiazol-2-ylcarbonyl)hydrazono]pentanoic acid",CC(CCC(=O)O)=NNC(=O)c1nccs1
F-347,"1,5-dimethyl-2-phenyl-4-propan-2-ylpyrazol-3-one",Cc1c(C(C)C)c(=O)n(-c2ccccc2)n1C
F-349,(~{N}~{Z})-~{N}-[(1~{Z})-1-hydroxyimino-1-phenylpropan-2-ylidene]hydroxylamine,CC(=NO)C(=NO)c1ccccc1
F-351,"3-(2-methoxyphenoxy)propane-1,2-diol",COc1ccccc1OCC(O)CO
F-352,2-[3-(2-hydroxyethoxy)phenoxy]ethanol,OCCOc1cccc(OCCO)c1
F-354,4-[2-(4-oxopentan-2-ylideneamino)ethylimino]pentan-2-one,CC(=O)CC(C)=NCCN=C(C)CC(C)=O
F-358,2'-Hydroxy-4-methoxychalcone,COc1ccc(C=CC(=O)c2ccccc2O)cc1
F-360,"2-(1,5-dimethylpyrazol-3-yl)oxy-4,6-dimethylpyrimidine",Cc1cc(C)nc(Oc2cc(C)n(C)n2)n1
F-361,phenylmethyl N-(2-amino-2-oxoethyl)carbamate,NC(=O)CNC(=O)OCc1ccccc1
F-363,N-[2-(5-methoxy-1H-indol-3-yl)ethyl]acetamide,COc1ccc2[nH]cc(CCNC(C)=O)c2c1
F-367,"9-hydroxy-10,13-dimethyl-1,2,6,7,8,11,12,14,15,16-decahydrocyclopenta[a]phenanthrene-3,17-dione",CC12CCC3(O)C(CCC4=CC(=O)CCC43C)C1CCC2=O
F-369,(4Z)-4-(Pyridine-4-carbonylhydrazinylidene)pentanoic acid,CC(CCC(=O)O)=NNC(=O)c1ccncc1
F-375,"5-(2-Hydroxyethyl)-5-isobutyl-2-thioxodihydro-4,6(1H,5H)-pyrimidinedione",CC(C)CC1(CCO)C(=O)NC(=S)NC1=O
F-378,cyclohexylsulfonylcyclohexane,O=S(=O)(C1CCCCC1)C1CCCCC1
F-379,"5-(2-hydroxyethyl)-5-propyl-2-sulfanylidene-1,3-diazinane-4,6-dione",CCCC1(CCO)C(=O)NC(=S)NC1=O
F-380,4-(6-methoxynaphthalen-2-yl)butan-2-one,COc1ccc2cc(CCC(C)=O)ccc2c1
F-381,2-(benzoylamino)-2-methylpropanoic acid,CC(C)(NC(=O)c1ccccc1)C(=O)O
F-383,"6,7-Dimethoxy-1-oxo-1,3-dihydro-2-benzofuran-4-carbonitrile",COc1cc(C#N)c2c(c1OC)C(=O)OC2
F-391,2-(4-Hydroxybenzoyl)benzoic acid,O=C(O)c1ccccc1C(=O)c1ccc(O)cc1
F-393,(4-aminophenyl)sulfonylurea,NC(=O)NS(=O)(=O)c1ccc(N)cc1
F-394,ethyl 2-(benzoylamino)-2-methylpropanoate,CCOC(=O)C(C)(C)NC(=O)c1ccccc1
F-395,(4-acetamidophenyl) ethyl carbonate,CCOC(=O)Oc1ccc(NC(C)=O)cc1
F-396,"6,7-dihydroxy-1-methyl-3,4-dihydro-2H-isoquinoline-1-carboxylic acid",CC1(C(=O)O)NCCc2cc(O)c(O)cc21
F-397,"2-(1,3-dioxoisoindol-2-yl)-2-methylbutanoic acid",CCC(C)(C(=O)O)N1C(=O)c2ccccc2C1=O
F-401,"1-(4-methoxyphenyl)-2-phenylethane-1,2-diol",COc1ccc(C(O)C(O)c2ccccc2)cc1
F-402,N-Acetyl-O-benzoylserine,CC(=O)NC(COC(=O)c1ccccc1)C(=O)O
F-403,2-[[2-amino-3-(4-hydroxyphenyl)propanoyl]amino]acetic acid,NC(Cc1ccc(O)cc1)C(=O)NCC(=O)O
F-404,"5-[(4-methoxyphenyl)methyl]-3-methylimidazolidine-2,4-dione",COc1ccc(CC2NC(=O)N(C)C2=O)cc1
F-405,"2,2-bis(2-chlorophenoxy)acetic acid",O=C(O)C(Oc1ccccc1Cl)Oc1ccccc1Cl
F-408,ethyl 4-(ethylcarbamothioyl)piperazine-1-carboxylate,CCNC(=S)N1CCN(C(=O)OCC)CC1
F-410,"1-methyl-3-(2,4,6-trioxo-1,3-diazinan-5-yl)thiourea",CNC(=S)NC1C(=O)NC(=O)NC1=O
F-411,2-(9H-fluoren-9-ylmethoxycarbonylamino)-4-methylpentanoic acid,CC(C)CC(NC(=O)OCC1c2ccccc2-c2ccccc21)C(=O)O
F-412,2-[[4-(acetylsulfamoyl)phenyl]carbamoyl]benzoic acid,CC(=O)NS(=O)(=O)c1ccc(NC(=O)c2ccccc2C(=O)O)cc1
F-415,"2,2-Dibutyl-N-hydroxyhexanamide",CCCCC(CCCC)(CCCC)C(=O)NO
F-416,Methyl 4-dimethylaminobenzoate,COC(=O)c1ccc(N(C)C)cc1
F-417,"2,3-DIMETHOXYBENZOIC ACID",COc1cccc(C(=O)O)c1OC
F-418,4-(Hydroxyamino)benzenesulfonamide,NS(=O)(=O)c1ccc(NO)cc1
F-419,dibenzofuran-2-sulfonic acid,O=S(=O)(O)c1ccc2oc3ccccc3c2c1
F-420,N-Hydroxy-N-phenylbenzamide,O=C(c1ccccc1)N(O)c1ccccc1
F-421,2-acetamido-3-phenylpropanoic acid,CC(=O)NC(Cc1ccccc1)C(=O)O
F-427,"2-diethylamino-N-(2,6-dimethylphenyl)acetamide",CCN(CC)CC(=O)Nc1c(C)cccc1C
F-428,2-[3-(benzoyl)phenyl]propanoic acid,CC(C(=O)O)c1cccc(C(=O)c2ccccc2)c1
F-429,"2,5,9-trimethylpyrano[5,6-f][1]benzoxol-7-one",Cc1cc2cc3c(C)cc(=O)oc3c(C)c2o1
F-432,ethyl 2-(benzoylamino)-3-(4-hydroxyphenyl)propanoate,CCOC(=O)C(Cc1ccc(O)cc1)NC(=O)c1ccccc1
F-433,2-[(4-methylphenyl)sulfonylamino]pentanedioic acid,Cc1ccc(S(=O)(=O)NC(CCC(=O)O)C(=O)O)cc1
F-435,"2-(3,5-dibromo-4-oxopyridin-1-yl)-~{N},~{N}-diethylacetamide",CCN(CC)C(=O)Cn1cc(Br)c(=O)c(Br)c1
F-436,"2-(3,5-diiodo-4-oxopyridin-1-yl)-~{N},~{N}-diethylacetamide",CCN(CC)C(=O)Cn1cc(I)c(=O)c(I)c1
F-437,8-hydroxy-7-iodoquinoline-5-sulfonic acid,O=S(=O)(O)c1cc(I)c(O)c2ncccc12
F-439,"2,2,4-triethyl-n-hydroxyoctanamide",CCCCC(CC)CC(CC)(CC)C(=O)NO
F-440,"2,2-diethyl-n-hydroxydecanamide",CCCCCCCCC(CC)(CC)C(=O)NO
F-441,"N-hydroxy-4-methyl-2,2-bis(2-methylpropyl)pentanamide",CC(C)CC(CC(C)C)(CC(C)C)C(=O)NO
F-442,"N-hydroxy-2,2-dipropyloctanamide",CCCCCCC(CCC)(CCC)C(=O)NO
F-443,"N-hydroxy-2,2-dimethyldodecanamide",CCCCCCCCCCC(C)(C)C(=O)NO
F-445,2-Hydroxy-1-(4-hydroxy-3-methoxyphenyl)ethanone,COc1cc(C(=O)CO)ccc1O
F-446,"5-butyl-5-(2-hydroxyethyl)-2-sulfanylidene-1,3-diazinane-4,6-dione",CCCCC1(CCO)C(=O)NC(=S)NC1=O
F-448,"2-(3-hydroxy-2,5-dioxo-1-phenylpyrrolidin-3-yl)acetic acid",O=C(O)CC1(O)CC(=O)N(c2ccccc2)C1=O
F-449,2-Ethyl-N-hydroxy-2-(4-methylbenzyl)butanamide,CCC(CC)(Cc1ccc(C)cc1)C(=O)NO
F-451,2-(benzoylamino)-3-hydroxypropanoic acid,O=C(NC(CO)C(=O)O)c1ccccc1
F-453,"(2,4-dioxo-1H-pyrimidin-5-yl)sulfamic acid",O=c1[nH]cc(NS(=O)(=O)O)c(=O)[nH]1
F-454,N-Hydroxy-2-phenyl-2-propylpentanamide,CCCC(CCC)(C(=O)NO)c1ccccc1
F-455,"N-Hydroxy-3-mesityl-2,2-dimethylpropanamide",Cc1cc(C)c(CC(C)(C)C(=O)NO)c(C)c1
F-456,2-(methyl-(phenylmethylsulfanylcarbothioyl)amino)acetic acid,CN(CC(=O)O)C(=S)SCc1ccccc1
F-457,"4,4-diethyl-1-methyl-2-phenylpyrazolidine-3,5-dione",CCC1(CC)C(=O)N(C)N(c2ccccc2)C1=O
F-459,"dipropyl benzene-1,2-dicarboxylate",CCCOC(=O)c1ccccc1C(=O)OCCC
F-460,"diheptyl benzene-1,2-dicarboxylate",CCCCCCCOC(=O)c1ccccc1C(=O)OCCCCCCC
F-462,"3-(octylamino)propane-1,2-diol",CCCCCCCCNCC(O)CO
F-463,"3-(nonylamino)propane-1,2-diol",CCCCCCCCCNCC(O)CO
F-464,"3-(decylamino)propane-1,2-diol",CCCCCCCCCCNCC(O)CO
F-470,"5-(2-hydroxyethyl)-5-(3-methylbutyl)-2-sulfanylidene-1,3-diazinane-4,6-dione",CC(C)CCC1(CCO)C(=O)NC(=S)NC1=O
F-471,"5-(2-Hydroxyethyl)-5-pentyl-2-thioxodihydro-4,6(1H,5H)-pyrimidinedione",CCCCCC1(CCO)C(=O)NC(=S)NC1=O
F-472,"2-(5-benzyl-2,4-dioxoimidazolidin-1-yl)acetic acid",O=C(O)CN1C(=O)NC(=O)C1Cc1ccccc1
F-477,"5-(carbamoylamino)-4,5-dihydroxy-2-oxoimidazolidine-4-carboxylic acid",NC(=O)NC1(O)NC(=O)NC1(O)C(=O)O
F-478,"5-(2-hydroxyethyl)-5-(2-methylpentyl)-2-sulfanylidene-1,3-diazinane-4,6-dione",CCCC(C)CC1(CCO)C(=O)NC(=S)NC1=O
F-479,"5-(2-Ethylbutyl)-5-(2-hydroxyethyl)-2-thioxodihydro-4,6(1H,5H)-pyrimidinedione",CCC(CC)CC1(CCO)C(=O)NC(=S)NC1=O
F-481,4-Amino-N-(6-iodo-3-pyridinyl)benzenesulfonamide,Nc1ccc(S(=O)(=O)Nc2ccc(I)nc2)cc1
F-482,"(1,5-dimethyl-3-oxo-2-phenylpyrazol-4-yl)urea",Cc1c(NC(N)=O)c(=O)n(-c2ccccc2)n1C
F-485,"2,3,4-trichloro-6-methoxyphenol",COc1cc(Cl)c(Cl)c(Cl)c1O
F-486,"5-(1-cyclohexenyl)-1,5-dimethyl-1,3-diazinane-2,4,6-trione",CN1C(=O)NC(=O)C(C)(C2=CCCCC2)C1=O
F-487,2-(2-chlorophenoxy)-3-oxobutanoic acid,CC(=O)C(Oc1ccccc1Cl)C(=O)O
F-491,"N-(2-sulfamoyl-1,3-benzothiazol-6-yl)acetamide",CC(=O)Nc1ccc2nc(S(N)(=O)=O)sc2c1
F-494,3-(carboxymethylsulfanyl)-3-phenylpropanoic acid,O=C(O)CSC(CC(=O)O)c1ccccc1
F-495,2'-Hydroxy-5'-methoxychalcone,COc1ccc(O)c(C(=O)C=Cc2ccccc2)c1
F-500,methyl 3-bromo-4-hydroxybenzoate,COC(=O)c1ccc(O)c(Br)c1
F-501,"4-amino-N-(5-ethyl-1,3,4-thiadiazol-2-yl)benzenesulfonamide",CCc1nnc(NS(=O)(=O)c2ccc(N)cc2)s1
F-503,2-[2-(2-carboxybenzoyl)oxyethoxycarbonyl]benzoic acid,O=C(O)c1ccccc1C(=O)OCCOC(=O)c1ccccc1C(=O)O
F-509,4-(4-hydroxyphenyl)iminopentan-2-one,CC(=O)CC(C)=Nc1ccc(O)cc1
F-511,"4,4-Diethyl-5-oxo-1-phenyl-4,5-dihydro-1H-pyrazol-3-yl acetate",CCC1(CC)C(=O)N(c2ccccc2)N=C1OC(C)=O
F-513,"methyl 3,5-dihydroxy-4-methoxybenzoate",COC(=O)c1cc(O)c(OC)c(O)c1
F-514,2-amino-5-hydroxynaphthalene-1-sulfonic acid,Nc1ccc2c(O)cccc2c1S(=O)(=O)O
F-519,7-aminonaphthalene-1-sulfonic acid,Nc1ccc2cccc(S(=O)(=O)O)c2c1
F-521,2-acetamido-3-(4-hydroxyphenyl)propanoic acid,CC(=O)NC(Cc1ccc(O)cc1)C(=O)O
F-524,2-[(2-aminoacetyl)amino]-3-(4-hydroxyphenyl)propanoic acid,NCC(=O)NC(Cc1ccc(O)cc1)C(=O)O
F-526,4-(2-hydroxyphenyl)iminopentan-2-one,CC(=O)CC(C)=Nc1ccccc1O
F-531,2-[(2-aminophenyl)methylideneamino]phenol,Nc1ccccc1C=Nc1ccccc1O
F-533,4-methoxysulfonylbenzoic acid,COS(=O)(=O)c1ccc(C(=O)O)cc1
F-534,Cinnamyl anthranilate,Nc1ccccc1C(=O)OCC=Cc1ccccc1
F-535,2-[(2-amino-2-phenylacetyl)amino]acetic acid,NC(C(=O)NCC(=O)O)c1ccccc1
F-537,4-[4-(4-oxopentan-2-ylideneamino)phenyl]iminopentan-2-one,CC(=O)CC(C)=Nc1ccc(N=C(C)CC(C)=O)cc1
F-540,2-(phenyl-(phenylmethylsulfanylcarbothioyl)amino)acetic acid,O=C(O)CN(C(=S)SCc1ccccc1)c1ccccc1
F-543,"4-[(1-methoxy-1-oxo-3-phenylpropan-2-yl)amino]-4-oxo-3-[(2,2,2-trifluoroacetyl)amino]butanoic acid",COC(=O)C(Cc1ccccc1)NC(=O)C(CC(=O)O)NC(=O)C(F)(F)F
F-544,"4-aminonaphthalene-1,2-dione",NC1=CC(=O)C(=O)c2ccccc21
F-547,N-(9H-Fluoren-2-yl)acetamide,CC(=O)Nc1ccc2c(c1)Cc1ccccc1-2
F-549,2-(2-cyanoethylamino)-3-phenylpropanoic acid,N#CCCNC(Cc1ccccc1)C(=O)O
F-550,4-(Dipropylsulfamoyl)benzoic acid,CCCN(CCC)S(=O)(=O)c1ccc(C(=O)O)cc1
F-555,"1-(1,5-dimethyl-3-oxo-2-phenylpyrazol-4-yl)-3-ethylurea",CCNC(=O)Nc1c(C)n(C)n(-c2ccccc2)c1=O
F-559,N-(4-Chlorophenyl)-n-hydroxy-4-methylbenzamide,Cc1ccc(C(=O)N(O)c2ccc(Cl)cc2)cc1
F-562,4-[(4-carboxyphenyl)-phenylphosphoryl]benzoic acid,O=C(O)c1ccc(P(=O)(c2ccccc2)c2ccc(C(=O)O)cc2)cc1
F-563,2-(4-oxo-1H-quinazolin-2-yl)benzenesulfonamide,NS(=O)(=O)c1ccccc1-c1nc2ccccc2c(=O)[nH]1
F-564,3-(propan-2-ylideneamino)-1-(9H-xanthen-9-yl)urea,CC(C)=NNC(=O)NC1c2ccccc2Oc2ccccc21
F-565,"6-aminocyclohexane-1,2,3,4,5-pentol",NC1C(O)C(O)C(O)C(O)C1O
F-567,4-(hydroxy-phenylphosphoryl)benzoic acid,O=C(O)c1ccc(P(=O)(O)c2ccccc2)cc1
F-568,"N-[4-[(4-methyl-1,3-thiazol-2-yl)sulfamoyl]phenyl]acetamide",CC(=O)Nc1ccc(S(=O)(=O)Nc2nc(C)cs2)cc1
F-570,"4-amino-N-(5,6,7,8-tetrahydroquinazolin-2-yl)benzenesulfonamide",Nc1ccc(S(=O)(=O)Nc2ncc3c(n2)CCCC3)cc1
F-571,"2-[5-[(4-hydroxyphenyl)methyl]-3-methyl-2,4-dioxoimidazolidin-1-yl]acetic acid",CN1C(=O)C(Cc2ccc(O)cc2)N(CC(=O)O)C1=O
F-572,2-[(2-amino-4-methylpentanoyl)amino]-3-(4-hydroxyphenyl)propanoic acid,CC(C)CC(N)C(=O)NC(Cc1ccc(O)cc1)C(=O)O
F-573,1-cyclohexyl-3-(2-dimethylaminoethyl)urea,CN(C)CCNC(=O)NC1CCCCC1
F-574,1-diethylaminopropan-2-yl 4-aminobenzoate,CCN(CC)CC(C)OC(=O)c1ccc(N)cc1
F-575,2-diethylaminopropyl 4-aminobenzoate,CCN(CC)C(C)COC(=O)c1ccc(N)cc1
F-576,2-[[2-amino-3-(4-hydroxyphenyl)propanoyl]amino]-4-methylpentanoic acid,CC(C)CC(NC(=O)C(N)Cc1ccc(O)cc1)C(=O)O
F-578,"1-butyl-3-(1,5-dimethyl-3-oxo-2-phenylpyrazol-4-yl)urea",CCCCNC(=O)Nc1c(C)n(C)n(-c2ccccc2)c1=O
F-582,"5,8-dihydroxy-1-methyl-3,4,4a,5,6,7,8,8a-octahydro-1H-naphthalen-2-one",CC1C(=O)CCC2C(O)CCC(O)C12
F-585,"(~{N}~{Z})-~{N}-[(2~{Z})-2-hydroxyimino-4-(2,4,4-trimethylpentan-2-yl)cyclohexylidene]hydroxylamine",CC(C)(C)CC(C)(C)C1CCC(=N/O)/C(=N\O)C1
F-586,"3-(3,4-dihydroxyphenyl)-2-methylaminopropanoic acid",CNC(Cc1ccc(O)c(O)c1)C(=O)O
F-590,"2-acetamido-3-(2,6-dichlorophenyl)sulfanylpropanoic acid",CC(=O)NC(CSc1c(Cl)cccc1Cl)C(=O)O
F-591,2-[bis(2-cyanoethyl)amino]-3-(4-hydroxyphenyl)propanoic acid,N#CCCN(CCC#N)C(Cc1ccc(O)cc1)C(=O)O
F-592,"4-[(10,13-dimethyl-3-oxo-1,2,6,7,8,9,11,12,14,15,16,17-dodecahydrocyclopenta[a]phenanthren-17-yl)oxy]-4-oxobutanoic acid",CC12CCC(=O)C=C1CCC1C2CCC2(C)C(OC(=O)CCC(=O)O)CCC12
F-594,"2-(5-benzyl-2,4-dioxo-3-phenylimidazolidin-1-yl)acetic acid",O=C(O)CN1C(=O)N(c2ccccc2)C(=O)C1Cc1ccccc1
F-595,"4,4-dimethylbicyclo[3.2.1]octane-2,3-dione",CC1(C)C(=O)C(=O)C2CCC1C2
F-596,ethyl 2-hydroxy-2-phenylacetate,CCOC(=O)C(O)c1ccccc1
F-597,"1,7-dimethyl-2-oxobicyclo[2.2.1]heptane-7-carboxylic acid",CC12CCC(CC1=O)C2(C)C(=O)O
F-598,"(~{N}~{E})-~{N}-[(3~{Z})-3-hydroxyimino-1,7,7-trimethyl-2-bicyclo[2.2.1]heptanylidene]hydroxylamine",CC12CCC(C(=NO)C1=NO)C2(C)C
F-599,2-phenylsulfonylpropanoic acid,CC(C(=O)O)S(=O)(=O)c1ccccc1
F-600,2-(benzoylamino)-3-hydroxybutanoic acid,CC(O)C(NC(=O)c1ccccc1)C(=O)O
F-601,2-(carboxymethylsulfanyl)-2-phenylacetic acid,O=C(O)CSC(C(=O)O)c1ccccc1
F-602,2-methyl-4-oxo-4-(phenylamino)butanoic acid,CC(CC(=O)Nc1ccccc1)C(=O)O
F-604,"N,N-Dimethyl-2-(phenylsulfonyl)propanamide",CC(C(=O)N(C)C)S(=O)(=O)c1ccccc1
F-605,2-(benzoylamino)-3-methoxybutanoic acid,COC(C)C(NC(=O)c1ccccc1)C(=O)O
F-606,2-(carboxymethylamino)-3-phenylpropanoic acid,O=C(O)CNC(Cc1ccccc1)C(=O)O
F-609,2-(carboxymethylamino)-3-(4-hydroxyphenyl)propanoic acid,O=C(O)CNC(Cc1ccc(O)cc1)C(=O)O
F-610,"(2Z,4Z,2'E,4'E)-4,4'-[(1S,2S)-1,2-Cyclohexanediyldinitrilo]bis(2-penten-2-ol)",CC(=O)C=C(C)NC1CCCCC1NC(C)=CC(C)=O
F-611,"(5E)-5-(Diphenylhydrazono)-1,2,3,4-pentanetetrol",OCC(O)C(O)C(O)C=NN(c1ccccc1)c1ccccc1
F-612,"17-hydroxy-17-(1-hydroxyethyl)-10,13-dimethyl-2,6,7,8,9,11,12,14,15,16-decahydro-1H-cyclopenta[a]phenanthren-3-one",CC(O)C1(O)CCC2C3CCC4=CC(=O)CCC4(C)C3CCC21C
F-613,1-(4-fluorophenyl)-4-[4-hydroxy-4-(4-methylphenyl)piperidin-1-yl]butan-1-one,Cc1ccc(C2(O)CCN(CCCC(=O)c3ccc(F)cc3)CC2)cc1
F-614,"4-(3,6-dihydroxy-10,13-dimethyl-2,3,4,5,6,7,8,9,11,12,14,15,16,17-tetradecahydro-1H-cyclopenta[a]phenanthren-17-yl)pentanoic acid",CC(CCC(=O)O)C1CCC2C3CC(O)C4CC(O)CCC4(C)C3CCC12C
F-617,"2,2'-(1,2-Ethanediyldisulfanediyl)bis(phenylacetic acid)",O=C(O)C(SCCSC(C(=O)O)c1ccccc1)c1ccccc1
F-618,2-[[2-[[2-amino-3-(4-hydroxyphenyl)propanoyl]amino]acetyl]amino]acetic acid,NC(Cc1ccc(O)cc1)C(=O)NCC(=O)NCC(=O)O
F-619,"1-(1,5-dimethyl-3-oxo-2-phenylpyrazol-4-yl)-3-phenylurea",Cc1c(NC(=O)Nc2ccccc2)c(=O)n(-c2ccccc2)n1C
F-621,1-(4-hydroxy-3-methylphenyl)-3-methylbutan-1-one,Cc1cc(C(=O)CC(C)C)ccc1O
F-622,"(1Z,2E)-N,N'-Dihydroxy-3,6-dimethyl-1,2-cyclohexanediimine",CC1CCC(C)C(=NO)C1=NO
F-623,"(1E,2Z)-4-Ethyl-N,N'-dihydroxy-1,2-cyclohexanediimine",CCC1CCC(=NO)C(=NO)C1
F-624,7-hydroxy-2-(4-hydroxyphenyl)-5-methoxy-8-(3-methylbut-2-enyl)chroman-4-one,COc1cc(O)c(CC=C(C)C)c2c1C(=O)CC(c1ccc(O)cc1)O2
F-625,ethyl 3-bromo-4-hydroxybenzoate,CCOC(=O)c1ccc(O)c(Br)c1
F-626,2-(4-phenylphenyl)acetamide,NC(=O)Cc1ccc(-c2ccccc2)cc1
F-627,propyl 3-chloro-4-hydroxybenzoate,CCCOC(=O)c1ccc(O)c(Cl)c1
F-628,propyl 3-bromo-4-hydroxybenzoate,CCCOC(=O)c1ccc(O)c(Br)c1
F-629,"4-[3-(4-hydroxyphenyl)-1,1-dioxobenzo[c]oxathiol-3-yl]phenol",O=S1(=O)OC(c2ccc(O)cc2)(c2ccc(O)cc2)c2ccccc21
F-631,1-(4-methoxyphenyl)-1-methylurea,COc1ccc(N(C)C(N)=O)cc1
F-633,1-(4-Ethoxyphenyl)-1-methylurea,NC(=O)NN=CCOC1CCCCC1
F-634,1-(4-ethoxyphenyl)-1-methylurea,CCOc1ccc(N(C)C(N)=O)cc1
F-636,2-methoxy-5-methylbenzenesulfonamide,COc1ccc(C)cc1S(N)(=O)=O
F-637,butyl 3-chloro-4-hydroxybenzoate,CCCCOC(=O)c1ccc(O)c(Cl)c1
F-638,butyl 3-bromo-4-hydroxybenzoate,CCCCOC(=O)c1ccc(O)c(Br)c1
F-639,2-(4-chloro-2-methylphenoxy)ethanethioic S-acid,Cc1cc(Cl)ccc1OCC(O)=S
F-640,Pentyl 3-chloro-4-hydroxybenzoate,CCCCCOC(=O)c1ccc(O)c(Cl)c1
F-641,Pentyl 3-bromo-4-hydroxybenzoate,CCCCCOC(=O)c1ccc(O)c(Br)c1
F-642,pentyl 4-hydroxy-3-iodobenzoate,CCCCCOC(=O)c1ccc(O)c(I)c1
F-645,2-phenylsulfonylpropanamide,CC(C(N)=O)S(=O)(=O)c1ccccc1
F-647,1-(4-ethoxyphenyl)-1-ethylurea,CCOc1ccc(N(CC)C(N)=O)cc1
F-648,"2-(2,4-dichlorophenoxy)ethanethioic S-acid",OC(=S)COc1ccc(Cl)cc1Cl
F-649,hexyl 3-chloro-4-hydroxybenzoate,CCCCCCOC(=O)c1ccc(O)c(Cl)c1
F-650,Hexyl 3-bromo-4-hydroxybenzoate,CCCCCCOC(=O)c1ccc(O)c(Br)c1
F-651,hexyl 4-hydroxy-3-iodobenzoate,CCCCCCOC(=O)c1ccc(O)c(I)c1
F-652,"3-(2,3-dimethoxyphenoxy)propane-1,2-diol",COc1cccc(OCC(O)CO)c1OC
F-653,"3,4,5-Trichloro-2,6-dimethoxyphenol",COc1c(O)c(OC)c(Cl)c(Cl)c1Cl
F-654,"4-dimethylaminobenzene-1,3-dicarboxylic acid",CN(C)c1ccc(C(=O)O)cc1C(=O)O
F-655,Heptyl 3-chloro-4-hydroxybenzoate,CCCCCCCOC(=O)c1ccc(O)c(Cl)c1
F-656,Heptyl 3-bromo-4-hydroxybenzoate,CCCCCCCOC(=O)c1ccc(O)c(Br)c1
F-657,heptyl 4-hydroxy-3-iodobenzoate,CCCCCCCOC(=O)c1ccc(O)c(I)c1
F-658,4-hydroxy-5-methoxyphthalic acid,COc1cc(C(=O)O)c(C(=O)O)cc1O
F-659,2-(3-hydroxyphenyl)sulfonylphenol,O=S(=O)(c1cccc(O)c1)c1ccccc1O
F-660,3-(3-hydroxyphenyl)sulfonylphenol,O=S(=O)(c1cccc(O)c1)c1cccc(O)c1
F-661,N-Methylsulfonylcyclohexanesulfonamide,CS(=O)(=O)NS(=O)(=O)C1CCCCC1
F-662,octyl 3-chloro-4-hydroxybenzoate,CCCCCCCCOC(=O)c1ccc(O)c(Cl)c1
F-663,Octyl 3-bromo-4-hydroxybenzoate,CCCCCCCCOC(=O)c1ccc(O)c(Br)c1
F-664,octyl 4-hydroxy-3-iodobenzoate,CCCCCCCCOC(=O)c1ccc(O)c(I)c1
F-665,Butyl 4-acetamidobenzoate,CCN(CC)C(C)C(C)OC(=O)c1ccc(N)cc1
F-667,"2-(2,4,5-trichlorophenoxy)ethanethioic S-acid",OC(=S)COc1cc(Cl)c(Cl)cc1Cl
F-669,2-Hydroxy-3-phenoxy-N-phenylpropanamide,O=C(Nc1ccccc1)C(O)COc1ccccc1
F-670,2-ethoxy-N-hydroxy-N-phenylbenzamide,CCOc1ccccc1C(=O)N(O)c1ccccc1
F-671,"N-[4-(4-aminophenyl)sulfonylphenyl]ethane-1,2-diamine",NCCNc1ccc(S(=O)(=O)c2ccc(N)cc2)cc1
F-673,"4-amino-~{N}-[1,3-dihydroxy-2-(hydroxymethyl)propan-2-yl]benzenesulfonamide",Nc1ccc(S(=O)(=O)NC(CO)(CO)CO)cc1
F-674,N-(N-Methylcarbamimidoyl)-2-naphthalenesulfonamide,CNC(=N)NS(=O)(=O)c1ccc2ccccc2c1
F-675,2-[(2-benzamido-2-methylpropanoyl)amino]acetic acid,CC(C)(NC(=O)c1ccccc1)C(=O)NCC(=O)O
F-676,2-Chloro-6-[(E)-(4-hydroxyphenyl)diazenyl]benzoic acid,O=C(O)c1c(Cl)cccc1N=Nc1ccc(O)cc1
F-678,"Ethyl (2-{[(4-aminophenyl)sulfonyl]amino}-4-methyl-1,3-thiazol-5-yl)acetate",CCOC(=O)Cc1sc(NS(=O)(=O)c2ccc(N)cc2)nc1C
F-679,4-Amino-N-(2-methyl-1-naphthyl)benzenesulfonamide,Cc1ccc2ccccc2c1NS(=O)(=O)c1ccc(N)cc1
F-680,"2,2-dihydroxy-N,N'-bis(4-methylphenyl)propanediamide",Cc1ccc(NC(=O)C(O)(O)C(=O)Nc2ccc(C)cc2)cc1
F-681,2-[5-[(2-hydroxy-2-oxo-1-phenylethyl)amino]pentylamino]-2-phenylacetic acid,O=C(O)C(NCCCCCNC(C(=O)O)c1ccccc1)c1ccccc1
F-683,2-amino-9-[4-(hydroxymethyl)-1-cyclopent-2-enyl]-3H-purin-6-one,Nc1nc(O)c2ncn(C3C=CC(CO)C3)c2n1
F-684,4-(4-hydroxyphenyl)sulfonylfuran-2-sulfonamide,NS(=O)(=O)c1cc(S(=O)(=O)c2ccc(O)cc2)co1
F-685,4-(4-hydroxyphenyl)sulfonylthiophene-2-sulfonamide,NS(=O)(=O)c1cc(S(=O)(=O)c2ccc(O)cc2)cs1
F-686,4-(4-methoxyphenyl)sulfonylfuran-2-sulfonamide,COc1ccc(S(=O)(=O)c2coc(S(N)(=O)=O)c2)cc1
F-687,4-(4-methoxyphenyl)sulfonylthiophene-2-sulfonamide,COc1ccc(S(=O)(=O)c2csc(S(N)(=O)=O)c2)cc1
F-688,4-(3-hydroxyphenyl)sulfonylthiophene-2-sulfonamide,NS(=O)(=O)c1cc(S(=O)(=O)c2cccc(O)c2)cs1
F-690,2-Amino-6-(9H-fluoren-9-ylmethoxycarbonylamino)hexanoic acid,NC(CCCCNC(=O)OCC1c2ccccc2-c2ccccc21)C(=O)O
F-691,Cyproheptadine,CN1CCC(=C2c3ccccc3C=Cc3ccccc32)CC1
F-692,4-[4-[(2-methylpropylamino)methyl]phenyl]sulfonylthiophene-2-sulfonamide,CC(C)CNCc1ccc(S(=O)(=O)c2csc(S(N)(=O)=O)c2)cc1
F-694,N-chloro-4-methylbenzenesulfonamide,Cc1ccc(S(=O)(=O)NCl)cc1
F-695,"3,5-Dichloro-2,6-dimethoxyphenol",COc1c(Cl)cc(Cl)c(OC)c1O
F-697,"2-(hydroxymethyl)-1,5-dimethylspiro[8-oxatricyclo[7.2.1.0^{2,7}]dodec-5-ene-12,2'-oxirane]-11-ol",CC1=CC2OC3CC(O)C(C)(C2(CO)CC1)C31CO1
F-698,1-tert-butyl-6-fluoro-4-oxo-7-piperazin-1-ylquinoline-3-carboxylic acid,CC(C)(C)n1cc(C(=O)O)c(=O)c2cc(F)c(N3CCNCC3)cc21
F-700,Asenapine,CN1CC2c3ccccc3Oc3ccc(Cl)cc3C2C1
F-703,(5-ethynyl-1-azabicyclo[2.2.2]octan-7-yl)-(6-methoxyquinolin-4-yl)methanol,C#CC1CN2CCC1CC2C(O)c1ccnc2ccc(OC)cc12
F-704,decylsulfanylmethanimidamide,CCCCCCCCCCSC(=N)N
F-705,ethyl 4-methylpiperazine-1-carboxylate,CCOC(=O)N1CCN(C)CC1
F-706,"ethyl 2,5-dimethylpiperazine-1-carboxylate",CCOC(=O)N1CC(C)NCC1C
F-707,2-methylacridin-9-amine,Cc1ccc2nc3ccccc3c(N)c2c1
F-708,4-methylsulfonylbenzenecarboximidamide,CS(=O)(=O)c1ccc(C(=N)N)cc1
F-709,"2,5-dimethylpiperazine-1,4-dicarboximidamide",CC1CN(C(=N)N)C(C)CN1C(=N)N
F-710,2-fluoroacridin-9-amine,Nc1c2ccccc2nc2ccc(F)cc12
F-711,3-Fluoro-9-acridinamine,Nc1c2ccccc2nc2cc(F)ccc12
F-712,4-Fluoro-9-acridinamine,Nc1c2ccccc2nc2c(F)cccc12
F-713,1-fluoroacridin-9-amine,Nc1c2ccccc2nc2cccc(F)c12
F-714,1-chloroacridin-9-amine,Nc1c2ccccc2nc2cccc(Cl)c12
F-715,1-decylpiperidine,CCCCCCCCCCN1CCCCC1
F-716,2-chloroacridin-9-amine,Nc1c2ccccc2nc2ccc(Cl)cc12
F-717,3-chloroacridin-9-amine,Nc1c2ccccc2nc2cc(Cl)ccc12
F-718,"1-(diethylamino)-3-(2,6-dimethylphenyl)urea",CCN(CC)NC(=O)Nc1c(C)cccc1C
F-719,di(phenyl)-piperidin-4-ylmethanol,OC(c1ccccc1)(c1ccccc1)C1CCNCC1
F-722,"N,N'-dicyclohexylethane-1,2-diamine",C1CCC(NCCNC2CCCCC2)CC1
F-723,1-(trifluoromethyl)acridin-9-amine,Nc1c2ccccc2nc2cccc(C(F)(F)F)c12
F-724,"N,N'-bis(3,5,5-trimethylhexyl)ethane-1,2-diamine",CC(CCNCCNCCC(C)CC(C)(C)C)CC(C)(C)C
F-725,1-(4-chloronaphthalen-1-yl)-2-piperidin-1-ylethanol,OC(CN1CCCCC1)c1ccc(Cl)c2ccccc12
F-726,3-(trifluoromethyl)acridin-9-amine,Nc1c2ccccc2nc2cc(C(F)(F)F)ccc12
F-727,4-(diethylamino)-2-(4-methoxynaphthalen-1-yl)butan-2-ol,CCN(CC)CCC(C)(O)c1ccc(OC)c2ccccc12
F-728,"5,5'-(1,2-Ethanediyl)di(2-furancarboximidamide)",N=C(N)c1ccc(CCc2ccc(C(=N)N)o2)o1
F-729,2-(1-phenylethylamino)ethyl 4-ethoxybenzoate,CCOc1ccc(C(=O)OCCNC(C)c2ccccc2)cc1
F-730,"N,N'-Bis(2-methylphenyl)-2-oxomalonamide",Cc1ccccc1NC(=O)C(=O)C(=O)Nc1ccccc1C
F-732,4-(4-hydroxy-4-phenylpiperidin-1-yl)-1-phenylbutan-1-one,O=C(CCCN1CCC(O)(c2ccccc2)CC1)c1ccccc1
F-733,4-[4-hydroxy-4-(4-methylphenyl)piperidin-1-yl]-1-phenylbutan-1-one,Cc1ccc(C2(O)CCN(CCCC(=O)c3ccccc3)CC2)cc1
F-734,"16-(dimethylaminomethyl)-3-hydroxy-10,13-dimethyl-1,2,3,4,7,8,9,11,12,14,15,16-dodecahydrocyclopenta[a]phenanthren-17-one",CN(C)CC1CC2C3CC=C4CC(O)CCC4(C)C3CCC2(C)C1=O
F-736,4-[4-(4-fluorophenyl)-4-hydroxypiperidin-1-yl]-1-phenylbutan-1-one,O=C(CCCN1CCC(O)(c2ccc(F)cc2)CC1)c1ccccc1
F-738,4-[4-(4-chlorophenyl)-4-hydroxypiperidin-1-yl]-1-phenylbutan-1-one,O=C(CCCN1CCC(O)(c2ccc(Cl)cc2)CC1)c1ccccc1
F-739,3-amino-5-sulfobenzoic acid,Nc1cc(C(=O)O)cc(S(=O)(=O)O)c1
F-740,1-hydroxy-3-oxoindene-2-sulfonic acid,O=C1C(S(=O)(=O)O)=C(O)c2ccccc21
F-741,di(phenyl)-piperidin-2-ylmethanol,OC(c1ccccc1)(c1ccccc1)C1CCCCN1
F-742,1-[(4-chlorophenyl)-phenylmethyl]-4-[(3-methylphenyl)methyl]piperazine,Cc1cccc(CN2CCN(C(c3ccccc3)c3ccc(Cl)cc3)CC2)c1
F-743,1-(4-fluorophenyl)-4-[4-(4-fluorophenyl)-4-hydroxypiperidin-1-yl]butan-1-one,O=C(CCCN1CCC(O)(c2ccc(F)cc2)CC1)c1ccc(F)cc1
F-745,"3-methyl-9-phenylmethoxy-2,4,4~{a},5,6,7,7~{a},13-octahydro-1~{H}-4,12-methanobenzofuro[3,2-e]isoquinoline",CN1CCC23c4c5ccc(OCc6ccccc6)c4OC2CCCC3C1C5
F-747,1-phenylsulfanylethanesulfonic acid,CC(Sc1ccccc1)S(=O)(=O)O
F-749,2-phenylsulfanylethanesulfonic acid,O=S(=O)(O)CCSc1ccccc1
F-751,2-[(4-aminophenyl)sulfonylamino]benzoic acid,Nc1ccc(S(=O)(=O)Nc2ccccc2C(=O)O)cc1
F-752,"17-methyl-17-azatetracyclo[7.5.3.0^{1,10}.0^{2,7}]heptadeca-2(7),3,5,11,13-pentaene-3,4-diol",CN1CCC23C=CC=CC2C1Cc1ccc(O)c(O)c13
F-753,"9-(methoxymethoxy)-3-methyl-2,4,4~{a},5,6,7,7~{a},13-octahydro-1~{H}-4,12-methanobenzofuro[3,2-e]isoquinolin-7-ol",COCOc1ccc2c3c1OC1C(O)CCC4C(C2)N(C)CCC341
F-754,1-(4-chloronaphthalen-1-yl)-2-dimethylaminoethanol,CN(C)CC(O)c1ccc(Cl)c2ccccc12
F-756,4-amino-N-pyrimidin-2-ylbenzenesulfonamide,Nc1ccc(S(=O)(=O)Nc2ncccn2)cc1
F-758,"(9-methoxy-3-methyl-2,4,4~{a},7,7~{a},13-hexahydro-1~{H}-4,12-methanobenzofuro[3,2-e]isoquinolin-7-yl) acetate",COc1ccc2c3c1OC1C(OC(C)=O)C=CC4C(C2)N(C)CCC341
F-761,Benzyl phenyl(sulfooxy)acetate,O=C(OCc1ccccc1)C(OS(=O)(=O)O)c1ccccc1
F-762,1-[4-[2-(diaminomethylidene)hydrazinyl]naphthalen-1-yl]iminoguanidine,N=C(N)NN=C1C=CC(=NNC(=N)N)c2ccccc21
F-767,"4-Chloro-N,N-dimethylbenzamide",CN(C)C(=O)c1ccc(Cl)cc1
F-768,4-methoxybenzohydrazide,COc1ccc(C(=O)NN)cc1
F-769,"N-[(4-methoxyphenyl)methyl]-N',N'-dimethyl-N-pyrimidin-2-ylethane-1,2-diamine",COc1ccc(CN(CCN(C)C)c2ncccn2)cc1
F-774,Acetylcodone,COc1ccc2c3c1OC1C(OC(C)=O)CCC4C(C2)N(C)CCC341
F-775,3-Methylbutyl 6-[hydroxy(4-quinolinyl)methyl]quinuclidine-3-carboxylate,CC(C)CCOC(=O)C1CN2CCC1CC2C(O)c1ccnc2ccccc12
F-776,4-hydroxy-2-methylbenzenesulfonic acid,Cc1cc(O)ccc1S(=O)(=O)O
F-780,1-(propan-2-ylamino)-3-(2-prop-2-enylphenoxy)propan-2-ol,C=CCc1ccccc1OCC(O)CNC(C)C
F-782,"N,N-dimethyl-3-[1-(phenylmethyl)cycloheptyl]oxypropan-1-amine",CN(C)CCCOC1(Cc2ccccc2)CCCCCC1
F-783,N-Dichloracetyl-DL-serin-methylester,COC(=O)C(CO)NC(=O)C(Cl)Cl
F-784,"5-(benzoyl)-2,3-dihydro-1H-pyrrolizine-1-carboxylic acid",O=C(c1ccccc1)c1ccc2n1CCC2C(=O)O
F-786,"N,N-diethyl-1-phenothiazin-10-ylpropan-2-amine",CCN(CC)C(C)CN1c2ccccc2Sc2ccccc21
F-787,"1-[[4-(1,3-benzothiazol-2-yl)phenyl]methyl-ethoxyphosphoryl]pyrrolidin-2-one",CCOP(=O)(Cc1ccc(-c2nc3ccccc3s2)cc1)N1CCCC1=O
F-790,"ethyl 2-[4-(1,3-benzothiazol-2-yl)phenyl]acetate",CCOC(=O)Cc1ccc(-c2nc3ccccc3s2)cc1
F-792,2-[[2-amino-3-(1H-indol-3-yl)propanoyl]amino]-4-methylpentanoic acid,CC(C)CC(NC(=O)C(N)Cc1c[nH]c2ccccc12)C(=O)O
F-793,6-fluoro-1-(1-fluoro-2-methylpropan-2-yl)-4-oxo-7-piperazin-1-ylquinoline-3-carboxylic acid,CC(C)(CF)n1cc(C(=O)O)c(=O)c2cc(F)c(N3CCNCC3)cc21
F-794,"1-cyclopropyl-7-(3,6-diazabicyclo[2.2.1]heptan-6-yl)-6-fluoro-4-oxoquinoline-3-carboxylic acid",O=C(O)c1cn(C2CC2)c2cc(N3CC4CC3CN4)c(F)cc2c1=O
F-795,Methyl N-[2-({[(2-methyl-2-propanyl)oxy]carbonyl}amino)-4-pentynoyl]glycinate,C#CCC(NC(=O)OC(C)(C)C)C(=O)NCC(=O)OC
F-796,"O3-ethyl O5-methyl 4-(2,3-dichlorophenyl)-2,6-dimethyl-1,4-dihydropyridine-3,5-dicarboxylate",CCOC(=O)C1=C(C)NC(C)=C(C(=O)OC)C1c1cccc(Cl)c1Cl
F-797,"2-phenyl-5-(2-phenyl-1,3-dioxolan-4-yl)-1,3-dioxolane-4-carboxylic acid",O=C(O)C1OC(c2ccccc2)OC1C1COC(c2ccccc2)O1
F-798,"N,N-dimethyl-2-[6-methyl-2-(4-methylphenyl)imidazo[3,2-a]pyridin-3-yl]acetamide",Cc1ccc(-c2nc3ccc(C)cn3c2CC(=O)N(C)C)cc1
F-799,methyl 2-(6-methoxynaphthalen-2-yl)propanoate,COC(=O)C(C)c1ccc2cc(OC)ccc2c1
F-801,3-(2-oxo-4-propylpyridin-1-yl)propanoic acid,CCCc1ccn(CCC(=O)O)c(=O)c1
F-802,6-(2-oxopyridin-1-yl)hexanoic acid,O=C(O)CCCCCn1ccccc1=O
F-804,3-(4-heptyl-2-oxopyridin-1-yl)propanoic acid,CCCCCCCc1ccn(CCC(=O)O)c(=O)c1
F-805,"O2-butyl O1-(2-ethylhexyl) benzene-1,2-dicarboxylate",CCCCOC(=O)c1ccccc1C(=O)OCC(CC)CCCC
F-806,"4-amino-N-(5-methyl-8-propan-2-yl-5,6,7,8-tetrahydroquinazolin-2-yl)benzenesulfonamide",CC1CCC(C(C)C)c2nc(NS(=O)(=O)c3ccc(N)cc3)ncc21
F-807,"4-(aminomethyl)-9-methoxyfuro[3,2-g]chromen-7-one",COc1c2occc2c(CN)c2ccc(=O)oc12
F-808,2-phenyl-N-(1-phenylethyl)acetamide,CC(NC(=O)Cc1ccccc1)c1ccccc1
F-810,"7-chloro-3'-ethoxy-4,6-dimethoxy-5'-methylspiro[1-benzofuran-2,6'-cyclohex-2-ene]-1',3-dione",CCOC1=CC(=O)C2(Oc3c(Cl)c(OC)cc(OC)c3C2=O)C(C)C1
F-811,"N'-(6-chloro-2-methoxyacridin-9-yl)-N,N-diethylpentane-1,4-diamine",CCN(CC)CCCC(C)Nc1c2ccc(Cl)cc2nc2ccc(OC)cc12
F-812,"7-chloro-4,6-dimethoxy-5'-methyl-3'-propoxyspiro[1-benzofuran-2,6'-cyclohex-2-ene]-1',3-dione",CCCOC1=CC(=O)C2(Oc3c(Cl)c(OC)cc(OC)c3C2=O)C(C)C1
F-813,6-fluoro-4-oxo-7-piperazin-1-yl-1-propylquinoline-3-carboxylic acid,CCCn1cc(C(=O)O)c(=O)c2cc(F)c(N3CCNCC3)cc21
F-814,N-{(E)-[5-(Hydroxymethyl)-2-methyl-3-oxo-4(3H)-pyridinylidene]methyl}-L-valine,Cc1ncc(CO)c(C=NC(C(=O)O)C(C)C)c1O
F-815,"3,3-dimethyl-7-oxo-6-[(2-phenylacetyl)amino]-4-thia-1-azabicyclo[3.2.0]heptane-2-carboxylic acid",CC1(C)SC2C(NC(=O)Cc3ccccc3)C(=O)N2C1C(=O)O
F-816,(4-aminophenyl)sulfonylthiourea,NC(=S)NS(=O)(=O)c1ccc(N)cc1
F-819,"N,N-dimethyl-2-(1-phenyl-1-pyridin-2-ylethoxy)ethanamine",CN(C)CCOC(C)(c1ccccc1)c1ccccn1
F-824,4-amino-N-(4-methylpyrimidin-2-yl)benzenesulfonamide,Cc1ccnc(NS(=O)(=O)c2ccc(N)cc2)n1
F-825,4-oxo-4-[(4-sulfamoylphenyl)amino]butanoic acid,NS(=O)(=O)c1ccc(NC(=O)CCC(=O)O)cc1
F-826,(4-ethyl-3-methylquinolin-2-yl)methanamine,CCc1c(C)c(CN)nc2ccccc12
F-827,octylsulfanylmethanimidamide,CCCCCCCCSC(=N)N
F-828,2-[1-(4-chlorobenzoyl)-5-methoxy-2-methylindol-3-yl]acetic acid,COc1ccc2c(c1)c(CC(=O)O)c(C)n2C(=O)c1ccc(Cl)cc1
F-830,Pyrrolidinyl sulfone,O=S(=O)(N1CCCC1)N1CCCC1
F-831,3-hydroxy-5-(5-oxo-1-cyclopentenyl)pentanoic acid,O=C(O)CC(O)CCC1=CCCC1=O
F-834,"1-[(4-chlorophenyl)methyl]-5-fluoropyrimidine-2,4-dione",O=c1[nH]c(=O)n(Cc2ccc(Cl)cc2)cc1F
F-836,"5-fluoro-1-[(4-methoxyphenyl)methyl]pyrimidine-2,4-dione",COc1ccc(Cn2cc(F)c(=O)[nH]c2=O)cc1
F-838,"4,6-dimethyl-8,9,10,11-tetrahydro-[1]benzoxolo[2,3-h]chromen-2-one",Cc1cc(=O)oc2c1cc(C)c1oc3c(c12)CCCC3
F-839,"4-amino-~{N}-(1,11,11-trimethyl-3,5-diazatricyclo[6.2.1.0^{2,7}]undeca-2,4,6-trien-4-yl)benzenesulfonamide",CC12CCC(c3cnc(NS(=O)(=O)c4ccc(N)cc4)nc31)C2(C)C
F-840,2-[4-(2-hydroxyethoxy)phenoxy]ethanol,OCCOc1ccc(OCCO)cc1
F-841,"2-(1,1-dioxothiazinan-2-yl)acetic acid",O=C(O)CN1CCCCS1(=O)=O
F-842,"N-hydroxy-7-methyl-1,3,3~{a},4,5,6-hexahydrobenzo[de]isoquinoline-2-carboximidamide",Cc1ccc2c3c1CCCC3CN(C(N)=NO)C2
F-843,"7-methoxy-1,3,3~{a},4,5,6-hexahydrobenzo[de]isoquinoline-2-carboximidamide",COc1ccc2c3c1CCCC3CN(C(=N)N)C2
F-844,"N-hydroxy-1,3,3~{a},4,5,6-hexahydrobenzo[de]isoquinoline-2-carboximidamide",NC(=NO)N1Cc2cccc3c2C(CCC3)C1
F-845,"N-(dimethylamino)-1,3-dihydrobenzo[de]isoquinoline-2-carboximidamide",CN(C)NC(=N)N1Cc2cccc3cccc(c23)C1
F-846,N'-Isopropylidene-1H-benzo[de]isoquinoline-2(3H)-carboximidohydrazide,CC(C)=NNC(=N)N1Cc2cccc3cccc(c23)C1
F-847,"6-chloro-~{N}'-hydroxy-1,3-dihydrobenzo[de]isoquinoline-2-carboximidamide",NC(=NO)N1Cc2cccc3c(Cl)ccc(c23)C1
F-848,"N-hydroxy-7-methoxy-1,3,3~{a},4,5,6-hexahydrobenzo[de]isoquinoline-2-carboximidamide",COc1ccc2c3c1CCCC3CN(C(N)=NO)C2
F-849,"N-hydroxy-5-methoxy-1,3-dihydrobenzo[de]isoquinoline-2-carboximidamide",COc1cc2c3c(cccc3c1)CN(C(N)=NO)C2
F-850,"3'-butoxy-7-chloro-4,6-dimethoxy-5'-methylspiro[1-benzofuran-2,6'-cyclohex-2-ene]-1',3-dione",CCCCOC1=CC(=O)C2(Oc3c(Cl)c(OC)cc(OC)c3C2=O)C(C)C1
F-851,"N-(4-aminophenyl)-1,3-dihydrobenzo[de]isoquinoline-2-carboximidamide",NC(=Nc1ccc(N)cc1)N1Cc2cccc3cccc(c23)C1
F-852,4-[3-(dimethylaminomethyl)-4-hydroxybenzoyl]thiophene-2-sulfonamide,CN(C)Cc1cc(C(=O)c2csc(S(N)(=O)=O)c2)ccc1O
F-853,4-[4-[(2-methylpropylamino)methyl]benzoyl]thiophene-2-sulfonamide,CC(C)CNCc1ccc(C(=O)c2csc(S(N)(=O)=O)c2)cc1
F-855,4-[4-[(phenylmethylamino)methyl]benzoyl]thiophene-2-sulfonamide,NS(=O)(=O)c1cc(C(=O)c2ccc(CNCc3ccccc3)cc2)cs1
F-856,"N,N-dimethyl-1,3-dihydrobenzo[de]isoquinoline-2-carboximidamide",CN=C(NC)N1Cc2cccc3cccc(c23)C1
F-857,"5-fluoro-1-(oxolan-2-yl)pyrimidine-2,4-dione",O=c1[nH]c(=O)n(C2CCCO2)cc1F
F-858,"7-chloro-3'-ethoxy-4,6-dimethoxy-5'-methylspiro[1-benzofuran-2,4'-cyclohex-2-ene]-1',3-dione",CCOC1=CC(=O)CC(C)C12Oc1c(Cl)c(OC)cc(OC)c1C2=O
F-859,"1,1-dioxo-2-(2-oxopiperidin-3-yl)-1,2-benzothiazol-3-one",O=C1NCCCC1N1C(=O)c2ccccc2S1(=O)=O
F-861,5-hexoxy-2-[(~{Z})-~{N}-hydroxy-~{C}-methylcarbonimidoyl]phenol,CCCCCCOc1ccc(C(C)=NO)c(O)c1
F-863,5-decoxy-2-[(~{Z})-~{N}-hydroxy-~{C}-methylcarbonimidoyl]phenol,CCCCCCCCCCOc1ccc(C(C)=NO)c(O)c1
F-864,5-decoxy-2-[(~{E})-~{C}-ethyl-~{N}-hydroxycarbonimidoyl]phenol,CCCCCCCCCCOc1ccc(C(CC)=NO)c(O)c1
F-865,5-hexoxy-2-[(~{E})-~{N}-hydroxy-~{C}-phenylcarbonimidoyl]phenol,CCCCCCOc1ccc(C(=NO)c2ccccc2)c(O)c1
F-866,"7-chloro-3',6-diethoxy-4-methoxy-5'-methylspiro[1-benzofuran-2,4'-cyclohex-2-ene]-1',3-dione",CCOC1=CC(=O)CC(C)C12Oc1c(Cl)c(OCC)cc(OC)c1C2=O
F-867,"7-chloro-4,6-dimethoxy-5'-methyl-3'-propoxyspiro[1-benzofuran-2,4'-cyclohex-2-ene]-1',3-dione",CCCOC1=CC(=O)CC(C)C12Oc1c(Cl)c(OC)cc(OC)c1C2=O
F-868,"2-(phenylamino)-3,7-dihydropurin-6-one",O=c1[nH]c(Nc2ccccc2)nc2[nH]cnc12
F-869,"3,3-dimethyl-6-[[2-(4-methylphenoxy)acetyl]amino]-7-oxo-4-thia-1-azabicyclo[3.2.0]heptane-2-carboxylic acid",Cc1ccc(OCC(=O)NC2C(=O)N3C2SC(C)(C)C3C(=O)O)cc1
F-871,4-[[methyl(2-methylbutyl)amino]diazenyl]benzoic acid,CCC(C)CN(C)N=Nc1ccc(C(=O)O)cc1
F-872,"6-HYDROXY-1,3-BENZOTHIAZOLE-2-SULFONAMIDE",NS(=O)(=O)c1nc2ccc(O)cc2s1
F-873,3-Fluoro-n-hydroxy-n-phenylbenzamide,O=C(c1cccc(F)c1)N(O)c1ccccc1
F-874,N-hydroxy-2-(pyridin-2-ylmethylideneamino)benzamide,O=C(NO)c1ccccc1N=Cc1ccccn1
F-875,3-Fluoro-n-hydroxy-n-(2-methylphenyl)benzamide,Cc1ccccc1N(O)C(=O)c1cccc(F)c1
F-876,N-Hydroxy-n-(3-methylphenyl)-3-phenylpropanamide,Cc1cccc(N(O)C(=O)CCc2ccccc2)c1
F-877,N-Hydroxy-n-(2-methylphenyl)-3-phenylpropanamide,Cc1ccccc1N(O)C(=O)CCc1ccccc1
F-878,"3'-butoxy-7-chloro-4,6-dimethoxy-5'-methylspiro[1-benzofuran-2,4'-cyclohex-2-ene]-1',3-dione",CCCCOC1=CC(=O)CC(C)C12Oc1c(Cl)c(OC)cc(OC)c1C2=O
F-879,3-O-Octanoylhexopyranose,CCCCCCCC(=O)OC1C(O)C(O)OC(CO)C1O
F-880,"1,1-dioxospiro[2,1$l^{6}-benzoxathiole-3,9'-xanthene]-2',7'-diol",O=S1(=O)OC2(c3cc(O)ccc3Oc3ccc(O)cc32)c2ccccc21
F-881,"N-Hydroxy-3,5-dimethoxy-n-phenylbenzamide",COc1cc(OC)cc(C(=O)N(O)c2ccccc2)c1
F-882,"2,4-Dichloro-n-hydroxy-n-(3-methylphenyl)benzamide",Cc1cccc(N(O)C(=O)c2ccc(Cl)cc2Cl)c1
F-883,"2,4-Dichloro-n-hydroxy-n-(2-methylphenyl)benzamide",Cc1ccccc1N(O)C(=O)c1ccc(Cl)cc1Cl
F-884,"N-Hydroxy-3,5-dimethoxy-n-(2-methylphenyl)benzamide",COc1cc(OC)cc(C(=O)N(O)c2ccccc2C)c1
F-885,"N-Hydroxy-3,5-dimethoxy-n-(3-methylphenyl)benzamide",COc1cc(OC)cc(C(=O)N(O)c2cccc(C)c2)c1
F-887,2-[(~{Z})-(2-hydroxynaphthalen-1-yl)methylideneamino]guanidine,N=C(N)NN=Cc1c(O)ccc2ccccc12
F-890,(4-acetamidophenyl) dihydrogen phosphate,CC(=O)Nc1ccc(OP(=O)(O)O)cc1
F-891,N-Hydroxy-N-methylcycloheptanecarboxamide,CN(O)C(=O)C1CCCCCC1
F-892,N-Cyclohexyl-N-hydroxycyclopropanecarboxamide,O=C(C1CC1)N(O)C1CCCCC1
F-893,N-Cyclohexyl-N-hydroxycyclobutanecarboxamide,O=C(C1CCC1)N(O)C1CCCCC1
F-894,N-Cyclohexyl-N-hydroxycyclopentanecarboxamide,O=C(C1CCCC1)N(O)C1CCCCC1
F-895,4-(ethyl-methylamino)diazenylbenzoic acid,CCN(C)N=Nc1ccc(C(=O)O)cc1
F-896,4-(methyl-propylamino)diazenylbenzoic acid,CCCN(C)N=Nc1ccc(C(=O)O)cc1
F-897,4-(butyl-methylamino)diazenylbenzoic acid,CCCCN(C)N=Nc1ccc(C(=O)O)cc1
F-898,4-(methyl-pentylamino)diazenylbenzoic acid,CCCCCN(C)N=Nc1ccc(C(=O)O)cc1
F-899,4-(hexyl-methylamino)diazenylbenzoic acid,CCCCCCN(C)N=Nc1ccc(C(=O)O)cc1
F-900,4-(heptyl-methylamino)diazenylbenzoic acid,CCCCCCCN(C)N=Nc1ccc(C(=O)O)cc1
F-901,N-(4-Chlorophenyl)-n-hydroxynaphthalene-2-carboxamide,O=C(c1ccc2ccccc2c1)N(O)c1ccc(Cl)cc1
F-903,4-[3-[(2-methylpropylamino)methyl]benzoyl]thiophene-2-sulfonamide,CC(C)CNCc1cccc(C(=O)c2csc(S(N)(=O)=O)c2)c1
F-904,4-[4-(butylaminomethyl)benzoyl]thiophene-2-sulfonamide,CCCCNCc1ccc(C(=O)c2csc(S(N)(=O)=O)c2)cc1
F-905,4-[3-[(3-methylbutylamino)methyl]benzoyl]thiophene-2-sulfonamide,CC(C)CCNCc1cccc(C(=O)c2csc(S(N)(=O)=O)c2)c1
F-906,4-[4-hydroxy-3-[(methyl-(2-methylpropyl)amino)methyl]benzoyl]thiophene-2-sulfonamide,CC(C)CN(C)Cc1cc(C(=O)c2csc(S(N)(=O)=O)c2)ccc1O
F-907,4-[4-[(tert-butylamino)methyl]phenyl]sulfonylthiophene-2-sulfonamide,CC(C)(C)NCc1ccc(S(=O)(=O)c2csc(S(N)(=O)=O)c2)cc1
F-908,4-[4-(butylaminomethyl)phenyl]sulfonylthiophene-2-sulfonamide,CCCCNCc1ccc(S(=O)(=O)c2csc(S(N)(=O)=O)c2)cc1
F-909,4-[4-(morpholin-4-ylmethyl)benzoyl]thiophene-2-sulfonamide,NS(=O)(=O)c1cc(C(=O)c2ccc(CN3CCOCC3)cc2)cs1
F-910,4-[3-[(propan-2-ylamino)methyl]phenyl]sulfonylthiophene-2-sulfonamide,CC(C)NCc1cccc(S(=O)(=O)c2csc(S(N)(=O)=O)c2)c1
F-911,4-[3-[(butan-2-ylamino)methyl]phenyl]sulfonylthiophene-2-sulfonamide,CCC(C)NCc1cccc(S(=O)(=O)c2csc(S(N)(=O)=O)c2)c1
F-912,4-[3-(morpholin-4-ylmethyl)benzoyl]thiophene-2-sulfonamide,NS(=O)(=O)c1cc(C(=O)c2cccc(CN3CCOCC3)c2)cs1
F-913,"3-[[2-[2-(3,4-dimethoxyphenyl)ethylamino]-2-oxoethyl]amino]-N-methylbenzamide",CNC(=O)c1cccc(NCC(=O)NCCc2ccc(OC)c(OC)c2)c1
F-914,"5-(ethylaminomethyl)thieno[3,2-d]furan-2-sulfonamide",CCNCc1cc2cc(S(N)(=O)=O)oc2s1
F-915,"5-[(2-methylpropylamino)methyl]thieno[3,2-d]furan-2-sulfonamide",CC(C)CNCc1cc2cc(S(N)(=O)=O)oc2s1
F-916,"5-[(2-ethoxyethylamino)methyl]thieno[3,2-d]furan-2-sulfonamide",CCOCCNCc1cc2cc(S(N)(=O)=O)oc2s1
F-917,"3-[[2-[2-(3,4-dimethoxyphenyl)ethylamino]-2-oxoethyl]amino]benzamide",COc1ccc(CCNC(=O)CNc2cccc(C(N)=O)c2)cc1OC
F-918,"[2,5-dioxo-4,4-di(phenyl)imidazolidin-1-yl]methyl dihydrogen phosphate",O=C1NC(c2ccccc2)(c2ccccc2)C(=O)N1COP(=O)(O)O
F-919,"5-[(pyridin-2-ylmethylamino)methyl]thieno[3,2-d]furan-2-sulfonamide",NS(=O)(=O)c1cc2cc(CNCc3ccccn3)sc2o1
F-928,[2-(2-hydroxyethyl-methylamino)-2-oxoethyl] benzoate,CN(CCO)C(=O)COC(=O)c1ccccc1
F-935,"5-fluoro-1-[(4-methylphenyl)methyl]pyrimidine-2,4-dione",Cc1ccc(Cn2cc(F)c(=O)[nH]c2=O)cc1
F-944,"1-[(2,4-dichlorophenyl)methyl]-5-fluoropyrimidine-2,4-dione",O=c1[nH]c(=O)n(Cc2ccc(Cl)cc2Cl)cc1F
F-951,N-[4-(acridin-9-ylamino)-3-methylaminophenyl]methanesulfonamide,CNc1cc(NS(C)(=O)=O)ccc1Nc1c2ccccc2nc2ccccc12
F-952,2-[(2-aminoacetyl)amino]-N-[4-chloro-2-(2-chlorobenzoyl)phenyl]-N-methylacetamide,CN(C(=O)CNC(=O)CN)c1ccc(Cl)cc1C(=O)c1ccccc1Cl
F-953,2-amino-2-(4-hydroxyphenyl)acetic acid,NC(C(=O)O)c1ccc(O)cc1
F-955,"4-hydroxy-7,7-dioxo-5,6-dihydro-4H-thieno[5,4-b]thiopyran-2-sulfonamide",NS(=O)(=O)c1cc2c(s1)S(=O)(=O)CCC2O
F-957,"1,2-di(phenyl)ethane-1,2-dione",O=C(C(=O)c1ccccc1)c1ccccc1
F-960,1-(2-methoxyphenyl)-N-[1-(2-methoxyphenyl)propan-2-yl]propan-2-amine,COc1ccccc1CC(C)NC(C)Cc1ccccc1OC
F-968,4-chloro-N-(4-chlorophenyl)sulfonylbenzenesulfonamide,O=S(=O)(NS(=O)(=O)c1ccc(Cl)cc1)c1ccc(Cl)cc1
F-969,"4-amino-N-(4-methyl-1,3-thiazol-2-yl)benzenesulfonamide",Cc1csc(NS(=O)(=O)c2ccc(N)cc2)n1
F-971,"(7,7-dimethyl-2-oxo-1-bicyclo[2.2.1]heptanyl)methanesulfonic acid",CC1(C)C2CCC1(CS(=O)(=O)O)C(=O)C2
F-972,1-(3-methoxyphenyl)-~{N}-[1-(2-methoxyphenyl)propan-2-yl]propan-2-amine,COc1cccc(CC(C)NC(C)Cc2ccccc2OC)c1
F-974,Dihydroneopine,COc1ccc2c3c1OC1C(O)CCC4C(C2)N(C)CCC341
F-977,"2,5-dihydroxy-2-methyl-5-propan-2-ylhexanedioic acid",CC(C)C(O)(CCC(C)(O)C(=O)O)C(=O)O
F-978,2-(1-hydroxy-1-oxopropan-2-yl)sulfanylcarbothioylsulfanylpropanoic acid,CC(SC(=S)SC(C)C(=O)O)C(=O)O
F-979,4-(Carboxysulfanyl)-3-phenylbutanoic acid,O=C(O)CC(CSC(=O)O)c1ccccc1
F-982,Benzil dioxime,ON=C(C(=NO)c1ccccc1)c1ccccc1
F-985,7-(3-aminoazetidin-1-yl)-1-cyclopropyl-6-fluoro-4-oxoquinoline-3-carboxylic acid,NC1CN(c2cc3c(cc2F)c(=O)c(C(=O)O)cn3C2CC2)C1
F-986,1-cyclopropyl-6-fluoro-7-(3-methylaminoazetidin-1-yl)-4-oxoquinoline-3-carboxylic acid,CNC1CN(c2cc3c(cc2F)c(=O)c(C(=O)O)cn3C2CC2)C1
F-987,7-(3-amino-3-methylazetidin-1-yl)-1-cyclopropyl-6-fluoro-4-oxoquinoline-3-carboxylic acid,CC1(N)CN(c2cc3c(cc2F)c(=O)c(C(=O)O)cn3C2CC2)C1
F-988,7-(3-amino-3-methylazetidin-1-yl)-8-chloro-1-cyclopropyl-6-fluoro-4-oxoquinoline-3-carboxylic acid,CC1(N)CN(c2c(F)cc3c(=O)c(C(=O)O)cn(C4CC4)c3c2Cl)C1
F-989,"5-amino-7-(3-amino-3-methylazetidin-1-yl)-1-cyclopropyl-6,8-difluoro-4-oxoquinoline-3-carboxylic acid",CC1(N)CN(c2c(F)c(N)c3c(=O)c(C(=O)O)cn(C4CC4)c3c2F)C1
F-990,N-(phenylmethyl)-7H-purin-6-amine,c1ccc(CNc2ncnc3[nH]cnc23)cc1
F-991,"7-(3-aminoazetidin-1-yl)-1-cyclopropyl-6,8-difluoro-4-oxoquinoline-3-carboxylic acid",NC1CN(c2c(F)cc3c(=O)c(C(=O)O)cn(C4CC4)c3c2F)C1
F-992,N-(furan-2-ylmethyl)-7H-purin-6-amine,c1coc(CNc2ncnc3[nH]cnc23)c1
F-993,"7-(3-amino-3-methylazetidin-1-yl)-1-cyclopropyl-6,8-difluoro-4-oxoquinoline-3-carboxylic acid",CC1(N)CN(c2c(F)cc3c(=O)c(C(=O)O)cn(C4CC4)c3c2F)C1
F-994,"1-cyclopropyl-6,8-difluoro-7-(3-methylaminoazetidin-1-yl)-4-oxoquinoline-3-carboxylic acid",CNC1CN(c2c(F)cc3c(=O)c(C(=O)O)cn(C4CC4)c3c2F)C1
F-995,"5-ethyl-8-oxo-[1,3]dioxolo[4,5-g]quinoline-7-carboxylic acid",CCn1cc(C(=O)O)c(=O)c2cc3c(cc21)OCO3
F-996,propan-2-yl 2-(6-methoxynaphthalen-2-yl)propanoate,COc1ccc2cc(C(C)C(=O)OC(C)C)ccc2c1
F-998,"ethyl 5-(benzoyl)-2,3-dihydro-1H-pyrrolizine-1-carboxylate",CCOC(=O)C1CCn2c(C(=O)c3ccccc3)ccc21
F-999,"6-methoxy-3,3,12-trimethylchromeno[5,6-b][1,8]naphthyridin-7-one",COc1cc2c(c3c1c(=O)c1cccnc1n3C)C=CC(C)(C)O2
F-1001,"5,6-dihydroxy-5,6-dihydrobenzo[b][1]benzazepine-11-carboxamide",NC(=O)N1c2ccccc2C(O)C(O)c2ccccc21
F-1002,6-O-(Octylcarbamoyl)hexopyranose,CCCCCCCCNC(=O)OCC1OC(O)C(O)C(O)C1O
F-1003,"(3,4,5,6-tetrahydroxyoxan-2-yl)methyl-n-nonylcarbamate",CCCCCCCCCNC(=O)OCC1OC(O)C(O)C(O)C1O
F-1004,6-O-(Decylcarbamoyl)hexopyranose,CCCCCCCCCCNC(=O)OCC1OC(O)C(O)C(O)C1O
F-1005,8-methyl-2-morpholin-4-yl-7-phenylmethoxychromen-4-one,Cc1c(OCc2ccccc2)ccc2c(=O)cc(N3CCOCC3)oc12
F-1006,8-methyl-2-morpholin-4-yl-7-(pyridin-2-ylmethoxy)chromen-4-one,Cc1c(OCc2ccccn2)ccc2c(=O)cc(N3CCOCC3)oc12
F-1010,"3,3-diethyl-1-(hydroxymethyl)piperidine-2,6-dione",CCC1(CC)CCC(=O)N(CO)C1=O
F-1011,"5,5-diethyl-1-(hydroxymethyl)-1,3-diazinane-2,4,6-trione",CCC1(CC)C(=O)NC(=O)N(CO)C1=O
F-1012,"2-[2-(2-aminopurin-9-yl)ethyl]propane-1,3-diol",Nc1ncc2ncn(CCC(CO)CO)c2n1
F-1013,"8-(4-hydroxybutyl)-4H-thieno[3,2-c][1]benzoxepin-10-one",O=C1c2cc(CCCCO)ccc2OCc2ccsc21
F-1015,N-naphthalen-2-yl-2-sulfanylacetamide,O=C(CS)Nc1ccc2ccccc2c1
F-1017,"5,5-di(ethenyl)-1,3-diazinane-2,4,6-trione",C=CC1(C=C)C(=O)NC(=O)NC1=O
F-1019,"5-ethenyl-5-propan-2-yl-1,3-diazinane-2,4,6-trione",C=CC1(C(C)C)C(=O)NC(=O)NC1=O
F-1020,"5-ethenyl-5-(2-methylpropyl)-1,3-diazinane-2,4,6-trione",C=CC1(CC(C)C)C(=O)NC(=O)NC1=O
F-1027,"(5-acetyloxy-11-carbamoyl-5,6-dihydrobenzo[b][1]benzazepin-6-yl) acetate",CC(=O)OC1c2ccccc2N(C(N)=O)c2ccccc2C1OC(C)=O
F-1028,Methyl N-(dichloroacetyl)threoninate,COC(=O)C(NC(=O)C(Cl)Cl)C(C)O
F-1029,"2-[(2,2-dichloroacetyl)amino]-3-hydroxypropanoic acid",O=C(NC(CO)C(=O)O)C(Cl)Cl
F-1053,ethyl 2-(6-methoxynaphthalen-2-yl)propanoate,CCOC(=O)C(C)c1ccc2cc(OC)ccc2c1
F-1054,propyl 2-(6-methoxynaphthalen-2-yl)propanoate,CCCOC(=O)C(C)c1ccc2cc(OC)ccc2c1
F-1055,butyl 2-(6-methoxynaphthalen-2-yl)propanoate,CCCCOC(=O)C(C)c1ccc2cc(OC)ccc2c1
F-1056,2-hydroxyethyl 2-(6-methoxynaphthalen-2-yl)propanoate,COc1ccc2cc(C(C)C(=O)OCCO)ccc2c1
F-1057,tert-butyl 2-(6-methoxynaphthalen-2-yl)propanoate,COc1ccc2cc(C(C)C(=O)OC(C)(C)C)ccc2c1
F-1058,pentyl 2-(6-methoxynaphthalen-2-yl)propanoate,CCCCCOC(=O)C(C)c1ccc2cc(OC)ccc2c1
F-1059,2-hydroxypropyl 2-(6-methoxynaphthalen-2-yl)propanoate,COc1ccc2cc(C(C)C(=O)OCC(C)O)ccc2c1
F-1060,3-hydroxypropyl 2-(6-methoxynaphthalen-2-yl)propanoate,COc1ccc2cc(C(C)C(=O)OCCCO)ccc2c1
F-1061,hexyl 2-(6-methoxynaphthalen-2-yl)propanoate,CCCCCCOC(=O)C(C)c1ccc2cc(OC)ccc2c1
F-1062,heptyl 2-(6-methoxynaphthalen-2-yl)propanoate,CCCCCCCOC(=O)C(C)c1ccc2cc(OC)ccc2c1
F-1063,2-oxopropyl 2-(6-methoxynaphthalen-2-yl)propanoate,COc1ccc2cc(C(C)C(=O)OCC(C)=O)ccc2c1
F-1064,hex-3-ynyl 2-(6-methoxynaphthalen-2-yl)propanoate,CCC#CCCOC(=O)C(C)c1ccc2cc(OC)ccc2c1
F-1065,"2,3-dihydroxypropyl 2-(6-methoxynaphthalen-2-yl)propanoate",COc1ccc2cc(C(C)C(=O)OCC(O)CO)ccc2c1
F-1066,(2-hydroxycyclohexyl) 2-(6-methoxynaphthalen-2-yl)propanoate,COc1ccc2cc(C(C)C(=O)OC3CCCCC3O)ccc2c1
F-1067,"[5-(1,2-dihydroxyethyl)-2,2-dimethyl-3~{a},5,6,6~{a}-tetrahydrofuro[2,3-d][1,3]dioxol-6-yl] octanoate",CCCCCCCC(=O)OC1C(C(O)CO)OC2OC(C)(C)OC21
F-1068,(2-oxocyclohexyl) 2-(6-methoxynaphthalen-2-yl)propanoate,COc1ccc2cc(C(C)C(=O)OC3CCCCC3=O)ccc2c1
F-1069,2-(6-Methoxy-2-naphthyl)propionic acid (e)-3-hexenyl ester,CCC=CCCOC(=O)C(C)c1ccc2cc(OC)ccc2c1
F-1070,"(6-hydroxy-2,3,3a,5,6,6a-hexahydrofuro[2,3-d]furan-3-yl) 2-(6-methoxynaphthalen-2-yl)propanoate",COc1ccc2cc(C(C)C(=O)OC3COC4C(O)COC34)ccc2c1
F-1071,"1,3-bis(4-ethoxyphenyl)urea",CCOc1ccc(NC(=O)Nc2ccc(OCC)cc2)cc1
F-1072,N-[4-chloro-2-(trifluoromethyl)phenyl]-1-imidazol-1-yl-2-propoxyethanimine,CCCOCC(=Nc1ccc(Cl)cc1C(F)(F)F)n1ccnc1
F-1073,"6-amino-3-methylfuro[3,2-g]chromen-7-one",Cc1coc2cc3oc(=O)c(N)cc3cc12
F-1074,"6-methoxy-3-methylfuro[3,2-g]chromen-7-one",COc1cc2cc3c(C)coc3cc2oc1=O
F-1075,"Methyl 3,9-dimethyl-7-oxo-7H-furo[3,2-g]chromene-6-carboxylate",COC(=O)c1cc2cc3c(C)coc3c(C)c2oc1=O
F-1077,"[2-(dimethylamino)-2-oxoethyl] 5-benzoyl-2,3-dihydro-1~{H}-pyrrolizine-1-carboxylate",CN(C)C(=O)COC(=O)C1CCn2c(C(=O)c3ccccc3)ccc21
F-1078,"methyl 5-[2-(2,5-dimethoxyphenyl)ethyl]-2-hydroxybenzoate",COC(=O)c1cc(CCc2cc(OC)ccc2OC)ccc1O
F-1079,9-allyl-2-anilino-purin-6-ol,C=CCn1cnc2c(=O)[nH]c(Nc3ccccc3)nc21
F-1080,7-(3-amino-2-ethylazetidin-1-yl)-1-cyclopropyl-6-fluoro-4-oxoquinoline-3-carboxylic acid,CCC1C(N)CN1c1cc2c(cc1F)c(=O)c(C(=O)O)cn2C1CC1
F-1081,1-cyclopropyl-6-fluoro-7-(2-methyl-3-methylaminoazetidin-1-yl)-4-oxoquinoline-3-carboxylic acid,CNC1CN(c2cc3c(cc2F)c(=O)c(C(=O)O)cn3C2CC2)C1C
F-1082,"7-(3-amino-2,3-dimethylazetidin-1-yl)-1-cyclopropyl-6-fluoro-4-oxoquinoline-3-carboxylic acid",CC1N(c2cc3c(cc2F)c(=O)c(C(=O)O)cn3C2CC2)CC1(C)N
F-1083,7-(3-amino-2-methylazetidin-1-yl)-8-chloro-1-cyclopropyl-6-fluoro-4-oxoquinoline-3-carboxylic acid,CC1C(N)CN1c1c(F)cc2c(=O)c(C(=O)O)cn(C3CC3)c2c1Cl
F-1084,"5-amino-7-(3-amino-2-methylazetidin-1-yl)-1-cyclopropyl-6,8-difluoro-4-oxoquinoline-3-carboxylic acid",CC1C(N)CN1c1c(F)c(N)c2c(=O)c(C(=O)O)cn(C3CC3)c2c1F
F-1085,"1-cyclopropyl-6,8-difluoro-7-(2-methyl-3-methylaminoazetidin-1-yl)-4-oxoquinoline-3-carboxylic acid",CNC1CN(c2c(F)cc3c(=O)c(C(=O)O)cn(C4CC4)c3c2F)C1C
F-1086,"7-(3-amino-2-ethylazetidin-1-yl)-1-cyclopropyl-6,8-difluoro-4-oxoquinoline-3-carboxylic acid",CCC1C(N)CN1c1c(F)cc2c(=O)c(C(=O)O)cn(C3CC3)c2c1F
F-1087,"7-(3-amino-2,3-dimethylazetidin-1-yl)-1-cyclopropyl-6,8-difluoro-4-oxoquinoline-3-carboxylic acid",CC1N(c2c(F)cc3c(=O)c(C(=O)O)cn(C4CC4)c3c2F)CC1(C)N
F-1088,7-(3-amino-2-methylazetidin-1-yl)-1-cyclopropyl-6-fluoro-4-oxoquinoline-3-carboxylic acid,CC1C(N)CN1c1cc2c(cc1F)c(=O)c(C(=O)O)cn2C1CC1
F-1089,"7-(3-amino-2-methylazetidin-1-yl)-1-cyclopropyl-6,8-difluoro-4-oxoquinoline-3-carboxylic acid",CC1C(N)CN1c1c(F)cc2c(=O)c(C(=O)O)cn(C3CC3)c2c1F
F-1090,3-Oxoandrost-4-en-17-yl 3-hydroxy-2-(hydroxymethyl)propanoate,CC12CCC(=O)C=C1CCC1C2CCC2(C)C(OC(=O)C(CO)CO)CCC12
F-1091,"2-[2-(furan-2-yl)benzimidazol-1-yl]-5-(hydroxymethyl)oxolane-3,4-diol",OCC1OC(n2c(-c3ccco3)nc3ccccc32)C(O)C1O
F-1092,"2-[2-(furan-2-yl)benzimidazol-1-yl]-6-(hydroxymethyl)oxane-3,4,5-triol",OCC1OC(n2c(-c3ccco3)nc3ccccc32)C(O)C(O)C1O
F-1093,"6-(hydroxymethyl)-4-octylsulfanyloxane-2,3,5-triol",CCCCCCCCSC1C(O)C(O)OC(CO)C1O
F-1094,3-(2-dimethylamino-2-iminoethyl)sulfanyl-6-(1-hydroxyethyl)-4-methyl-7-oxo-1-azabicyclo[3.2.0]hept-2-ene-2-carboxylic acid,CC(O)C1C(=O)N2C(C(=O)O)=C(SCC(=N)N(C)C)C(C)C12
F-1095,2-methyl-4-(2-methylphenyl)diazenylaniline,Cc1cc(N=Nc2ccccc2C)ccc1N
F-1096,"N,N-dimethyl-4-phenyldiazenylaniline",CN(C)c1ccc(N=Nc2ccccc2)cc1
F-1097,"3-methyl-3,4-dihydro-1H-1,4-benzodiazepine-2,5-dione",CC1NC(=O)c2ccccc2NC1=O
F-1099,"7-chloro-3,4-dihydro-1H-1,4-benzodiazepine-2,5-dione",O=C1CNC(=O)c2cc(Cl)ccc2N1
F-1100,"N-(3-bromophenyl)-1H-pyrimido[5,6-f]indazol-5-amine",Brc1cccc(Nc2ncnc3cc4[nH]ncc4cc23)c1
F-1102,"5-ethenyl-5-pentan-2-yl-1,3-diazinane-2,4,6-trione",C=CC1(C(C)CCC)C(=O)NC(=O)NC1=O
F-1103,"N-(3-bromophenyl)-8H-pyrrolo[3,2-g]quinazolin-4-amine",Brc1cccc(Nc2ncnc3cc4[nH]ccc4cc23)c1
F-1106,4-(4-dimethylaminophenyl)diazenylbenzenesulfonic acid,CN(C)c1ccc(N=Nc2ccc(S(=O)(=O)O)cc2)cc1
F-1110,4-(2-propylpentanoylamino)butanoic acid,CCCC(CCC)C(=O)NCCCC(=O)O
F-1112,"N-(3-bromophenyl)-8-methylpyrrolo[3,2-g]quinazolin-4-amine",Cn1ccc2cc3c(Nc4cccc(Br)c4)ncnc3cc21
F-1113,"N-(3-bromophenyl)-1-methylpyrazolo[4,5-g]quinazolin-5-amine",Cn1ncc2cc3c(Nc4cccc(Br)c4)ncnc3cc21
F-1114,"2-[4-[(3-bromophenyl)amino]pyrrolo[3,2-g]quinazolin-8-yl]acetic acid",O=C(O)Cn1ccc2cc3c(Nc4cccc(Br)c4)ncnc3cc21
F-1115,1-ethyl-1-(4-methoxyphenyl)urea,CCN(C(N)=O)c1ccc(OC)cc1
F-1118,"5-fluoro-1-(phenylmethyl)pyrimidine-2,4-dione",O=c1[nH]c(=O)n(Cc2ccccc2)cc1F
F-1119,"1-[2-(2,4-dichlorophenyl)-2-[(2,5-dichlorophenyl)methoxy]ethyl]imidazole",Clc1ccc(C(Cn2ccnc2)OCc2cc(Cl)ccc2Cl)c(Cl)c1
F-1120,"4,4a,8,8a-tetrahydro-[1,3]dioxino[4,5-e][1,3]dioxin-8-ylmethanol",OCC1OCOC2COCOC12
F-1125,[1-[(6-chloropyridin-3-yl)methyl]-3-methylimidazolidin-2-ylidene]cyanamide,CN1CCN(Cc2ccc(Cl)nc2)C1=NC#N
F-1127,"[1-[(6-chloropyridin-3-yl)methyl]-4,5-dihydroimidazol-2-yl]cyanamide",N#CN=C1NCCN1Cc1ccc(Cl)nc1
F-1129,"N,N-diethyl-2-(9H-[1,2,4]triazino[6,5-b]indol-3-ylsulfanyl)ethanamine",CCN(CC)CCSc1nnc2[nH]c3ccccc3c2n1
F-1130,"5-[2-(2-aminopurin-9-yl)ethyl]-1,3-dioxan-2-one",Nc1ncc2ncn(CCC3COC(=O)OC3)c2n1
F-1132,4-(4-methylsulfonylphenyl)-3-phenyl-5H-furan-2-one,CS(=O)(=O)c1ccc(C2=C(c3ccccc3)C(=O)OC2)cc1
F-1134,"5-(hydroxymethyl)-2-(trichloromethyl)-3~{a},5,6,6~{a}-tetrahydrofuro[2,3-d][1,3]dioxol-6-ol",OCC1OC2OC(C(Cl)(Cl)Cl)OC2C1O
F-1136,N-(6-methoxypyridin-3-yl)cyclopropanecarboxamide,COc1ccc(NC(=O)C2CC2)cn1
F-1137,4-chloro-2-(furan-2-ylmethylamino)-5-sulfamoylbenzoic acid,NS(=O)(=O)c1cc(C(=O)O)c(NCc2ccco2)cc1Cl
F-1138,1-[2-[(1-ethoxy-1-oxo-4-phenylbutan-2-yl)amino]propyl]pyrrolidine-2-carboxylic acid,CCOC(=O)C(CCc1ccccc1)NC(C)CN1CCCC1C(=O)O
F-1141,"2-(hydroxymethyl)-6-(2-naphthalen-1-ylethoxy)oxane-3,4,5-triol",OCC1OC(OCCc2cccc3ccccc23)C(O)C(O)C1O
F-1142,"5-ethyl-5-phenylimidazolidine-2,4-dione",CCC1(c2ccccc2)NC(=O)NC1=O
F-1143,"2-(phenoxy)oxane-3,4,5-triol",OC1COC(Oc2ccccc2)C(O)C1O
F-1144,"2-[(2,2-dimethyl-1,3-dioxolan-4-yl)methoxycarbonyl]benzoic acid",CC1(C)OCC(COC(=O)c2ccccc2C(=O)O)O1
F-1145,"4-(2-oxo-1,3,3~{a},4,5,6,7,7~{a}-octahydrobenzimidazol-4-yl)butanoic acid",O=C(O)CCCC1CCCC2NC(=O)NC12
F-1146,2-amino-3-(1H-indol-3-yl)propanoic acid,NC(Cc1c[nH]c2ccccc12)C(=O)O
F-1149,"3-methyl-1-(2,3,4,5-tetrahydroxypentyl)-3,4-dihydro-1,4-benzodiazepine-2,5-dione",CC1NC(=O)c2ccccc2N(CC(O)C(O)C(O)CO)C1=O
F-1150,"1-(2,3,4,5-tetrahydroxypentyl)-3,4-dihydro-1,4-benzodiazepine-2,5-dione",O=C1NCC(=O)N(CC(O)C(O)C(O)CO)c2ccccc21
F-1151,"2-methyl-5-(1,2,3,4-tetrahydroxybutyl)furan-3-carboxylic acid",Cc1oc(C(O)C(O)C(O)CO)cc1C(=O)O
F-1152,"2-(hydroxymethyl)-6-(phenoxy)oxane-3,4,5-triol",OCC1OC(Oc2ccccc2)C(O)C(O)C1O
F-1154,2-piperazin-1-ylethyl 2-(6-methoxynaphthalen-2-yl)propanoate,COc1ccc2cc(C(C)C(=O)OCCN3CCNCC3)ccc2c1
F-1155,2-(4-methylpiperazin-1-yl)ethyl 2-(6-methoxynaphthalen-2-yl)propanoate,COc1ccc2cc(C(C)C(=O)OCCN3CCN(C)CC3)ccc2c1
F-1156,Naproxen morpholinobutyl ester,COc1ccc2cc(C(C)C(=O)OCCCCN3CCOCC3)ccc2c1
F-1158,4-(4-methylpiperazin-1-yl)butyl 2-(6-methoxynaphthalen-2-yl)propanoate,COc1ccc2cc(C(C)C(=O)OCCCCN3CCN(C)CC3)ccc2c1
F-1159,"6a,7,8,9-tetrahydro-5H-pyrrolo[2,1-c][1,4]benzodiazepine-6,11-dione",O=C1Nc2ccccc2C(=O)N2CCCC12
F-1160,"2-chloro-6a,7,8,9-tetrahydro-5H-pyrrolo[2,1-c][1,4]benzodiazepine-6,11-dione",O=C1Nc2ccc(Cl)cc2C(=O)N2CCCC12
F-1162,"8-hydroxy-6a,7,8,9-tetrahydro-5H-pyrrolo[2,1-c][1,4]benzodiazepine-6,11-dione",O=C1Nc2ccccc2C(=O)N2CC(O)CC12
F-1164,2-acetamido-3-(1H-indol-3-yl)propanoic acid,CC(=O)NC(Cc1c[nH]c2ccccc12)C(=O)O
F-1165,"Eburnamenine-14-carboxylic acid, ethyl ester, (3alpha,16alpha)-",CCOC(=O)C1=CC2(CC)CCCN3CCc4c(n1c1ccccc41)C32
F-1167,"4-[[4-(5-phenyl-1,3-oxazol-2-yl)phenyl]methyl]morpholine",c1ccc(-c2cnc(-c3ccc(CN4CCOCC4)cc3)o2)cc1
F-1169,"(3,6-dihydroxy-1-methyl-2,3-dihydroindol-5-yl)iminourea",CN1CC(O)C2=CC(=NNC(N)=O)C(=O)C=C21
F-1171,4-dimethylaminodiazenylbenzoic acid,CN(C)N=Nc1ccc(C(=O)O)cc1
F-1172,2-[[2-amino-3-(1H-indol-3-yl)propanoyl]amino]acetic acid,NC(Cc1c[nH]c2ccccc12)C(=O)NCC(=O)O
F-1173,4-amino-1-[4-fluoro-5-(hydroxymethyl)oxolan-2-yl]pyrimidin-2-one,Nc1ccn(C2CC(F)C(CO)O2)c(=O)n1
F-1174,2-chloro-4-[(4-hydroxyphenyl)diazenyl]benzoic acid,O=C(O)c1ccc(N=Nc2ccc(O)cc2)cc1Cl
F-1176,6-[Hydroxy(4-quinolinyl)methyl]quinuclidine-3-carboxylic acid,O=C(O)C1CN2CCC1CC2C(O)c1ccnc2ccccc12
F-1178,"N-(3-bromophenyl)-7-(methoxymethyl)-7,8-dihydro-[1,4]dioxino[3,2-g]quinazolin-4-amine",COCC1COc2cc3ncnc(Nc4cccc(Br)c4)c3cc2O1
F-1179,"(1,5,8a-trimethyl-2,8-dioxo-3a,4,5,5a,9,9a-hexahydro-1H-azuleno[6,5-b]furan-9-yl) acetate",CC(=O)OC1C2C(CC(C)C3C=CC(=O)C31C)OC(=O)C2C
F-1180,"N-(3-iodophenyl)-7-(methoxymethyl)-7,8-dihydro-[1,4]dioxino[3,2-g]quinazolin-4-amine",COCC1COc2cc3ncnc(Nc4cccc(I)c4)c3cc2O1
F-1182,1-[(2-carboxy-5-oxopyrrolidin-1-yl)methyl]-5-oxopyrrolidine-2-carboxylic acid,O=C(O)C1CCC(=O)N1CN1C(=O)CCC1C(=O)O
F-1183,"2-[4-[(4-methoxyphenyl)methyl]-2,5-dioxoimidazolidin-1-yl]propanoic acid",COc1ccc(CC2NC(=O)N(C(C)C(=O)O)C2=O)cc1
F-1184,2-[(4-fluorophenyl)sulfonylamino]-~{N}-(2-hydroxyoxolan-3-yl)-3-methylbutanamide,CC(C)C(NS(=O)(=O)c1ccc(F)cc1)C(=O)NC1CCOC1O
F-1185,N-(2-hydroxyoxolan-3-yl)-4-methyl-2-(phenylcarbamothioylamino)pentanamide,CC(C)CC(NC(=S)Nc1ccccc1)C(=O)NC1CCOC1O
F-1186,"7-chloro-3',4,6-trimethoxy-5'-methylspiro[1-benzofuran-2,6'-cyclohex-2-ene]-1',3-dione",COC1=CC(=O)C2(Oc3c(Cl)c(OC)cc(OC)c3C2=O)C(C)C1
F-1187,2-[(2-amino-4-methylpentanoyl)amino]-3-(1H-indol-3-yl)propanoic acid,CC(C)CC(N)C(=O)NC(Cc1c[nH]c2ccccc12)C(=O)O
F-1188,6-[Hydroxy(6-methoxy-4-quinolinyl)methyl]quinuclidine-3-carboxylic acid,COc1ccc2nccc(C(O)C3CC4CCN3CC4C(=O)O)c2c1
F-1189,"7-Chloro-2',4'-dihydroxy-4,6-dimethoxy-6'-methyl-3H-spiro[1-benzofuran-2,1'-cyclohexan]-3-one",COc1cc(OC)c2c(c1Cl)OC1(C2=O)C(C)CC(O)CC1O
F-1191,"4-(3,14-dihydroxy-10,13-dimethyl-1,2,3,4,5,6,7,8,9,11,12,15,16,17-tetradecahydrocyclopenta[a]phenanthren-17-yl)-5H-furan-2-one",CC12CCC(O)CC1CCC1C2CCC2(C)C(C3=CC(=O)OC3)CCC12O
F-1195,"14-hydroxy-8,16-diazahexacyclo[11.5.2.1^{1,8}.0^{2,7}.0^{16,19}.0^{12,21}]henicosa-2,4,6,10-tetraene-9,15-dione",O=C1C(O)C2CC3N1CCC31c3ccccc3N3C(=O)C=CC2C31
F-1196,4-[(4-hydroxyphenyl)diazenyl]benzoic acid,O=C(O)c1ccc(N=Nc2ccc(O)cc2)cc1
F-1198,"1-(1-phenylpyrazolo[4,5-b]quinoxalin-3-yl)propane-1,2,3-triol",OCC(O)C(O)c1nn(-c2ccccc2)c2nc3ccccc3nc12
F-1199,"3,3-dimethyl-7-oxo-6-[[2-(phenoxy)acetyl]amino]-4-thia-1-azabicyclo[3.2.0]heptane-2-carboxylic acid",CC1(C)SC2C(NC(=O)COc3ccccc3)C(=O)N2C1C(=O)O
F-1201,6-hydroxy-5-(phenylmethyl)-2-propan-2-ylmorpholin-3-one,CC(C)C1OC(O)C(Cc2ccccc2)NC1=O
F-1202,6-hydroxy-2-(2-methylpropyl)-5-(phenylmethyl)morpholin-3-one,CC(C)CC1OC(O)C(Cc2ccccc2)NC1=O
F-1204,"benzene-1,4-dicarbohydrazide",NNC(=O)c1ccc(C(=O)NN)cc1
F-1205,2-amino-2-phenyl-N-(1-phenylethyl)acetamide,CC(NC(=O)C(N)c1ccccc1)c1ccccc1
F-1206,"5-chloro-6-(pyrrolidin-1-ylmethyl)-1H-pyrimidine-2,4-dione",O=c1[nH]c(CN2CCCC2)c(Cl)c(=O)[nH]1
F-1207,"5-bromo-6-(pyrrolidin-1-ylmethyl)-1H-pyrimidine-2,4-dione",O=c1[nH]c(CN2CCCC2)c(Br)c(=O)[nH]1
F-1209,N-methyl-3-phenyl-3-[4-(trifluoromethyl)phenoxy]propan-1-amine,CNCCC(Oc1ccc(C(F)(F)F)cc1)c1ccccc1
F-1210,"2,4,5-trihydroxy-2-(hydroxymethyl)pentanoic acid",O=C(O)C(O)(CO)CC(O)CO
H-11,Androstanedione,CC12CCCC1C1CCC3CC(=O)C(=O)CC3(C)C1CC2
H-25,Betamethasone,CCC(=O)OCC(=O)C1(OC(=O)CC)C(C)CC2C3CCC4=CC(=O)C=CC4(C)C3(F)C(O)CC21C
H-94,Decachlorodiphenyl ether,Clc1c(Cl)c(Cl)c(Oc2c(Cl)c(Cl)c(Cl)c(Cl)c2Cl)c(Cl)c1Cl
H-102,"4,4'-Dibromobiphenyl",Brc1ccc(-c2ccc(Br)cc2)cc1
H-130,Dichlorodifluoromethane,FC(F)(Cl)Cl
H-137,"2,2'-Dichloroethyl ether",ClC(Cl)COCC(Cl)Cl
H-178,"1,4-Dipentadiene",C=CC=C(C)C=CC=CC
H-215,"2,2',3,4',5,5',6-Heptachlorobiphenyl",Clc1cc(Cl)c(-c2c(Cl)c(Cl)cc(Cl)c2Cl)cc1Cl
H-219,"2,2',3,3',4,4',5-Heptachlorodiphenyl ether",Clc1ccc(Oc2cc(Cl)c(Cl)c(Cl)c2Cl)c(Cl)c1Cl
H-231,Hexachlorobenzene,Clc1c(Cl)c(Cl)c(Cl)c(Cl)c1Cl
H-232,"2,2',4,4',5,5'-Hexachlorobiphenyl",Clc1cc(Cl)c(Cl)c(-c2cc(Cl)cc(Cl)c2Cl)c1
H-245,"1,2,3,4,7,8-Hexachlorodibenzofuran",Clc1cc2oc3c(Cl)c(Cl)c(Cl)c(Cl)c3c2cc1Cl
H-268,11-a-Hydroxyprogesterone,CC(=O)C1CCC2C3CCC4=CC(=O)CC(O)C4(C)C3CCC12C
H-315,Methyl chloride,CCl
H-391,1-Mentanol,CC(C)C1(C)CCCC(O)C1
H-392,2-Mentanol,CC(C)C1C(C)CCCC1O
H-393,3-Mentanol,CC1CCCC(O)(C(C)C)C1
H-419,Propyzamide,CCC(N)=O
H-426,"2,2',5,5'-Tetrabromobiphenyl",Brc1ccc(Br)c(-c2cc(Br)ccc2Br)c1
H-427,"1,1,2,2-Tetrabromoethane",BrC(Br)C(Br)Br
H-430,"2,4,5,6-Tetrachloroanisole",COc1c(Cl)cc(Cl)c(Cl)c1Cl
H-434,"2,2',4,6'-Tetrachlorobenzyl 3-toluene",Cc1c(Cl)ccc(Cc2c(Cl)cccc2Cl)c1Cl
H-435,"2,2',4,4'-Tetrachlorobenzyl 3-toluene",Cc1c(Cl)ccc(Cc2ccc(Cl)cc2Cl)c1Cl
H-436,"2,2',5,5'-Tetrachlorobenzyl 4-toluene",Cc1cc(Cl)c(Cc2cc(Cl)ccc2Cl)cc1Cl
H-437,"2,2',4,6'-Tetrachlorobenzyl 5-toluene",Cc1cc(Cc2c(Cl)cccc2Cl)c(Cl)cc1Cl
H-438,"2,2',4,4'-Tetrachlorobenzyl 5-toluene",Cc1cc(Cc2ccc(Cl)cc2Cl)c(Cl)cc1Cl
H-439,"2,3,4,4'-Tetrachlorobenzyl 5-toluene",Cc1cc(Cc2ccc(Cl)cc2)c(Cl)c(Cl)c1Cl
H-440,"2,3,4,6'-Tetrachlorobenzyl 6-toluene",Cc1cc(Cl)c(Cl)c(Cl)c1Cc1ccccc1Cl
H-441,"2,3,4,4'-Tetrachlorobenzyl 6-toluene",Cc1cc(Cl)c(Cl)c(Cl)c1Cc1ccc(Cl)cc1
H-447,"3,3',4,4'-Tetrachlorobiphenyl",Clc1ccc(-c2ccc(Cl)c(Cl)c2)cc1Cl
H-450,"2,4,4',6-Tetrachlorobiphenyl",Clc1ccc(-c2c(Cl)cc(Cl)cc2Cl)cc1
H-453,"1,2,3,4-Tetrachlorodibenzo-p-dioxin",Clc1c(Cl)c(Cl)c2c(c1Cl)Oc1ccccc1O2
H-475,"2,4,6-Tribromobiphenyl",Brc1cc(Br)c(-c2ccccc2)c(Br)c1
H-479,"2,4,6-Trichloroanisole",COc1c(Cl)cc(Cl)cc1Cl
H-491,"1,2,4-Trichlorodibenzo-p-dioxin",Clc1cc(Cl)c2c(c1Cl)Oc1ccccc1O2
H-499,"1,1,2-Trichlorofluoroethane",FC(Cl)(Cl)CCl
H-514,Vernolate,CCCSC(=O)N(CCC)CCC
H-516,"1,1,3,4,4-Pentachloro-1,2-Butadiene",ClC(Cl)=C=C(Cl)C(Cl)Cl
H-517,"2,2',3,3',4,4',5,5',6'-Nonachlorodiphenyl ether",Clc1cc(Oc2c(Cl)c(Cl)c(Cl)c(Cl)c2Cl)c(Cl)c(Cl)c1Cl
H-519,"2,2',4,5'-Tetrachlorobenzyl-5 toluene",Cc1cc(Cc2cc(Cl)ccc2Cl)c(Cl)cc1Cl
H-548,o-dibutylphthalate,CCCCc1ccc(C(=O)O)c(C(=O)O)c1CCCC
H-572,Perthane,CCc1ccc(C(c2ccc(CC)cc2)C(Cl)Cl)cc1
I-2,2_amino_5_bromobenzoic_acid,Nc1ccc(Br)cc1C(=O)O
I-4,5_bromo_2_4_dihydroxybenzoic_acid,O=C(O)c1cc(Br)c(O)cc1O
I-9,amitryptyline,CN(C)CCC=C1c2ccccc2CCc2ccccc21
I-10,amodiaquine,CCN(CC)Cc1cc(Nc2ccnc3cc(Cl)ccc23)ccc1O
I-13,benzylimidazole,c1ccc(Cn2ccnc2)cc1
I-14,bromogramine,CN(C)Cc1c[nH]c2ccc(Br)cc12
I-17,carvedilol,COc1ccccc1OCCNCC(O)COc1cccc2[nH]c3ccccc3c12
I-19,chlorpheniramine,CN(C)CC[C@@H](c1ccc(Cl)cc1)c1ccccn1
I-20,chlorpromazine,CN(C)CCCN1c2ccccc2Sc2ccc(Cl)cc21
I-21,chlorpropamide,CCCNC(=O)NS(=O)(=O)c1ccc(Cl)cc1
I-26,ciprofloxacin,O=C(O)c1cn(C2CC2)c2cc(N3CCNCC3)c(F)cc2c1=O
I-28,deprenyl,C#CCN(C)[C@H](C)Cc1ccccc1
I-34,diphenydramine,CN(C)CCOC(c1ccccc1)c1ccccc1
I-37,famotidine,NC(N)=Nc1nc(CSCC/C(N)=N\S(N)(=O)=O)cs1
I-38,fenoprofen,CC(C(=O)O)c1cccc(Oc2ccccc2)c1
I-42,glipizide,Cc1cnc(C(=O)NCCc2ccc(S(=O)(=O)NC(=O)NC3CCCCC3)cc2)cn1
I-45,hydroflumethiazide,NS(=O)(=O)c1cc2c(cc1C(F)(F)F)NCNS2(=O)=O
I-54,nalidixic_acid,CCn1cc(C(=O)O)c(=O)c2ccc(C)nc21
I-60,nortriptiline,CNCCC=C1c2ccccc2CCc2ccccc21
I-63,papaverine,COc1ccc(Cc2nccc3cc(OC)c(OC)cc23)cc1OC
I-70,pindolol,CC(C)NCC(O)COc1cccc2[nH]ccc12
I-72,procaine,CCN(CC)CCOC(=O)c1ccc(N)cc1
I-76,sarafloxacin,O=C(O)c1cn(-c2ccc(F)cc2)c2cc(N3CCNCC3)c(F)cc2c1=O
I-79,sulfamethazine,Cc1cc(C)nc(NS(=O)(=O)c2ccc(N)cc2)n1
I-84,tetracaine,CCCCNc1ccc(C(=O)OCCN(C)C)cc1
I-93,verapamil,COc1ccc(CCN(C)CCCC(C#N)(c2ccc(OC)c(OC)c2)C(C)C)cc1OC
